Method,n_star_ratio,MAE,time_s
Neural-ECF[argmax],0.7,0,1.0438477993011475
Neural-ECF[peaks],0.7,0,1.0438477993011475
MIDAST[KS],0.7,0,3.2265758514404297
Neural-ECF[argmax],0.7,40,1.0083026885986328
Neural-ECF[peaks],0.7,40,1.0083026885986328
MIDAST[KS],0.7,0,3.211026191711426
Neural-ECF[argmax],0.7,0,1.0094478130340576
Neural-ECF[peaks],0.7,0,1.0094478130340576
MIDAST[KS],0.7,0,3.1655452251434326
Neural-ECF[argmax],0.7,5,1.0269920825958252
Neural-ECF[peaks],0.7,5,1.0269920825958252
MIDAST[KS],0.7,0,3.2440481185913086
Neural-ECF[argmax],0.7,10,1.0729591846466064
Neural-ECF[peaks],0.7,10,1.0729591846466064
MIDAST[KS],0.7,0,3.174015998840332
Neural-ECF[argmax],0.7,15,1.017991065979004
Neural-ECF[peaks],0.7,15,1.017991065979004
MIDAST[KS],0.7,0,3.1634230613708496
Neural-ECF[argmax],0.7,0,1.0111150741577148
Neural-ECF[peaks],0.7,0,1.0111150741577148
MIDAST[KS],0.7,0,3.166710138320923
Neural-ECF[argmax],0.7,0,1.0093560218811035
Neural-ECF[peaks],0.7,0,1.0093560218811035
MIDAST[KS],0.7,0,3.1789698600769043
Neural-ECF[argmax],0.7,45,1.0279960632324219
Neural-ECF[peaks],0.7,45,1.0279960632324219
MIDAST[KS],0.7,0,3.1905558109283447
Neural-ECF[argmax],0.7,5,0.9703259468078613
Neural-ECF[peaks],0.7,5,0.9703259468078613
MIDAST[KS],0.7,0,3.4317541122436523
Neural-ECF[argmax],0.7,15,0.8138160705566406
Neural-ECF[peaks],0.7,15,0.8138160705566406
MIDAST[KS],0.7,0,3.185148000717163
Neural-ECF[argmax],0.7,0,1.0223710536956787
Neural-ECF[peaks],0.7,0,1.0223710536956787
MIDAST[KS],0.7,0,3.1803860664367676
Neural-ECF[argmax],0.7,0,0.9815011024475098
Neural-ECF[peaks],0.7,0,0.9815011024475098
MIDAST[KS],0.7,0,3.253843069076538
Neural-ECF[argmax],0.7,0,0.9884078502655029
Neural-ECF[peaks],0.7,0,0.9884078502655029
MIDAST[KS],0.7,0,3.141716957092285
Neural-ECF[argmax],0.7,0,1.002506971359253
Neural-ECF[peaks],0.7,0,1.002506971359253
MIDAST[KS],0.7,0,3.1967198848724365
Neural-ECF[argmax],0.7,5,1.0228948593139648
Neural-ECF[peaks],0.7,5,1.0228948593139648
MIDAST[KS],0.7,0,3.20328688621521
Neural-ECF[argmax],0.7,0,0.9950978755950928
Neural-ECF[peaks],0.7,0,0.9950978755950928
MIDAST[KS],0.7,0,3.1360390186309814
Neural-ECF[argmax],0.7,0,0.9744551181793213
Neural-ECF[peaks],0.7,0,0.9744551181793213
MIDAST[KS],0.7,0,3.1503818035125732
Neural-ECF[argmax],0.7,0,1.0069539546966553
Neural-ECF[peaks],0.7,0,1.0069539546966553
MIDAST[KS],0.7,0,3.1992549896240234
Neural-ECF[argmax],0.7,10,0.9876911640167236
Neural-ECF[peaks],0.7,10,0.9876911640167236
MIDAST[KS],0.7,0,3.2323877811431885
Neural-ECF[argmax],0.7,20,1.0019891262054443
Neural-ECF[peaks],0.7,20,1.0019891262054443
MIDAST[KS],0.7,0,3.1131348609924316
Neural-ECF[argmax],0.7,0,0.9943990707397461
Neural-ECF[peaks],0.7,0,0.9943990707397461
MIDAST[KS],0.7,0,3.2041232585906982
Neural-ECF[argmax],0.7,55,0.9907269477844238
Neural-ECF[peaks],0.7,55,0.9907269477844238
MIDAST[KS],0.7,0,3.162313222885132
Neural-ECF[argmax],0.7,30,0.9639520645141602
Neural-ECF[peaks],0.7,30,0.9639520645141602
MIDAST[KS],0.7,0,3.1748547554016113
Neural-ECF[argmax],0.7,30,0.9958670139312744
Neural-ECF[peaks],0.7,30,0.9958670139312744
MIDAST[KS],0.7,0,3.161106824874878
Neural-ECF[argmax],0.7,30,0.9900071620941162
Neural-ECF[peaks],0.7,30,0.9900071620941162
MIDAST[KS],0.7,0,3.0975048542022705
Neural-ECF[argmax],0.7,0,0.9941267967224121
Neural-ECF[peaks],0.7,0,0.9941267967224121
MIDAST[KS],0.7,0,3.1254019737243652
Neural-ECF[argmax],0.7,0,0.9887948036193848
Neural-ECF[peaks],0.7,0,0.9887948036193848
MIDAST[KS],0.7,0,3.188338041305542
Neural-ECF[argmax],0.7,0,1.0142021179199219
Neural-ECF[peaks],0.7,0,1.0142021179199219
MIDAST[KS],0.7,0,3.1447670459747314
Neural-ECF[argmax],0.7,15,0.9679872989654541
Neural-ECF[peaks],0.7,15,0.9679872989654541
MIDAST[KS],0.7,0,3.1428310871124268
Neural-ECF[argmax],0.7,0,1.0091300010681152
Neural-ECF[peaks],0.7,0,1.0091300010681152
MIDAST[KS],0.7,0,3.163400888442993
Neural-ECF[argmax],0.7,0,0.9730472564697266
Neural-ECF[peaks],0.7,0,0.9730472564697266
MIDAST[KS],0.7,0,3.076201915740967
Neural-ECF[argmax],0.7,0,0.9763846397399902
Neural-ECF[peaks],0.7,0,0.9763846397399902
MIDAST[KS],0.7,0,3.1000850200653076
Neural-ECF[argmax],0.7,50,0.976142168045044
Neural-ECF[peaks],0.7,50,0.976142168045044
MIDAST[KS],0.7,0,3.1030590534210205
Neural-ECF[argmax],0.7,0,0.9691898822784424
Neural-ECF[peaks],0.7,0,0.9691898822784424
MIDAST[KS],0.7,0,3.179344892501831
Neural-ECF[argmax],0.7,0,0.9646320343017578
Neural-ECF[peaks],0.7,0,0.9646320343017578
MIDAST[KS],0.7,0,3.139268159866333
Neural-ECF[argmax],0.7,5,1.0032918453216553
Neural-ECF[peaks],0.7,5,1.0032918453216553
MIDAST[KS],0.7,0,3.1342098712921143
Neural-ECF[argmax],0.7,0,0.9794869422912598
Neural-ECF[peaks],0.7,0,0.9794869422912598
MIDAST[KS],0.7,0,3.158890962600708
Neural-ECF[argmax],0.7,0,0.9619667530059814
Neural-ECF[peaks],0.7,0,0.9619667530059814
MIDAST[KS],0.7,0,3.1883599758148193
Neural-ECF[argmax],0.7,0,0.9683139324188232
Neural-ECF[peaks],0.7,0,0.9683139324188232
MIDAST[KS],0.7,0,3.1075592041015625
Neural-ECF[argmax],0.7,0,1.01615309715271
Neural-ECF[peaks],0.7,0,1.01615309715271
MIDAST[KS],0.7,0,3.079068899154663
Neural-ECF[argmax],0.7,10,1.0035409927368164
Neural-ECF[peaks],0.7,10,1.0035409927368164
MIDAST[KS],0.7,0,3.089087963104248
Neural-ECF[argmax],0.7,0,0.9916160106658936
Neural-ECF[peaks],0.7,0,0.9916160106658936
MIDAST[KS],0.7,0,3.0733766555786133
Neural-ECF[argmax],0.7,0,0.981273889541626
Neural-ECF[peaks],0.7,0,0.981273889541626
MIDAST[KS],0.7,0,3.1409809589385986
Neural-ECF[argmax],0.7,70,0.983212947845459
Neural-ECF[peaks],0.7,70,0.983212947845459
MIDAST[KS],0.7,0,3.2078962326049805
Neural-ECF[argmax],0.7,5,0.9850099086761475
Neural-ECF[peaks],0.7,5,0.9850099086761475
MIDAST[KS],0.7,0,3.0981228351593018
Neural-ECF[argmax],0.7,0,0.9643073081970215
Neural-ECF[peaks],0.7,0,0.9643073081970215
MIDAST[KS],0.7,0,3.095430850982666
Neural-ECF[argmax],0.7,0,0.9674711227416992
Neural-ECF[peaks],0.7,0,0.9674711227416992
MIDAST[KS],0.7,0,3.0838000774383545
Neural-ECF[argmax],0.7,0,0.9956269264221191
Neural-ECF[peaks],0.7,0,0.9956269264221191
MIDAST[KS],0.7,0,3.130885124206543
Neural-ECF[argmax],0.7,10,0.9593808650970459
Neural-ECF[peaks],0.7,10,0.9593808650970459
MIDAST[KS],0.7,0,3.116666078567505
Neural-ECF[argmax],0.7,0,0.9444952011108398
Neural-ECF[peaks],0.7,0,0.9444952011108398
MIDAST[KS],0.7,0,3.163106679916382
Neural-ECF[argmax],0.7,0,0.9665651321411133
Neural-ECF[peaks],0.7,0,0.9665651321411133
MIDAST[KS],0.7,0,3.0660369396209717
Neural-ECF[argmax],0.7,0,0.972175121307373
Neural-ECF[peaks],0.7,0,0.972175121307373
MIDAST[KS],0.7,0,3.2528700828552246
Neural-ECF[argmax],0.7,0,1.0302770137786865
Neural-ECF[peaks],0.7,0,1.0302770137786865
MIDAST[KS],0.7,0,3.112338066101074
Neural-ECF[argmax],0.7,0,0.9844448566436768
Neural-ECF[peaks],0.7,0,0.9844448566436768
MIDAST[KS],0.7,0,3.1725399494171143
Neural-ECF[argmax],0.7,5,0.9565038681030273
Neural-ECF[peaks],0.7,5,0.9565038681030273
MIDAST[KS],0.7,0,3.166342258453369
Neural-ECF[argmax],0.7,0,1.0038869380950928
Neural-ECF[peaks],0.7,0,1.0038869380950928
MIDAST[KS],0.7,0,3.078929901123047
Neural-ECF[argmax],0.7,5,0.9764330387115479
Neural-ECF[peaks],0.7,5,0.9764330387115479
MIDAST[KS],0.7,0,3.1197738647460938
Neural-ECF[argmax],0.7,0,0.9725911617279053
Neural-ECF[peaks],0.7,0,0.9725911617279053
MIDAST[KS],0.7,0,3.1088879108428955
Neural-ECF[argmax],0.7,0,0.9821460247039795
Neural-ECF[peaks],0.7,0,0.9821460247039795
MIDAST[KS],0.7,0,3.1124510765075684
Neural-ECF[argmax],0.7,5,1.027143955230713
Neural-ECF[peaks],0.7,5,1.027143955230713
MIDAST[KS],0.7,0,3.1446831226348877
Neural-ECF[argmax],0.7,5,0.9764280319213867
Neural-ECF[peaks],0.7,5,0.9764280319213867
MIDAST[KS],0.7,0,3.1605210304260254
Neural-ECF[argmax],0.7,0,0.995211124420166
Neural-ECF[peaks],0.7,0,0.995211124420166
MIDAST[KS],0.7,0,3.065229654312134
Neural-ECF[argmax],0.7,50,0.9918339252471924
Neural-ECF[peaks],0.7,50,0.9918339252471924
MIDAST[KS],0.7,0,3.141392707824707
Neural-ECF[argmax],0.7,0,1.0075139999389648
Neural-ECF[peaks],0.7,0,1.0075139999389648
MIDAST[KS],0.7,0,3.1225321292877197
Neural-ECF[argmax],0.7,5,0.9945628643035889
Neural-ECF[peaks],0.7,5,0.9945628643035889
MIDAST[KS],0.7,0,3.183413028717041
Neural-ECF[argmax],0.7,20,1.010056972503662
Neural-ECF[peaks],0.7,20,1.010056972503662
MIDAST[KS],0.7,0,3.0941829681396484
Neural-ECF[argmax],0.7,40,0.9802761077880859
Neural-ECF[peaks],0.7,40,0.9802761077880859
MIDAST[KS],0.7,0,3.270033121109009
Neural-ECF[argmax],0.7,0,0.9987871646881104
Neural-ECF[peaks],0.7,0,0.9987871646881104
MIDAST[KS],0.7,0,3.179939031600952
Neural-ECF[argmax],0.7,0,0.9808950424194336
Neural-ECF[peaks],0.7,0,0.9808950424194336
MIDAST[KS],0.7,0,3.126600980758667
Neural-ECF[argmax],0.7,0,0.954941987991333
Neural-ECF[peaks],0.7,0,0.954941987991333
MIDAST[KS],0.7,0,3.1520791053771973
Neural-ECF[argmax],0.7,15,0.9697399139404297
Neural-ECF[peaks],0.7,15,0.9697399139404297
MIDAST[KS],0.7,0,3.1994810104370117
Neural-ECF[argmax],0.7,15,0.9924221038818359
Neural-ECF[peaks],0.7,15,0.9924221038818359
MIDAST[KS],0.7,0,3.159714937210083
Neural-ECF[argmax],0.7,35,0.9975371360778809
Neural-ECF[peaks],0.7,35,0.9975371360778809
MIDAST[KS],0.7,0,3.0880439281463623
Neural-ECF[argmax],0.7,15,0.9567217826843262
Neural-ECF[peaks],0.7,15,0.9567217826843262
MIDAST[KS],0.7,0,3.1544649600982666
Neural-ECF[argmax],0.7,0,1.0018670558929443
Neural-ECF[peaks],0.7,0,1.0018670558929443
MIDAST[KS],0.7,0,3.1879379749298096
Neural-ECF[argmax],0.7,5,1.033466100692749
Neural-ECF[peaks],0.7,5,1.033466100692749
MIDAST[KS],0.7,0,3.203688859939575
Neural-ECF[argmax],0.7,30,0.9880502223968506
Neural-ECF[peaks],0.7,30,0.9880502223968506
MIDAST[KS],0.7,0,3.189659833908081
Neural-ECF[argmax],0.7,10,0.9827530384063721
Neural-ECF[peaks],0.7,10,0.9827530384063721
MIDAST[KS],0.7,0,3.1051230430603027
Neural-ECF[argmax],0.7,15,0.981931209564209
Neural-ECF[peaks],0.7,15,0.981931209564209
MIDAST[KS],0.7,0,3.0966341495513916
Neural-ECF[argmax],0.7,0,1.022143840789795
Neural-ECF[peaks],0.7,0,1.022143840789795
MIDAST[KS],0.7,0,3.1608190536499023
Neural-ECF[argmax],0.7,0,0.9625790119171143
Neural-ECF[peaks],0.7,0,0.9625790119171143
MIDAST[KS],0.7,0,3.180279016494751
Neural-ECF[argmax],0.7,0,1.0253169536590576
Neural-ECF[peaks],0.7,0,1.0253169536590576
MIDAST[KS],0.7,0,3.1023120880126953
Neural-ECF[argmax],0.7,0,0.9950542449951172
Neural-ECF[peaks],0.7,0,0.9950542449951172
MIDAST[KS],0.7,0,3.127457857131958
Neural-ECF[argmax],0.7,25,0.9973371028900146
Neural-ECF[peaks],0.7,25,0.9973371028900146
MIDAST[KS],0.7,0,3.1145730018615723
Neural-ECF[argmax],0.7,0,1.0125958919525146
Neural-ECF[peaks],0.7,0,1.0125958919525146
MIDAST[KS],0.7,0,3.1335113048553467
Neural-ECF[argmax],0.7,35,0.9943437576293945
Neural-ECF[peaks],0.7,35,0.9943437576293945
MIDAST[KS],0.7,0,3.074119806289673
Neural-ECF[argmax],0.7,75,0.993602991104126
Neural-ECF[peaks],0.7,75,0.993602991104126
MIDAST[KS],0.7,0,3.1997199058532715
Neural-ECF[argmax],0.7,5,0.9618606567382812
Neural-ECF[peaks],0.7,5,0.9618606567382812
MIDAST[KS],0.7,0,3.1484858989715576
Neural-ECF[argmax],0.7,0,1.022810935974121
Neural-ECF[peaks],0.7,0,1.022810935974121
MIDAST[KS],0.7,0,3.1335721015930176
Neural-ECF[argmax],0.7,0,0.9942889213562012
Neural-ECF[peaks],0.7,0,0.9942889213562012
MIDAST[KS],0.7,0,3.194551944732666
Neural-ECF[argmax],0.7,0,1.00447678565979
Neural-ECF[peaks],0.7,0,1.00447678565979
MIDAST[KS],0.7,0,3.1789960861206055
Neural-ECF[argmax],0.7,0,0.9593019485473633
Neural-ECF[peaks],0.7,0,0.9593019485473633
MIDAST[KS],0.7,0,3.0790820121765137
Neural-ECF[argmax],0.7,0,0.9926097393035889
Neural-ECF[peaks],0.7,0,0.9926097393035889
MIDAST[KS],0.7,0,3.175539016723633
Neural-ECF[argmax],0.7,0,0.990494966506958
Neural-ECF[peaks],0.7,0,0.990494966506958
MIDAST[KS],0.7,0,3.202280044555664
Neural-ECF[argmax],0.7,5,0.9933488368988037
Neural-ECF[peaks],0.7,5,0.9933488368988037
MIDAST[KS],0.7,0,3.2126219272613525
Neural-ECF[argmax],0.7,0,0.9602952003479004
Neural-ECF[peaks],0.7,0,0.9602952003479004
MIDAST[KS],0.7,0,3.228893995285034
Neural-ECF[argmax],0.7,0,1.0079128742218018
Neural-ECF[peaks],0.7,0,1.0079128742218018
MIDAST[KS],0.7,0,3.1491639614105225
Neural-ECF[argmax],0.7,5,0.9867961406707764
Neural-ECF[peaks],0.7,5,0.9867961406707764
MIDAST[KS],0.7,0,3.1334128379821777
Neural-ECF[argmax],0.7,0,0.9776821136474609
Neural-ECF[peaks],0.7,0,0.9776821136474609
MIDAST[KS],0.7,0,3.134065866470337
Neural-ECF[argmax],0.7,50,0.985867977142334
Neural-ECF[peaks],0.7,50,0.985867977142334
MIDAST[KS],0.7,0,3.178361654281616
Neural-ECF[argmax],0.7,0,0.9853439331054688
Neural-ECF[peaks],0.7,0,0.9853439331054688
MIDAST[KS],0.7,0,3.113210916519165
Neural-ECF[argmax],0.7,0,0.9583711624145508
Neural-ECF[peaks],0.7,0,0.9583711624145508
MIDAST[KS],0.7,0,3.0934348106384277
Neural-ECF[argmax],0.7,0,0.9673058986663818
Neural-ECF[peaks],0.7,0,0.9673058986663818
MIDAST[KS],0.7,0,3.125868082046509
Neural-ECF[argmax],0.7,0,1.0326390266418457
Neural-ECF[peaks],0.7,0,1.0326390266418457
MIDAST[KS],0.7,0,3.14992094039917
Neural-ECF[argmax],0.7,0,0.9917809963226318
Neural-ECF[peaks],0.7,0,0.9917809963226318
MIDAST[KS],0.7,0,3.238809108734131
Neural-ECF[argmax],0.7,0,0.9732317924499512
Neural-ECF[peaks],0.7,0,0.9732317924499512
MIDAST[KS],0.7,0,3.205919027328491
Neural-ECF[argmax],0.7,0,0.9727559089660645
Neural-ECF[peaks],0.7,0,0.9727559089660645
MIDAST[KS],0.7,0,3.0977797508239746
Neural-ECF[argmax],0.7,5,0.9984300136566162
Neural-ECF[peaks],0.7,5,0.9984300136566162
MIDAST[KS],0.7,0,3.1644186973571777
Neural-ECF[argmax],0.7,0,0.9819509983062744
Neural-ECF[peaks],0.7,0,0.9819509983062744
MIDAST[KS],0.7,0,3.13397479057312
Neural-ECF[argmax],0.7,0,0.9946269989013672
Neural-ECF[peaks],0.7,0,0.9946269989013672
MIDAST[KS],0.7,0,3.2286229133605957
Neural-ECF[argmax],0.7,0,1.076843023300171
Neural-ECF[peaks],0.7,0,1.076843023300171
MIDAST[KS],0.7,0,3.227543830871582
Neural-ECF[argmax],0.7,0,0.9870090484619141
Neural-ECF[peaks],0.7,0,0.9870090484619141
MIDAST[KS],0.7,0,3.179192066192627
Neural-ECF[argmax],0.7,0,0.9849879741668701
Neural-ECF[peaks],0.7,0,0.9849879741668701
MIDAST[KS],0.7,0,3.1827948093414307
Neural-ECF[argmax],0.7,15,0.9704217910766602
Neural-ECF[peaks],0.7,15,0.9704217910766602
MIDAST[KS],0.7,0,3.1567318439483643
Neural-ECF[argmax],0.7,0,0.9550168514251709
Neural-ECF[peaks],0.7,0,0.9550168514251709
MIDAST[KS],0.7,0,3.153538942337036
Neural-ECF[argmax],0.7,0,1.0070006847381592
Neural-ECF[peaks],0.7,0,1.0070006847381592
MIDAST[KS],0.7,0,3.1747357845306396
Neural-ECF[argmax],0.7,0,0.9790740013122559
Neural-ECF[peaks],0.7,0,0.9790740013122559
MIDAST[KS],0.7,0,3.137160301208496
Neural-ECF[argmax],0.7,35,0.9623219966888428
Neural-ECF[peaks],0.7,35,0.9623219966888428
MIDAST[KS],0.7,0,3.0958919525146484
Neural-ECF[argmax],0.7,0,0.9875810146331787
Neural-ECF[peaks],0.7,0,0.9875810146331787
MIDAST[KS],0.7,0,3.214069128036499
Neural-ECF[argmax],0.7,0,0.9997830390930176
Neural-ECF[peaks],0.7,0,0.9997830390930176
MIDAST[KS],0.7,0,3.1219301223754883
Neural-ECF[argmax],0.7,10,0.9993553161621094
Neural-ECF[peaks],0.7,10,0.9993553161621094
MIDAST[KS],0.7,0,3.1576621532440186
Neural-ECF[argmax],0.7,0,1.013683795928955
Neural-ECF[peaks],0.7,0,1.013683795928955
MIDAST[KS],0.7,0,3.06435489654541
Neural-ECF[argmax],0.7,0,0.9933450222015381
Neural-ECF[peaks],0.7,0,0.9933450222015381
MIDAST[KS],0.7,0,3.179683208465576
Neural-ECF[argmax],0.7,0,0.9634907245635986
Neural-ECF[peaks],0.7,0,0.9634907245635986
MIDAST[KS],0.7,0,3.138676166534424
Neural-ECF[argmax],0.7,0,0.9946529865264893
Neural-ECF[peaks],0.7,0,0.9946529865264893
MIDAST[KS],0.7,0,3.2733020782470703
Neural-ECF[argmax],0.7,0,0.9911706447601318
Neural-ECF[peaks],0.7,0,0.9911706447601318
MIDAST[KS],0.7,0,3.3048079013824463
Neural-ECF[argmax],0.7,5,1.0091030597686768
Neural-ECF[peaks],0.7,5,1.0091030597686768
MIDAST[KS],0.7,0,3.120180368423462
Neural-ECF[argmax],0.7,0,1.00059175491333
Neural-ECF[peaks],0.7,0,1.00059175491333
MIDAST[KS],0.7,0,3.1729280948638916
Neural-ECF[argmax],0.7,25,0.9771299362182617
Neural-ECF[peaks],0.7,25,0.9771299362182617
MIDAST[KS],0.7,0,3.1563868522644043
Neural-ECF[argmax],0.7,0,0.9653820991516113
Neural-ECF[peaks],0.7,0,0.9653820991516113
MIDAST[KS],0.7,0,3.193279981613159
Neural-ECF[argmax],0.7,0,0.9858438968658447
Neural-ECF[peaks],0.7,0,0.9858438968658447
MIDAST[KS],0.7,0,3.1654868125915527
Neural-ECF[argmax],0.7,0,0.9809582233428955
Neural-ECF[peaks],0.7,0,0.9809582233428955
MIDAST[KS],0.7,0,3.158127784729004
Neural-ECF[argmax],0.7,5,1.0453429222106934
Neural-ECF[peaks],0.7,5,1.0453429222106934
MIDAST[KS],0.7,0,3.2370598316192627
Neural-ECF[argmax],0.7,0,0.9029321670532227
Neural-ECF[peaks],0.7,0,0.9029321670532227
MIDAST[KS],0.7,0,3.179417848587036
Neural-ECF[argmax],0.7,0,1.0080130100250244
Neural-ECF[peaks],0.7,0,1.0080130100250244
MIDAST[KS],0.7,0,3.250444173812866
Neural-ECF[argmax],0.7,5,1.0032808780670166
Neural-ECF[peaks],0.7,5,1.0032808780670166
MIDAST[KS],0.7,0,3.185908079147339
Neural-ECF[argmax],0.7,5,0.9938228130340576
Neural-ECF[peaks],0.7,5,0.9938228130340576
MIDAST[KS],0.7,0,3.246379852294922
Neural-ECF[argmax],0.7,0,1.007418155670166
Neural-ECF[peaks],0.7,0,1.007418155670166
MIDAST[KS],0.7,0,3.2726242542266846
Neural-ECF[argmax],0.7,0,1.03383207321167
Neural-ECF[peaks],0.7,0,1.03383207321167
MIDAST[KS],0.7,0,3.30586314201355
Neural-ECF[argmax],0.7,0,1.048797845840454
Neural-ECF[peaks],0.7,0,1.048797845840454
MIDAST[KS],0.7,0,3.1318600177764893
Neural-ECF[argmax],0.7,25,0.993257999420166
Neural-ECF[peaks],0.7,25,0.993257999420166
MIDAST[KS],0.7,0,3.166254997253418
Neural-ECF[argmax],0.7,0,1.006242036819458
Neural-ECF[peaks],0.7,0,1.006242036819458
MIDAST[KS],0.7,0,3.167248249053955
Neural-ECF[argmax],0.7,0,0.9785306453704834
Neural-ECF[peaks],0.7,0,0.9785306453704834
MIDAST[KS],0.7,0,3.1926469802856445
Neural-ECF[argmax],0.7,0,1.00233793258667
Neural-ECF[peaks],0.7,0,1.00233793258667
MIDAST[KS],0.7,0,3.144679307937622
Neural-ECF[argmax],0.7,0,0.9836461544036865
Neural-ECF[peaks],0.7,0,0.9836461544036865
MIDAST[KS],0.7,0,3.0981011390686035
Neural-ECF[argmax],0.7,0,1.017104148864746
Neural-ECF[peaks],0.7,0,1.017104148864746
MIDAST[KS],0.7,0,3.1128900051116943
Neural-ECF[argmax],0.7,0,0.9615161418914795
Neural-ECF[peaks],0.7,0,0.9615161418914795
MIDAST[KS],0.7,0,3.1665163040161133
Neural-ECF[argmax],0.7,5,0.9966819286346436
Neural-ECF[peaks],0.7,5,0.9966819286346436
MIDAST[KS],0.7,0,3.1881492137908936
Neural-ECF[argmax],0.7,0,0.9952437877655029
Neural-ECF[peaks],0.7,0,0.9952437877655029
MIDAST[KS],0.7,0,3.1747257709503174
Neural-ECF[argmax],0.7,0,0.976546049118042
Neural-ECF[peaks],0.7,0,0.976546049118042
MIDAST[KS],0.7,0,3.2130320072174072
Neural-ECF[argmax],0.7,0,0.8946433067321777
Neural-ECF[peaks],0.7,0,0.8946433067321777
MIDAST[KS],0.7,0,3.2213990688323975
Neural-ECF[argmax],0.7,5,1.0018229484558105
Neural-ECF[peaks],0.7,5,1.0018229484558105
MIDAST[KS],0.7,0,3.169063091278076
Neural-ECF[argmax],0.7,10,0.9619948863983154
Neural-ECF[peaks],0.7,10,0.9619948863983154
MIDAST[KS],0.7,0,3.197334051132202
Neural-ECF[argmax],0.7,0,0.9972639083862305
Neural-ECF[peaks],0.7,0,0.9972639083862305
MIDAST[KS],0.7,0,3.2773571014404297
Neural-ECF[argmax],0.7,15,0.9821321964263916
Neural-ECF[peaks],0.7,15,0.9821321964263916
MIDAST[KS],0.7,0,3.13387393951416
Neural-ECF[argmax],0.7,0,1.002439022064209
Neural-ECF[peaks],0.7,0,1.002439022064209
MIDAST[KS],0.7,0,3.1531729698181152
Neural-ECF[argmax],0.7,0,1.0233850479125977
Neural-ECF[peaks],0.7,0,1.0233850479125977
MIDAST[KS],0.7,0,3.1105551719665527
Neural-ECF[argmax],0.7,0,0.9960489273071289
Neural-ECF[peaks],0.7,0,0.9960489273071289
MIDAST[KS],0.7,0,3.1505789756774902
Neural-ECF[argmax],0.7,0,1.0223119258880615
Neural-ECF[peaks],0.7,0,1.0223119258880615
MIDAST[KS],0.7,0,3.149833917617798
Neural-ECF[argmax],0.7,0,0.982234001159668
Neural-ECF[peaks],0.7,0,0.982234001159668
MIDAST[KS],0.7,0,3.2629189491271973
Neural-ECF[argmax],0.7,35,0.9807620048522949
Neural-ECF[peaks],0.7,35,0.9807620048522949
MIDAST[KS],0.7,0,3.123366117477417
Neural-ECF[argmax],0.7,0,1.0201160907745361
Neural-ECF[peaks],0.7,0,1.0201160907745361
MIDAST[KS],0.7,0,3.187775135040283
Neural-ECF[argmax],0.7,5,0.9817638397216797
Neural-ECF[peaks],0.7,5,0.9817638397216797
MIDAST[KS],0.7,0,3.1241440773010254
Neural-ECF[argmax],0.7,0,1.0017149448394775
Neural-ECF[peaks],0.7,0,1.0017149448394775
MIDAST[KS],0.7,0,3.1454381942749023
Neural-ECF[argmax],0.7,40,0.9781479835510254
Neural-ECF[peaks],0.7,40,0.9781479835510254
MIDAST[KS],0.7,0,3.1592319011688232
Neural-ECF[argmax],0.7,15,0.9916927814483643
Neural-ECF[peaks],0.7,15,0.9916927814483643
MIDAST[KS],0.7,0,3.167206048965454
Neural-ECF[argmax],0.7,15,0.9946389198303223
Neural-ECF[peaks],0.7,15,0.9946389198303223
MIDAST[KS],0.7,0,3.251243829727173
Neural-ECF[argmax],0.7,0,1.0027530193328857
Neural-ECF[peaks],0.7,0,1.0027530193328857
MIDAST[KS],0.7,0,3.1174421310424805
Neural-ECF[argmax],0.7,0,1.0042219161987305
Neural-ECF[peaks],0.7,0,1.0042219161987305
MIDAST[KS],0.7,0,3.1644651889801025
Neural-ECF[argmax],0.7,0,0.9967827796936035
Neural-ECF[peaks],0.7,0,0.9967827796936035
MIDAST[KS],0.7,0,3.0949130058288574
Neural-ECF[argmax],0.7,5,0.9835691452026367
Neural-ECF[peaks],0.7,5,0.9835691452026367
MIDAST[KS],0.7,0,3.1446239948272705
Neural-ECF[argmax],0.7,110,0.9922640323638916
Neural-ECF[peaks],0.7,110,0.9922640323638916
MIDAST[KS],0.7,0,3.2373900413513184
Neural-ECF[argmax],0.7,10,0.9432439804077148
Neural-ECF[peaks],0.7,10,0.9432439804077148
MIDAST[KS],0.7,0,3.098037004470825
Neural-ECF[argmax],0.7,0,0.9986600875854492
Neural-ECF[peaks],0.7,0,0.9986600875854492
MIDAST[KS],0.7,0,3.2738571166992188
Neural-ECF[argmax],0.7,0,0.9933590888977051
Neural-ECF[peaks],0.7,0,0.9933590888977051
MIDAST[KS],0.7,0,3.270547866821289
Neural-ECF[argmax],0.7,10,0.9900178909301758
Neural-ECF[peaks],0.7,10,0.9900178909301758
MIDAST[KS],0.7,0,3.1560049057006836
Neural-ECF[argmax],0.7,30,1.0004327297210693
Neural-ECF[peaks],0.7,30,1.0004327297210693
MIDAST[KS],0.7,0,3.1487088203430176
Neural-ECF[argmax],0.7,0,0.950261116027832
Neural-ECF[peaks],0.7,0,0.950261116027832
MIDAST[KS],0.7,0,3.2210659980773926
Neural-ECF[argmax],0.7,0,0.9865298271179199
Neural-ECF[peaks],0.7,0,0.9865298271179199
MIDAST[KS],0.7,0,3.074437141418457
Neural-ECF[argmax],0.7,30,0.9906008243560791
Neural-ECF[peaks],0.7,30,0.9906008243560791
MIDAST[KS],0.7,0,3.1425039768218994
Neural-ECF[argmax],0.7,15,1.0211808681488037
Neural-ECF[peaks],0.7,15,1.0211808681488037
MIDAST[KS],0.7,0,3.096421003341675
Neural-ECF[argmax],0.7,0,1.006829023361206
Neural-ECF[peaks],0.7,0,1.006829023361206
MIDAST[KS],0.7,0,3.181462049484253
Neural-ECF[argmax],0.7,0,1.0277469158172607
Neural-ECF[peaks],0.7,0,1.0277469158172607
MIDAST[KS],0.7,0,3.2170000076293945
Neural-ECF[argmax],0.7,40,0.982778787612915
Neural-ECF[peaks],0.7,40,0.982778787612915
MIDAST[KS],0.7,0,3.1229331493377686
Neural-ECF[argmax],0.7,0,0.9775338172912598
Neural-ECF[peaks],0.7,0,0.9775338172912598
MIDAST[KS],0.7,0,3.1813950538635254
Neural-ECF[argmax],0.7,0,0.9992752075195312
Neural-ECF[peaks],0.7,0,0.9992752075195312
MIDAST[KS],0.7,0,3.084904193878174
Neural-ECF[argmax],0.7,70,0.9992356300354004
Neural-ECF[peaks],0.7,70,0.9992356300354004
MIDAST[KS],0.7,0,3.1310908794403076
Neural-ECF[argmax],0.7,10,0.9843940734863281
Neural-ECF[peaks],0.7,10,0.9843940734863281
MIDAST[KS],0.7,0,3.1118900775909424
Neural-ECF[argmax],0.7,10,0.9803380966186523
Neural-ECF[peaks],0.7,10,0.9803380966186523
MIDAST[KS],0.7,0,3.2083969116210938
Neural-ECF[argmax],0.7,0,0.983670711517334
Neural-ECF[peaks],0.7,0,0.983670711517334
MIDAST[KS],0.7,0,3.157505989074707
Neural-ECF[argmax],0.7,0,0.9833221435546875
Neural-ECF[peaks],0.7,0,0.9833221435546875
MIDAST[KS],0.7,0,3.1112077236175537
Neural-ECF[argmax],0.7,0,0.9709391593933105
Neural-ECF[peaks],0.7,0,0.9709391593933105
MIDAST[KS],0.7,0,3.1887128353118896
Neural-ECF[argmax],0.7,0,1.016427755355835
Neural-ECF[peaks],0.7,0,1.016427755355835
MIDAST[KS],0.7,0,3.1707723140716553
Neural-ECF[argmax],0.7,15,0.988616943359375
Neural-ECF[peaks],0.7,15,0.988616943359375
MIDAST[KS],0.7,0,3.2048959732055664
Neural-ECF[argmax],0.7,0,0.9985618591308594
Neural-ECF[peaks],0.7,0,0.9985618591308594
MIDAST[KS],0.7,0,3.1839070320129395
Neural-ECF[argmax],0.7,25,0.9682540893554688
Neural-ECF[peaks],0.7,25,0.9682540893554688
MIDAST[KS],0.7,0,3.2014636993408203
Neural-ECF[argmax],0.7,5,0.9827442169189453
Neural-ECF[peaks],0.7,5,0.9827442169189453
MIDAST[KS],0.7,0,3.198791980743408
Neural-ECF[argmax],0.7,0,0.9869062900543213
Neural-ECF[peaks],0.7,0,0.9869062900543213
MIDAST[KS],0.7,0,3.0781540870666504
Neural-ECF[argmax],0.7,10,1.001335620880127
Neural-ECF[peaks],0.7,10,1.001335620880127
MIDAST[KS],0.7,0,3.1845788955688477
Neural-ECF[argmax],0.7,20,0.9750320911407471
Neural-ECF[peaks],0.7,20,0.9750320911407471
MIDAST[KS],0.7,0,3.2235758304595947
Neural-ECF[argmax],0.7,10,0.9556541442871094
Neural-ECF[peaks],0.7,10,0.9556541442871094
MIDAST[KS],0.7,0,3.141141176223755
Neural-ECF[argmax],0.7,0,0.9555258750915527
Neural-ECF[peaks],0.7,0,0.9555258750915527
MIDAST[KS],0.7,0,3.107311964035034
Neural-ECF[argmax],0.7,0,1.005429983139038
Neural-ECF[peaks],0.7,0,1.005429983139038
MIDAST[KS],0.7,0,3.133725881576538
Neural-ECF[argmax],0.7,0,0.9879469871520996
Neural-ECF[peaks],0.7,0,0.9879469871520996
MIDAST[KS],0.7,0,3.2438220977783203
Neural-ECF[argmax],0.7,5,0.998924970626831
Neural-ECF[peaks],0.7,5,0.998924970626831
MIDAST[KS],0.7,0,3.1269099712371826
Neural-ECF[argmax],0.7,0,0.970862865447998
Neural-ECF[peaks],0.7,0,0.970862865447998
MIDAST[KS],0.7,0,3.124791145324707
Neural-ECF[argmax],0.7,15,0.984670877456665
Neural-ECF[peaks],0.7,15,0.984670877456665
MIDAST[KS],0.7,0,3.1874287128448486
Neural-ECF[argmax],0.7,0,0.9744880199432373
Neural-ECF[peaks],0.7,0,0.9744880199432373
MIDAST[KS],0.7,0,3.122393846511841
Neural-ECF[argmax],0.7,0,0.9678769111633301
Neural-ECF[peaks],0.7,0,0.9678769111633301
MIDAST[KS],0.7,0,3.1335370540618896
Neural-ECF[argmax],0.7,0,0.9886491298675537
Neural-ECF[peaks],0.7,0,0.9886491298675537
MIDAST[KS],0.7,0,3.1155588626861572
Neural-ECF[argmax],0.7,5,1.0013329982757568
Neural-ECF[peaks],0.7,5,1.0013329982757568
MIDAST[KS],0.7,0,3.204442024230957
Neural-ECF[argmax],0.7,5,1.0485420227050781
Neural-ECF[peaks],0.7,5,1.0485420227050781
MIDAST[KS],0.7,0,3.1458911895751953
Neural-ECF[argmax],0.7,0,1.0003151893615723
Neural-ECF[peaks],0.7,0,1.0003151893615723
MIDAST[KS],0.7,0,3.1503686904907227
Neural-ECF[argmax],0.7,5,1.0047128200531006
Neural-ECF[peaks],0.7,5,1.0047128200531006
MIDAST[KS],0.7,0,3.1874630451202393
Neural-ECF[argmax],0.7,0,0.9528231620788574
Neural-ECF[peaks],0.7,0,0.9528231620788574
MIDAST[KS],0.7,0,3.226957082748413
Neural-ECF[argmax],0.7,0,1.0065422058105469
Neural-ECF[peaks],0.7,0,1.0065422058105469
MIDAST[KS],0.7,0,3.212303876876831
Neural-ECF[argmax],0.7,0,0.9949350357055664
Neural-ECF[peaks],0.7,0,0.9949350357055664
MIDAST[KS],0.7,0,3.0644149780273438
Neural-ECF[argmax],0.7,0,0.983654260635376
Neural-ECF[peaks],0.7,0,0.983654260635376
MIDAST[KS],0.7,0,3.1128201484680176
Neural-ECF[argmax],0.7,25,0.9513957500457764
Neural-ECF[peaks],0.7,25,0.9513957500457764
MIDAST[KS],0.7,0,3.12426495552063
Neural-ECF[argmax],0.7,15,1.024080753326416
Neural-ECF[peaks],0.7,15,1.024080753326416
MIDAST[KS],0.7,0,3.1544439792633057
Neural-ECF[argmax],0.7,0,0.9968371391296387
Neural-ECF[peaks],0.7,0,0.9968371391296387
MIDAST[KS],0.7,0,3.1033480167388916
Neural-ECF[argmax],0.7,10,1.0124337673187256
Neural-ECF[peaks],0.7,10,1.0124337673187256
MIDAST[KS],0.7,0,3.095625877380371
Neural-ECF[argmax],0.7,0,0.9835009574890137
Neural-ECF[peaks],0.7,0,0.9835009574890137
MIDAST[KS],0.7,0,3.129549741744995
Neural-ECF[argmax],0.7,10,0.9822998046875
Neural-ECF[peaks],0.7,10,0.9822998046875
MIDAST[KS],0.7,0,3.08306884765625
Neural-ECF[argmax],0.7,0,1.005713939666748
Neural-ECF[peaks],0.7,0,1.005713939666748
MIDAST[KS],0.7,0,3.1017000675201416
Neural-ECF[argmax],0.7,0,0.994398832321167
Neural-ECF[peaks],0.7,0,0.994398832321167
MIDAST[KS],0.7,0,3.193040132522583
Neural-ECF[argmax],0.7,0,1.0199432373046875
Neural-ECF[peaks],0.7,0,1.0199432373046875
MIDAST[KS],0.7,0,3.211127758026123
Neural-ECF[argmax],0.7,0,1.0121128559112549
Neural-ECF[peaks],0.7,0,1.0121128559112549
MIDAST[KS],0.7,0,3.056173086166382
Neural-ECF[argmax],0.7,0,0.9973928928375244
Neural-ECF[peaks],0.7,0,0.9973928928375244
MIDAST[KS],0.7,0,3.1386640071868896
Neural-ECF[argmax],0.7,0,0.9991540908813477
Neural-ECF[peaks],0.7,0,0.9991540908813477
MIDAST[KS],0.7,0,3.166001081466675
Neural-ECF[argmax],0.7,15,0.9727771282196045
Neural-ECF[peaks],0.7,15,0.9727771282196045
MIDAST[KS],0.7,0,3.175636053085327
Neural-ECF[argmax],0.7,0,0.9925150871276855
Neural-ECF[peaks],0.7,0,0.9925150871276855
MIDAST[KS],0.7,0,3.1495931148529053
Neural-ECF[argmax],0.7,0,0.9835002422332764
Neural-ECF[peaks],0.7,0,0.9835002422332764
MIDAST[KS],0.7,0,3.250173330307007
Neural-ECF[argmax],0.7,0,1.0047721862792969
Neural-ECF[peaks],0.7,0,1.0047721862792969
MIDAST[KS],0.7,0,3.1697499752044678
Neural-ECF[argmax],0.7,0,0.9885749816894531
Neural-ECF[peaks],0.7,0,0.9885749816894531
MIDAST[KS],0.7,0,3.153106212615967
Neural-ECF[argmax],0.7,10,1.0086770057678223
Neural-ECF[peaks],0.7,10,1.0086770057678223
MIDAST[KS],0.7,0,3.1439249515533447
Neural-ECF[argmax],0.7,10,0.963615894317627
Neural-ECF[peaks],0.7,10,0.963615894317627
MIDAST[KS],0.7,0,3.1504178047180176
Neural-ECF[argmax],0.7,0,0.9657862186431885
Neural-ECF[peaks],0.7,0,0.9657862186431885
MIDAST[KS],0.7,0,3.174161911010742
Neural-ECF[argmax],0.7,0,1.0075349807739258
Neural-ECF[peaks],0.7,0,1.0075349807739258
MIDAST[KS],0.7,0,3.134084701538086
Neural-ECF[argmax],0.7,20,0.9942588806152344
Neural-ECF[peaks],0.7,20,0.9942588806152344
MIDAST[KS],0.7,0,3.1361560821533203
Neural-ECF[argmax],0.7,0,1.018169641494751
Neural-ECF[peaks],0.7,0,1.018169641494751
MIDAST[KS],0.7,0,3.135254144668579
Neural-ECF[argmax],0.7,0,1.0035200119018555
Neural-ECF[peaks],0.7,0,1.0035200119018555
MIDAST[KS],0.7,0,3.159909963607788
Neural-ECF[argmax],0.7,5,0.9621801376342773
Neural-ECF[peaks],0.7,5,0.9621801376342773
MIDAST[KS],0.7,0,3.2289087772369385
Neural-ECF[argmax],0.7,0,0.9834702014923096
Neural-ECF[peaks],0.7,0,0.9834702014923096
MIDAST[KS],0.7,0,3.1794161796569824
Neural-ECF[argmax],0.7,0,1.0391449928283691
Neural-ECF[peaks],0.7,0,1.0391449928283691
MIDAST[KS],0.7,0,3.130467176437378
Neural-ECF[argmax],0.7,40,1.012450933456421
Neural-ECF[peaks],0.7,40,1.012450933456421
MIDAST[KS],0.7,0,3.107414722442627
Neural-ECF[argmax],0.7,0,1.013848066329956
Neural-ECF[peaks],0.7,0,1.013848066329956
MIDAST[KS],0.7,0,3.053147315979004
Neural-ECF[argmax],0.7,5,0.9703130722045898
Neural-ECF[peaks],0.7,5,0.9703130722045898
MIDAST[KS],0.7,0,3.145030975341797
Neural-ECF[argmax],0.7,0,0.9770891666412354
Neural-ECF[peaks],0.7,0,0.9770891666412354
MIDAST[KS],0.7,0,3.127674102783203
Neural-ECF[argmax],0.7,15,1.0031113624572754
Neural-ECF[peaks],0.7,15,1.0031113624572754
MIDAST[KS],0.7,0,3.2031760215759277
Neural-ECF[argmax],0.7,10,0.9661250114440918
Neural-ECF[peaks],0.7,10,0.9661250114440918
MIDAST[KS],0.7,0,3.1479170322418213
Neural-ECF[argmax],0.7,0,0.9758279323577881
Neural-ECF[peaks],0.7,0,0.9758279323577881
MIDAST[KS],0.7,0,3.1293368339538574
Neural-ECF[argmax],0.7,10,0.9848859310150146
Neural-ECF[peaks],0.7,10,0.9848859310150146
MIDAST[KS],0.7,0,3.1137290000915527
Neural-ECF[argmax],0.7,0,0.9822101593017578
Neural-ECF[peaks],0.7,0,0.9822101593017578
MIDAST[KS],0.7,0,3.0887651443481445
Neural-ECF[argmax],0.7,0,1.0086021423339844
Neural-ECF[peaks],0.7,0,1.0086021423339844
MIDAST[KS],0.7,0,3.2642619609832764
Neural-ECF[argmax],0.7,5,1.024752140045166
Neural-ECF[peaks],0.7,5,1.024752140045166
MIDAST[KS],0.7,0,3.2352073192596436
Neural-ECF[argmax],0.7,5,0.9867379665374756
Neural-ECF[peaks],0.7,5,0.9867379665374756
MIDAST[KS],0.7,0,3.128805160522461
Neural-ECF[argmax],0.7,20,0.984494686126709
Neural-ECF[peaks],0.7,20,0.984494686126709
MIDAST[KS],0.7,0,3.1849710941314697
Neural-ECF[argmax],0.7,0,0.9783427715301514
Neural-ECF[peaks],0.7,0,0.9783427715301514
MIDAST[KS],0.7,0,3.0946619510650635
Neural-ECF[argmax],0.7,0,0.9490201473236084
Neural-ECF[peaks],0.7,0,0.9490201473236084
MIDAST[KS],0.7,0,3.1679320335388184
Neural-ECF[argmax],0.7,20,1.0138249397277832
Neural-ECF[peaks],0.7,20,1.0138249397277832
MIDAST[KS],0.7,0,3.2107090950012207
Neural-ECF[argmax],0.7,0,0.9477050304412842
Neural-ECF[peaks],0.7,0,0.9477050304412842
MIDAST[KS],0.7,0,3.108970880508423
Neural-ECF[argmax],0.7,0,0.9560739994049072
Neural-ECF[peaks],0.7,0,0.9560739994049072
MIDAST[KS],0.7,0,3.218433141708374
Neural-ECF[argmax],0.7,0,0.9870274066925049
Neural-ECF[peaks],0.7,0,0.9870274066925049
MIDAST[KS],0.7,0,3.0850627422332764
Neural-ECF[argmax],0.7,30,0.9626951217651367
Neural-ECF[peaks],0.7,30,0.9626951217651367
MIDAST[KS],0.7,0,3.1411941051483154
Neural-ECF[argmax],0.7,0,1.0107080936431885
Neural-ECF[peaks],0.7,0,1.0107080936431885
MIDAST[KS],0.7,0,3.1834499835968018
Neural-ECF[argmax],0.7,0,0.9833090305328369
Neural-ECF[peaks],0.7,0,0.9833090305328369
MIDAST[KS],0.7,0,3.1715750694274902
Neural-ECF[argmax],0.7,15,0.993657112121582
Neural-ECF[peaks],0.7,15,0.993657112121582
MIDAST[KS],0.7,0,3.168955087661743
Neural-ECF[argmax],0.7,10,0.9874460697174072
Neural-ECF[peaks],0.7,10,0.9874460697174072
MIDAST[KS],0.7,0,3.172513961791992
Neural-ECF[argmax],0.7,0,0.956151008605957
Neural-ECF[peaks],0.7,0,0.956151008605957
MIDAST[KS],0.7,0,3.1796810626983643
Neural-ECF[argmax],0.7,0,1.0110158920288086
Neural-ECF[peaks],0.7,0,1.0110158920288086
MIDAST[KS],0.7,0,3.2480950355529785
Neural-ECF[argmax],0.7,5,0.9608948230743408
Neural-ECF[peaks],0.7,5,0.9608948230743408
MIDAST[KS],0.7,0,3.1072118282318115
Neural-ECF[argmax],0.7,0,0.982105016708374
Neural-ECF[peaks],0.7,0,0.982105016708374
MIDAST[KS],0.7,0,3.128120183944702
Neural-ECF[argmax],0.7,0,0.9948320388793945
Neural-ECF[peaks],0.7,0,0.9948320388793945
MIDAST[KS],0.7,0,3.161940813064575
Neural-ECF[argmax],0.7,25,1.0069947242736816
Neural-ECF[peaks],0.7,25,1.0069947242736816
MIDAST[KS],0.7,0,3.10384202003479
Neural-ECF[argmax],0.7,0,0.9776151180267334
Neural-ECF[peaks],0.7,0,0.9776151180267334
MIDAST[KS],0.7,0,3.19212007522583
Neural-ECF[argmax],0.7,0,0.9989480972290039
Neural-ECF[peaks],0.7,0,0.9989480972290039
MIDAST[KS],0.7,0,3.220794200897217
Neural-ECF[argmax],0.7,0,1.0168209075927734
Neural-ECF[peaks],0.7,0,1.0168209075927734
MIDAST[KS],0.7,0,3.17989182472229
Neural-ECF[argmax],0.7,5,0.9755778312683105
Neural-ECF[peaks],0.7,5,0.9755778312683105
MIDAST[KS],0.7,0,3.2960422039031982
Neural-ECF[argmax],0.7,0,0.9695789813995361
Neural-ECF[peaks],0.7,0,0.9695789813995361
MIDAST[KS],0.7,0,3.1439671516418457
Neural-ECF[argmax],0.7,0,0.998121976852417
Neural-ECF[peaks],0.7,0,0.998121976852417
MIDAST[KS],0.7,0,3.140238046646118
Neural-ECF[argmax],0.7,0,0.9662799835205078
Neural-ECF[peaks],0.7,0,0.9662799835205078
MIDAST[KS],0.7,0,3.132065773010254
Neural-ECF[argmax],0.7,0,0.9994010925292969
Neural-ECF[peaks],0.7,0,0.9994010925292969
MIDAST[KS],0.7,0,3.2038042545318604
Neural-ECF[argmax],0.7,0,0.9774258136749268
Neural-ECF[peaks],0.7,0,0.9774258136749268
MIDAST[KS],0.7,0,3.177227020263672
Neural-ECF[argmax],0.7,0,0.977247953414917
Neural-ECF[peaks],0.7,0,0.977247953414917
MIDAST[KS],0.7,0,3.1978371143341064
Neural-ECF[argmax],0.7,10,0.9982538223266602
Neural-ECF[peaks],0.7,10,0.9982538223266602
MIDAST[KS],0.7,0,3.171342134475708
Neural-ECF[argmax],0.7,5,1.0053150653839111
Neural-ECF[peaks],0.7,5,1.0053150653839111
MIDAST[KS],0.7,0,3.171333074569702
Neural-ECF[argmax],0.7,5,0.9831218719482422
Neural-ECF[peaks],0.7,5,0.9831218719482422
MIDAST[KS],0.7,0,3.1334710121154785
Neural-ECF[argmax],0.7,0,1.0043559074401855
Neural-ECF[peaks],0.7,0,1.0043559074401855
MIDAST[KS],0.7,0,3.093967914581299
Neural-ECF[argmax],0.7,0,0.9913640022277832
Neural-ECF[peaks],0.7,0,0.9913640022277832
MIDAST[KS],0.7,0,3.2028727531433105
Neural-ECF[argmax],0.7,0,0.981292724609375
Neural-ECF[peaks],0.7,0,0.981292724609375
MIDAST[KS],0.7,0,3.1652259826660156
Neural-ECF[argmax],0.7,0,0.9740147590637207
Neural-ECF[peaks],0.7,0,0.9740147590637207
MIDAST[KS],0.7,0,3.0898380279541016
Neural-ECF[argmax],0.7,0,1.0071189403533936
Neural-ECF[peaks],0.7,0,1.0071189403533936
MIDAST[KS],0.7,0,3.1348800659179688
Neural-ECF[argmax],0.7,0,0.9677870273590088
Neural-ECF[peaks],0.7,0,0.9677870273590088
MIDAST[KS],0.7,0,3.149946928024292
Neural-ECF[argmax],0.7,0,0.9611337184906006
Neural-ECF[peaks],0.7,0,0.9611337184906006
MIDAST[KS],0.7,0,3.0874030590057373
Neural-ECF[argmax],0.7,10,0.9615888595581055
Neural-ECF[peaks],0.7,10,0.9615888595581055
MIDAST[KS],0.7,0,3.0969181060791016
Neural-ECF[argmax],0.7,35,0.9675331115722656
Neural-ECF[peaks],0.7,35,0.9675331115722656
MIDAST[KS],0.7,0,3.1178510189056396
Neural-ECF[argmax],0.7,25,0.9889647960662842
Neural-ECF[peaks],0.7,25,0.9889647960662842
MIDAST[KS],0.7,0,3.2169110774993896
Neural-ECF[argmax],0.7,30,1.0266790390014648
Neural-ECF[peaks],0.7,30,1.0266790390014648
MIDAST[KS],0.7,0,3.090811014175415
Neural-ECF[argmax],0.7,0,0.9764060974121094
Neural-ECF[peaks],0.7,0,0.9764060974121094
MIDAST[KS],0.7,0,3.1340973377227783
Neural-ECF[argmax],0.7,0,1.0223219394683838
Neural-ECF[peaks],0.7,0,1.0223219394683838
MIDAST[KS],0.7,0,3.283552885055542
Neural-ECF[argmax],0.7,0,0.8797528743743896
Neural-ECF[peaks],0.7,0,0.8797528743743896
MIDAST[KS],0.7,0,3.102851152420044
Neural-ECF[argmax],0.7,15,0.9541347026824951
Neural-ECF[peaks],0.7,15,0.9541347026824951
MIDAST[KS],0.7,0,3.2437891960144043
Neural-ECF[argmax],0.7,5,0.9751238822937012
Neural-ECF[peaks],0.7,5,0.9751238822937012
MIDAST[KS],0.7,0,3.163743019104004
Neural-ECF[argmax],0.7,15,1.0008511543273926
Neural-ECF[peaks],0.7,15,1.0008511543273926
MIDAST[KS],0.7,0,3.1388909816741943
Neural-ECF[argmax],0.7,0,1.0063858032226562
Neural-ECF[peaks],0.7,0,1.0063858032226562
MIDAST[KS],0.7,0,3.2058541774749756
Neural-ECF[argmax],0.7,0,1.032141923904419
Neural-ECF[peaks],0.7,0,1.032141923904419
MIDAST[KS],0.7,0,3.2680399417877197
Neural-ECF[argmax],0.7,15,1.0168182849884033
Neural-ECF[peaks],0.7,15,1.0168182849884033
MIDAST[KS],0.7,0,3.245917797088623
Neural-ECF[argmax],0.7,45,1.036086082458496
Neural-ECF[peaks],0.7,45,1.036086082458496
MIDAST[KS],0.7,0,3.2111401557922363
Neural-ECF[argmax],0.7,0,1.0112838745117188
Neural-ECF[peaks],0.7,0,1.0112838745117188
MIDAST[KS],0.7,0,3.1390740871429443
Neural-ECF[argmax],0.7,0,0.9925031661987305
Neural-ECF[peaks],0.7,0,0.9925031661987305
MIDAST[KS],0.7,0,3.2041687965393066
Neural-ECF[argmax],0.7,0,0.9920351505279541
Neural-ECF[peaks],0.7,0,0.9920351505279541
MIDAST[KS],0.7,0,3.1611738204956055
Neural-ECF[argmax],0.7,15,1.0141489505767822
Neural-ECF[peaks],0.7,15,1.0141489505767822
MIDAST[KS],0.7,0,3.2170770168304443
Neural-ECF[argmax],0.7,0,0.9947402477264404
Neural-ECF[peaks],0.7,0,0.9947402477264404
MIDAST[KS],0.7,0,3.164839267730713
Neural-ECF[argmax],0.7,0,0.9756202697753906
Neural-ECF[peaks],0.7,0,0.9756202697753906
MIDAST[KS],0.7,0,3.153665065765381
Neural-ECF[argmax],0.7,0,1.002816915512085
Neural-ECF[peaks],0.7,0,1.002816915512085
MIDAST[KS],0.7,0,3.0830321311950684
Neural-ECF[argmax],0.7,30,0.9973816871643066
Neural-ECF[peaks],0.7,30,0.9973816871643066
MIDAST[KS],0.7,0,3.1263458728790283
Neural-ECF[argmax],0.7,60,0.9990720748901367
Neural-ECF[peaks],0.7,60,0.9990720748901367
MIDAST[KS],0.7,0,3.1866869926452637
Neural-ECF[argmax],0.7,10,1.0112359523773193
Neural-ECF[peaks],0.7,10,1.0112359523773193
MIDAST[KS],0.7,0,3.1283559799194336
Neural-ECF[argmax],0.7,10,1.0050549507141113
Neural-ECF[peaks],0.7,10,1.0050549507141113
MIDAST[KS],0.7,0,3.1716887950897217
Neural-ECF[argmax],0.7,0,0.9997069835662842
Neural-ECF[peaks],0.7,0,0.9997069835662842
MIDAST[KS],0.7,0,3.061347007751465
Neural-ECF[argmax],0.7,15,0.997046947479248
Neural-ECF[peaks],0.7,15,0.997046947479248
MIDAST[KS],0.7,0,3.170461893081665
Neural-ECF[argmax],0.7,40,0.9913620948791504
Neural-ECF[peaks],0.7,40,0.9913620948791504
MIDAST[KS],0.7,0,3.2166879177093506
Neural-ECF[argmax],0.7,25,0.9846129417419434
Neural-ECF[peaks],0.7,25,0.9846129417419434
MIDAST[KS],0.7,0,3.136580228805542
Neural-ECF[argmax],0.7,0,0.9796121120452881
Neural-ECF[peaks],0.7,0,0.9796121120452881
MIDAST[KS],0.7,0,3.179934024810791
Neural-ECF[argmax],0.7,0,1.0576210021972656
Neural-ECF[peaks],0.7,0,1.0576210021972656
MIDAST[KS],0.7,0,3.0947530269622803
Neural-ECF[argmax],0.7,5,1.0015957355499268
Neural-ECF[peaks],0.7,5,1.0015957355499268
MIDAST[KS],0.7,0,3.1435530185699463
Neural-ECF[argmax],0.7,20,1.0091261863708496
Neural-ECF[peaks],0.7,20,1.0091261863708496
MIDAST[KS],0.7,0,3.1419620513916016
Neural-ECF[argmax],0.7,0,1.0008928775787354
Neural-ECF[peaks],0.7,0,1.0008928775787354
MIDAST[KS],0.7,0,3.0898680686950684
Neural-ECF[argmax],0.7,0,0.9922969341278076
Neural-ECF[peaks],0.7,0,0.9922969341278076
MIDAST[KS],0.7,0,3.1719837188720703
Neural-ECF[argmax],0.7,0,1.0286540985107422
Neural-ECF[peaks],0.7,0,1.0286540985107422
MIDAST[KS],0.7,0,3.1764469146728516
Neural-ECF[argmax],0.7,40,1.0243799686431885
Neural-ECF[peaks],0.7,40,1.0243799686431885
MIDAST[KS],0.7,0,3.1578500270843506
Neural-ECF[argmax],0.7,10,0.9809961318969727
Neural-ECF[peaks],0.7,10,0.9809961318969727
MIDAST[KS],0.7,10,3.095560073852539
Neural-ECF[argmax],0.7,0,0.9979808330535889
Neural-ECF[peaks],0.7,0,0.9979808330535889
MIDAST[KS],0.7,0,3.2187371253967285
Neural-ECF[argmax],0.7,0,0.9797780513763428
Neural-ECF[peaks],0.7,0,0.9797780513763428
MIDAST[KS],0.7,0,3.0760080814361572
Neural-ECF[argmax],0.7,0,0.9987907409667969
Neural-ECF[peaks],0.7,0,0.9987907409667969
MIDAST[KS],0.7,0,3.1885340213775635
Neural-ECF[argmax],0.7,0,0.977618932723999
Neural-ECF[peaks],0.7,0,0.977618932723999
MIDAST[KS],0.7,0,3.115006923675537
Neural-ECF[argmax],0.7,0,0.9896509647369385
Neural-ECF[peaks],0.7,0,0.9896509647369385
MIDAST[KS],0.7,0,3.129197120666504
Neural-ECF[argmax],0.7,5,1.0238211154937744
Neural-ECF[peaks],0.7,5,1.0238211154937744
MIDAST[KS],0.7,0,3.1620471477508545
Neural-ECF[argmax],0.7,15,1.0161499977111816
Neural-ECF[peaks],0.7,15,1.0161499977111816
MIDAST[KS],0.7,0,3.1402199268341064
Neural-ECF[argmax],0.7,5,0.9750540256500244
Neural-ECF[peaks],0.7,5,0.9750540256500244
MIDAST[KS],0.7,0,3.1944169998168945
Neural-ECF[argmax],0.7,0,1.027143955230713
Neural-ECF[peaks],0.7,0,1.027143955230713
MIDAST[KS],0.7,0,3.1280689239501953
Neural-ECF[argmax],0.7,5,0.9989750385284424
Neural-ECF[peaks],0.7,5,0.9989750385284424
MIDAST[KS],0.7,0,3.120436191558838
Neural-ECF[argmax],0.7,10,1.0050480365753174
Neural-ECF[peaks],0.7,10,1.0050480365753174
MIDAST[KS],0.7,0,3.0972108840942383
Neural-ECF[argmax],0.7,5,0.9562208652496338
Neural-ECF[peaks],0.7,5,0.9562208652496338
MIDAST[KS],0.7,0,3.0961992740631104
Neural-ECF[argmax],0.7,0,0.9952361583709717
Neural-ECF[peaks],0.7,0,0.9952361583709717
MIDAST[KS],0.7,0,3.1447348594665527
Neural-ECF[argmax],0.7,35,0.9970088005065918
Neural-ECF[peaks],0.7,35,0.9970088005065918
MIDAST[KS],0.7,0,3.186522960662842
Neural-ECF[argmax],0.7,0,0.9952459335327148
Neural-ECF[peaks],0.7,0,0.9952459335327148
MIDAST[KS],0.7,0,3.1703407764434814
Neural-ECF[argmax],0.7,0,1.0128328800201416
Neural-ECF[peaks],0.7,0,1.0128328800201416
MIDAST[KS],0.7,0,3.2281911373138428
Neural-ECF[argmax],0.7,0,0.972959041595459
Neural-ECF[peaks],0.7,0,0.972959041595459
MIDAST[KS],0.7,0,3.1278488636016846
Neural-ECF[argmax],0.7,0,1.012481689453125
Neural-ECF[peaks],0.7,0,1.012481689453125
MIDAST[KS],0.7,0,3.139293909072876
Neural-ECF[argmax],0.7,0,0.9755799770355225
Neural-ECF[peaks],0.7,0,0.9755799770355225
MIDAST[KS],0.7,0,3.111424684524536
Neural-ECF[argmax],0.7,0,0.9913690090179443
Neural-ECF[peaks],0.7,0,0.9913690090179443
MIDAST[KS],0.7,0,3.0855469703674316
Neural-ECF[argmax],0.7,0,0.9675002098083496
Neural-ECF[peaks],0.7,0,0.9675002098083496
MIDAST[KS],0.7,0,3.1603000164031982
Neural-ECF[argmax],0.7,0,0.9778013229370117
Neural-ECF[peaks],0.7,0,0.9778013229370117
MIDAST[KS],0.7,0,3.1202123165130615
Neural-ECF[argmax],0.7,25,0.9601998329162598
Neural-ECF[peaks],0.7,25,0.9601998329162598
MIDAST[KS],0.7,0,3.2005951404571533
Neural-ECF[argmax],0.7,0,0.9615178108215332
Neural-ECF[peaks],0.7,0,0.9615178108215332
MIDAST[KS],0.7,0,3.177971124649048
Neural-ECF[argmax],0.7,0,0.9749341011047363
Neural-ECF[peaks],0.7,0,0.9749341011047363
MIDAST[KS],0.7,0,3.0758566856384277
Neural-ECF[argmax],0.7,0,0.9814636707305908
Neural-ECF[peaks],0.7,0,0.9814636707305908
MIDAST[KS],0.7,0,3.096450090408325
Neural-ECF[argmax],0.7,0,0.9828851222991943
Neural-ECF[peaks],0.7,0,0.9828851222991943
MIDAST[KS],0.7,0,3.085022211074829
Neural-ECF[argmax],0.7,15,0.9932951927185059
Neural-ECF[peaks],0.7,15,0.9932951927185059
MIDAST[KS],0.7,0,3.089265823364258
Neural-ECF[argmax],0.7,20,0.9520299434661865
Neural-ECF[peaks],0.7,20,0.9520299434661865
MIDAST[KS],0.7,0,3.1114418506622314
Neural-ECF[argmax],0.7,20,0.9708771705627441
Neural-ECF[peaks],0.7,20,0.9708771705627441
MIDAST[KS],0.7,0,3.110399007797241
Neural-ECF[argmax],0.7,0,0.9783570766448975
Neural-ECF[peaks],0.7,0,0.9783570766448975
MIDAST[KS],0.7,0,3.1561520099639893
Neural-ECF[argmax],0.7,0,0.9881191253662109
Neural-ECF[peaks],0.7,0,0.9881191253662109
MIDAST[KS],0.7,0,3.1510050296783447
Neural-ECF[argmax],0.7,0,0.9655551910400391
Neural-ECF[peaks],0.7,0,0.9655551910400391
MIDAST[KS],0.7,0,3.1348259449005127
Neural-ECF[argmax],0.7,25,0.9756598472595215
Neural-ECF[peaks],0.7,25,0.9756598472595215
MIDAST[KS],0.7,0,3.0862762928009033
Neural-ECF[argmax],0.7,0,0.9784209728240967
Neural-ECF[peaks],0.7,0,0.9784209728240967
MIDAST[KS],0.7,0,3.118594169616699
Neural-ECF[argmax],0.7,0,0.9980459213256836
Neural-ECF[peaks],0.7,0,0.9980459213256836
MIDAST[KS],0.7,0,3.1212522983551025
Neural-ECF[argmax],0.7,0,0.9868669509887695
Neural-ECF[peaks],0.7,0,0.9868669509887695
MIDAST[KS],0.7,0,3.1364011764526367
Neural-ECF[argmax],0.7,5,0.9988110065460205
Neural-ECF[peaks],0.7,5,0.9988110065460205
MIDAST[KS],0.7,0,3.152602195739746
Neural-ECF[argmax],0.7,0,0.96555495262146
Neural-ECF[peaks],0.7,0,0.96555495262146
MIDAST[KS],0.7,0,3.1461081504821777
Neural-ECF[argmax],0.7,35,0.9800901412963867
Neural-ECF[peaks],0.7,35,0.9800901412963867
MIDAST[KS],0.7,0,3.2123217582702637
Neural-ECF[argmax],0.7,10,1.001345157623291
Neural-ECF[peaks],0.7,10,1.001345157623291
MIDAST[KS],0.7,0,3.2071480751037598
Neural-ECF[argmax],0.7,0,0.9969148635864258
Neural-ECF[peaks],0.7,0,0.9969148635864258
MIDAST[KS],0.7,0,3.191608190536499
Neural-ECF[argmax],0.7,0,0.9613149166107178
Neural-ECF[peaks],0.7,0,0.9613149166107178
MIDAST[KS],0.7,0,3.193189859390259
Neural-ECF[argmax],0.7,10,1.0226590633392334
Neural-ECF[peaks],0.7,10,1.0226590633392334
MIDAST[KS],0.7,0,3.093676805496216
Neural-ECF[argmax],0.7,25,1.0013649463653564
Neural-ECF[peaks],0.7,25,1.0013649463653564
MIDAST[KS],0.7,0,3.1559231281280518
Neural-ECF[argmax],0.7,0,0.9406070709228516
Neural-ECF[peaks],0.7,0,0.9406070709228516
MIDAST[KS],0.7,0,3.1218678951263428
Neural-ECF[argmax],0.7,0,0.9768829345703125
Neural-ECF[peaks],0.7,0,0.9768829345703125
MIDAST[KS],0.7,0,3.1843490600585938
Neural-ECF[argmax],0.7,0,0.9858989715576172
Neural-ECF[peaks],0.7,0,0.9858989715576172
MIDAST[KS],0.7,0,3.1099660396575928
Neural-ECF[argmax],0.7,45,0.8742108345031738
Neural-ECF[peaks],0.7,45,0.8742108345031738
MIDAST[KS],0.7,0,2.8490707874298096
Neural-ECF[argmax],0.7,55,0.8834249973297119
Neural-ECF[peaks],0.7,55,0.8834249973297119
MIDAST[KS],0.7,0,2.812936305999756
Neural-ECF[argmax],0.7,0,0.8923580646514893
Neural-ECF[peaks],0.7,0,0.8923580646514893
MIDAST[KS],0.7,0,2.799968719482422
Neural-ECF[argmax],0.7,10,0.9222080707550049
Neural-ECF[peaks],0.7,10,0.9222080707550049
MIDAST[KS],0.7,0,2.826611042022705
Neural-ECF[argmax],0.7,20,0.9558761119842529
Neural-ECF[peaks],0.7,20,0.9558761119842529
MIDAST[KS],0.7,0,2.8356881141662598
Neural-ECF[argmax],0.7,65,0.8704540729522705
Neural-ECF[peaks],0.7,65,0.8704540729522705
MIDAST[KS],0.7,0,2.570708990097046
Neural-ECF[argmax],0.7,0,0.7963650226593018
Neural-ECF[peaks],0.7,0,0.7963650226593018
MIDAST[KS],0.7,0,2.5417380332946777
Neural-ECF[argmax],0.7,5,0.8331429958343506
Neural-ECF[peaks],0.7,5,0.8331429958343506
MIDAST[KS],0.7,0,2.6347429752349854
Neural-ECF[argmax],0.7,5,0.8058269023895264
Neural-ECF[peaks],0.7,5,0.8058269023895264
MIDAST[KS],0.7,0,2.52082896232605
Neural-ECF[argmax],0.7,15,0.7909719944000244
Neural-ECF[peaks],0.7,15,0.7909719944000244
MIDAST[KS],0.7,0,2.5461909770965576
Neural-ECF[argmax],0.7,0,0.7606630325317383
Neural-ECF[peaks],0.7,0,0.7606630325317383
MIDAST[KS],0.7,0,2.4473748207092285
Neural-ECF[argmax],0.7,0,0.777209997177124
Neural-ECF[peaks],0.7,0,0.777209997177124
MIDAST[KS],0.7,0,2.4262871742248535
Neural-ECF[argmax],0.7,5,0.7693297863006592
Neural-ECF[peaks],0.7,5,0.7693297863006592
MIDAST[KS],0.7,0,2.3620400428771973
Neural-ECF[argmax],0.7,0,0.7401609420776367
Neural-ECF[peaks],0.7,0,0.7401609420776367
MIDAST[KS],0.7,0,2.270937204360962
Neural-ECF[argmax],0.7,0,0.7038629055023193
Neural-ECF[peaks],0.7,0,0.7038629055023193
MIDAST[KS],0.7,0,2.6103601455688477
Neural-ECF[argmax],0.7,0,0.7904698848724365
Neural-ECF[peaks],0.7,0,0.7904698848724365
MIDAST[KS],0.7,0,2.37021803855896
Neural-ECF[argmax],0.7,35,0.7476291656494141
Neural-ECF[peaks],0.7,35,0.7476291656494141
MIDAST[KS],0.7,0,2.1805851459503174
Neural-ECF[argmax],0.7,0,0.6881189346313477
Neural-ECF[peaks],0.7,0,0.6881189346313477
MIDAST[KS],0.7,0,2.1167891025543213
Neural-ECF[argmax],0.7,10,0.6868679523468018
Neural-ECF[peaks],0.7,10,0.6868679523468018
MIDAST[KS],0.7,0,2.1206557750701904
Neural-ECF[argmax],0.7,0,0.7096309661865234
Neural-ECF[peaks],0.7,0,0.7096309661865234
MIDAST[KS],0.7,0,2.111053705215454
Neural-ECF[argmax],0.7,25,0.6968791484832764
Neural-ECF[peaks],0.7,25,0.6968791484832764
MIDAST[KS],0.7,0,2.1032910346984863
Neural-ECF[argmax],0.7,0,0.7057290077209473
Neural-ECF[peaks],0.7,0,0.7057290077209473
MIDAST[KS],0.7,0,2.121626853942871
Neural-ECF[argmax],0.7,0,0.7146389484405518
Neural-ECF[peaks],0.7,0,0.7146389484405518
MIDAST[KS],0.7,0,2.2063403129577637
Neural-ECF[argmax],0.7,35,0.7932579517364502
Neural-ECF[peaks],0.7,35,0.7932579517364502
MIDAST[KS],0.7,0,2.318142890930176
Neural-ECF[argmax],0.7,0,0.7419371604919434
Neural-ECF[peaks],0.7,0,0.7419371604919434
MIDAST[KS],0.7,0,2.161054849624634
Neural-ECF[argmax],0.7,0,0.7106380462646484
Neural-ECF[peaks],0.7,0,0.7106380462646484
MIDAST[KS],0.7,0,2.1326699256896973
Neural-ECF[argmax],0.7,5,0.6868460178375244
Neural-ECF[peaks],0.7,5,0.6868460178375244
MIDAST[KS],0.7,0,2.1669130325317383
Neural-ECF[argmax],0.7,0,0.707449197769165
Neural-ECF[peaks],0.7,0,0.707449197769165
MIDAST[KS],0.7,0,2.0806522369384766
Neural-ECF[argmax],0.7,0,0.710806131362915
Neural-ECF[peaks],0.7,0,0.710806131362915
MIDAST[KS],0.7,0,2.1211040019989014
Neural-ECF[argmax],0.7,5,0.6910419464111328
Neural-ECF[peaks],0.7,5,0.6910419464111328
MIDAST[KS],0.7,0,2.0420799255371094
Neural-ECF[argmax],0.7,5,0.7003312110900879
Neural-ECF[peaks],0.7,5,0.7003312110900879
MIDAST[KS],0.7,0,2.127425193786621
Neural-ECF[argmax],0.7,0,0.7096109390258789
Neural-ECF[peaks],0.7,0,0.7096109390258789
MIDAST[KS],0.7,0,2.188138961791992
Neural-ECF[argmax],0.7,0,0.7085278034210205
Neural-ECF[peaks],0.7,0,0.7085278034210205
MIDAST[KS],0.7,0,2.144428014755249
Neural-ECF[argmax],0.7,0,0.706758975982666
Neural-ECF[peaks],0.7,0,0.706758975982666
MIDAST[KS],0.7,0,2.1026511192321777
Neural-ECF[argmax],0.7,0,0.7097029685974121
Neural-ECF[peaks],0.7,0,0.7097029685974121
MIDAST[KS],0.7,0,2.113490104675293
Neural-ECF[argmax],0.7,5,0.7212800979614258
Neural-ECF[peaks],0.7,5,0.7212800979614258
MIDAST[KS],0.7,0,2.092474937438965
Neural-ECF[argmax],0.7,0,0.7146158218383789
Neural-ECF[peaks],0.7,0,0.7146158218383789
MIDAST[KS],0.7,0,2.063699960708618
Neural-ECF[argmax],0.7,10,0.7106888294219971
Neural-ECF[peaks],0.7,10,0.7106888294219971
MIDAST[KS],0.7,0,2.1305482387542725
Neural-ECF[argmax],0.7,0,0.701218843460083
Neural-ECF[peaks],0.7,0,0.701218843460083
MIDAST[KS],0.7,0,2.1174919605255127
Neural-ECF[argmax],0.7,0,0.7221817970275879
Neural-ECF[peaks],0.7,0,0.7221817970275879
MIDAST[KS],0.7,0,2.124476194381714
Neural-ECF[argmax],0.7,0,0.728651762008667
Neural-ECF[peaks],0.7,0,0.728651762008667
MIDAST[KS],0.7,0,2.1101508140563965
Neural-ECF[argmax],0.7,20,0.7098188400268555
Neural-ECF[peaks],0.7,20,0.7098188400268555
MIDAST[KS],0.7,0,2.1135921478271484
Neural-ECF[argmax],0.7,30,0.7070116996765137
Neural-ECF[peaks],0.7,30,0.7070116996765137
MIDAST[KS],0.7,0,2.0935139656066895
Neural-ECF[argmax],0.7,0,0.7073309421539307
Neural-ECF[peaks],0.7,0,0.7073309421539307
MIDAST[KS],0.7,0,2.078495979309082
Neural-ECF[argmax],0.7,35,0.7156040668487549
Neural-ECF[peaks],0.7,35,0.7156040668487549
MIDAST[KS],0.7,0,2.1745481491088867
Neural-ECF[argmax],0.7,5,0.6928741931915283
Neural-ECF[peaks],0.7,5,0.6928741931915283
MIDAST[KS],0.7,0,2.1433398723602295
Neural-ECF[argmax],0.7,0,0.703740119934082
Neural-ECF[peaks],0.7,0,0.703740119934082
MIDAST[KS],0.7,0,2.1462950706481934
Neural-ECF[argmax],0.7,0,0.7230091094970703
Neural-ECF[peaks],0.7,0,0.7230091094970703
MIDAST[KS],0.7,0,2.08587908744812
Neural-ECF[argmax],0.7,0,0.6936368942260742
Neural-ECF[peaks],0.7,0,0.6936368942260742
MIDAST[KS],0.7,0,2.113300085067749
Neural-ECF[argmax],0.7,5,0.7138080596923828
Neural-ECF[peaks],0.7,5,0.7138080596923828
MIDAST[KS],0.7,0,2.2074790000915527
Neural-ECF[argmax],0.7,0,0.7124238014221191
Neural-ECF[peaks],0.7,0,0.7124238014221191
MIDAST[KS],0.7,0,2.144981861114502
Neural-ECF[argmax],0.7,0,0.7068049907684326
Neural-ECF[peaks],0.7,0,0.7068049907684326
MIDAST[KS],0.7,0,2.119225263595581
Neural-ECF[argmax],0.7,25,0.7182378768920898
Neural-ECF[peaks],0.7,25,0.7182378768920898
MIDAST[KS],0.7,0,2.1600418090820312
Neural-ECF[argmax],0.7,0,0.7094097137451172
Neural-ECF[peaks],0.7,0,0.7094097137451172
MIDAST[KS],0.7,0,2.2557618618011475
Neural-ECF[argmax],0.7,0,0.7305197715759277
Neural-ECF[peaks],0.7,0,0.7305197715759277
MIDAST[KS],0.7,0,2.1476690769195557
Neural-ECF[argmax],0.7,20,0.7093031406402588
Neural-ECF[peaks],0.7,20,0.7093031406402588
MIDAST[KS],0.7,0,2.115570068359375
Neural-ECF[argmax],0.7,0,0.6954927444458008
Neural-ECF[peaks],0.7,0,0.6954927444458008
MIDAST[KS],0.7,0,2.105520009994507
Neural-ECF[argmax],0.7,30,0.7132339477539062
Neural-ECF[peaks],0.7,30,0.7132339477539062
MIDAST[KS],0.7,0,2.118948221206665
Neural-ECF[argmax],0.7,0,0.7074580192565918
Neural-ECF[peaks],0.7,0,0.7074580192565918
MIDAST[KS],0.7,0,2.128384828567505
Neural-ECF[argmax],0.7,0,0.7077159881591797
Neural-ECF[peaks],0.7,0,0.7077159881591797
MIDAST[KS],0.7,0,2.1055960655212402
Neural-ECF[argmax],0.7,0,0.7202050685882568
Neural-ECF[peaks],0.7,0,0.7202050685882568
MIDAST[KS],0.7,0,2.131866931915283
Neural-ECF[argmax],0.7,0,0.7131671905517578
Neural-ECF[peaks],0.7,0,0.7131671905517578
MIDAST[KS],0.7,0,2.1054611206054688
Neural-ECF[argmax],0.7,0,0.7057912349700928
Neural-ECF[peaks],0.7,0,0.7057912349700928
MIDAST[KS],0.7,0,2.107776165008545
Neural-ECF[argmax],0.7,0,0.6892051696777344
Neural-ECF[peaks],0.7,0,0.6892051696777344
MIDAST[KS],0.7,0,2.106750965118408
Neural-ECF[argmax],0.7,0,0.7336058616638184
Neural-ECF[peaks],0.7,0,0.7336058616638184
MIDAST[KS],0.7,0,2.138152837753296
Neural-ECF[argmax],0.7,10,0.7052462100982666
Neural-ECF[peaks],0.7,10,0.7052462100982666
MIDAST[KS],0.7,0,2.131324052810669
Neural-ECF[argmax],0.7,0,0.6949329376220703
Neural-ECF[peaks],0.7,0,0.6949329376220703
MIDAST[KS],0.7,0,2.086704969406128
Neural-ECF[argmax],0.7,10,0.7077021598815918
Neural-ECF[peaks],0.7,10,0.7077021598815918
MIDAST[KS],0.7,0,2.15014910697937
Neural-ECF[argmax],0.7,15,0.7165312767028809
Neural-ECF[peaks],0.7,15,0.7165312767028809
MIDAST[KS],0.7,0,2.119286060333252
Neural-ECF[argmax],0.7,20,0.6927809715270996
Neural-ECF[peaks],0.7,20,0.6927809715270996
MIDAST[KS],0.7,0,2.1007418632507324
Neural-ECF[argmax],0.7,0,0.6861631870269775
Neural-ECF[peaks],0.7,0,0.6861631870269775
MIDAST[KS],0.7,0,2.1013100147247314
Neural-ECF[argmax],0.7,40,0.6970939636230469
Neural-ECF[peaks],0.7,40,0.6970939636230469
MIDAST[KS],0.7,0,2.0805938243865967
Neural-ECF[argmax],0.7,5,0.7326440811157227
Neural-ECF[peaks],0.7,5,0.7326440811157227
MIDAST[KS],0.7,0,2.1683480739593506
Neural-ECF[argmax],0.7,65,0.7032821178436279
Neural-ECF[peaks],0.7,65,0.7032821178436279
MIDAST[KS],0.7,0,2.088560104370117
Neural-ECF[argmax],0.7,0,0.7023239135742188
Neural-ECF[peaks],0.7,0,0.7023239135742188
MIDAST[KS],0.7,0,2.077505111694336
Neural-ECF[argmax],0.7,50,0.6892819404602051
Neural-ECF[peaks],0.7,50,0.6892819404602051
MIDAST[KS],0.7,0,2.117110013961792
Neural-ECF[argmax],0.7,0,0.6988039016723633
Neural-ECF[peaks],0.7,0,0.6988039016723633
MIDAST[KS],0.7,0,2.0922162532806396
Neural-ECF[argmax],0.7,5,0.6969969272613525
Neural-ECF[peaks],0.7,5,0.6969969272613525
MIDAST[KS],0.7,0,2.0820109844207764
Neural-ECF[argmax],0.7,0,0.6839311122894287
Neural-ECF[peaks],0.7,0,0.6839311122894287
MIDAST[KS],0.7,0,2.102605104446411
Neural-ECF[argmax],0.7,55,0.6911928653717041
Neural-ECF[peaks],0.7,55,0.6911928653717041
MIDAST[KS],0.7,0,2.0718657970428467
Neural-ECF[argmax],0.7,0,0.6833081245422363
Neural-ECF[peaks],0.7,0,0.6833081245422363
MIDAST[KS],0.7,0,2.0365827083587646
Neural-ECF[argmax],0.7,0,0.6737589836120605
Neural-ECF[peaks],0.7,0,0.6737589836120605
MIDAST[KS],0.7,0,2.003190040588379
Neural-ECF[argmax],0.7,20,0.67854905128479
Neural-ECF[peaks],0.7,20,0.67854905128479
MIDAST[KS],0.7,0,2.1171882152557373
Neural-ECF[argmax],0.7,0,0.6718552112579346
Neural-ECF[peaks],0.7,0,0.6718552112579346
MIDAST[KS],0.7,0,2.0589301586151123
Neural-ECF[argmax],0.7,0,0.6810300350189209
Neural-ECF[peaks],0.7,0,0.6810300350189209
MIDAST[KS],0.7,0,2.069951057434082
Neural-ECF[argmax],0.7,15,0.6805770397186279
Neural-ECF[peaks],0.7,15,0.6805770397186279
MIDAST[KS],0.7,0,2.0660440921783447
Neural-ECF[argmax],0.7,0,0.6835291385650635
Neural-ECF[peaks],0.7,0,0.6835291385650635
MIDAST[KS],0.7,0,2.109539270401001
Neural-ECF[argmax],0.7,5,0.7210640907287598
Neural-ECF[peaks],0.7,5,0.7210640907287598
MIDAST[KS],0.7,0,2.0580880641937256
Neural-ECF[argmax],0.7,45,0.7026810646057129
Neural-ECF[peaks],0.7,45,0.7026810646057129
MIDAST[KS],0.7,0,2.034281015396118
Neural-ECF[argmax],0.7,15,0.6891798973083496
Neural-ECF[peaks],0.7,15,0.6891798973083496
MIDAST[KS],0.7,0,2.043442964553833
Neural-ECF[argmax],0.7,0,0.6947779655456543
Neural-ECF[peaks],0.7,0,0.6947779655456543
MIDAST[KS],0.7,0,2.0286028385162354
Neural-ECF[argmax],0.7,0,0.6898801326751709
Neural-ECF[peaks],0.7,0,0.6898801326751709
MIDAST[KS],0.7,0,2.0195789337158203
Neural-ECF[argmax],0.7,0,0.6753451824188232
Neural-ECF[peaks],0.7,0,0.6753451824188232
MIDAST[KS],0.7,0,2.002664089202881
Neural-ECF[argmax],0.7,0,0.6861240863800049
Neural-ECF[peaks],0.7,0,0.6861240863800049
MIDAST[KS],0.7,0,2.100724935531616
Neural-ECF[argmax],0.7,20,0.6929769515991211
Neural-ECF[peaks],0.7,20,0.6929769515991211
MIDAST[KS],0.7,0,2.0172619819641113
Neural-ECF[argmax],0.7,35,0.6904580593109131
Neural-ECF[peaks],0.7,35,0.6904580593109131
MIDAST[KS],0.7,0,2.0639572143554688
Neural-ECF[argmax],0.7,0,0.6593101024627686
Neural-ECF[peaks],0.7,0,0.6593101024627686
MIDAST[KS],0.7,0,2.05989408493042
Neural-ECF[argmax],0.7,0,0.709373950958252
Neural-ECF[peaks],0.7,0,0.709373950958252
MIDAST[KS],0.7,0,2.070093870162964
Neural-ECF[argmax],0.7,25,0.7032480239868164
Neural-ECF[peaks],0.7,25,0.7032480239868164
MIDAST[KS],0.7,0,2.0649828910827637
Neural-ECF[argmax],0.7,10,0.7057619094848633
Neural-ECF[peaks],0.7,10,0.7057619094848633
MIDAST[KS],0.7,0,2.1002111434936523
Neural-ECF[argmax],0.7,10,0.7045257091522217
Neural-ECF[peaks],0.7,10,0.7045257091522217
MIDAST[KS],0.7,0,2.137784004211426
Neural-ECF[argmax],0.7,10,0.6876978874206543
Neural-ECF[peaks],0.7,10,0.6876978874206543
MIDAST[KS],0.7,0,2.0704922676086426
Neural-ECF[argmax],0.7,25,0.6977849006652832
Neural-ECF[peaks],0.7,25,0.6977849006652832
MIDAST[KS],0.7,0,2.069888114929199
Neural-ECF[argmax],0.7,80,0.7000138759613037
Neural-ECF[peaks],0.7,80,0.7000138759613037
MIDAST[KS],0.7,0,2.078562021255493
Neural-ECF[argmax],0.7,5,0.6950380802154541
Neural-ECF[peaks],0.7,5,0.6950380802154541
MIDAST[KS],0.7,0,2.0528769493103027
Neural-ECF[argmax],0.7,0,0.7235448360443115
Neural-ECF[peaks],0.7,0,0.7235448360443115
MIDAST[KS],0.7,0,2.103175163269043
Neural-ECF[argmax],0.7,25,0.7065801620483398
Neural-ECF[peaks],0.7,25,0.7065801620483398
MIDAST[KS],0.7,0,2.0791432857513428
Neural-ECF[argmax],0.7,0,0.695483922958374
Neural-ECF[peaks],0.7,0,0.695483922958374
MIDAST[KS],0.7,0,2.0950558185577393
Neural-ECF[argmax],0.7,0,0.710690975189209
Neural-ECF[peaks],0.7,0,0.710690975189209
MIDAST[KS],0.7,0,2.112812042236328
Neural-ECF[argmax],0.7,0,0.6876988410949707
Neural-ECF[peaks],0.7,0,0.6876988410949707
MIDAST[KS],0.7,0,2.16941499710083
Neural-ECF[argmax],0.7,35,0.6947813034057617
Neural-ECF[peaks],0.7,35,0.6947813034057617
MIDAST[KS],0.7,0,2.117069721221924
Neural-ECF[argmax],0.7,0,0.6885879039764404
Neural-ECF[peaks],0.7,0,0.6885879039764404
MIDAST[KS],0.7,0,2.05470609664917
Neural-ECF[argmax],0.7,15,0.6955549716949463
Neural-ECF[peaks],0.7,15,0.6955549716949463
MIDAST[KS],0.7,10,2.1260688304901123
Neural-ECF[argmax],0.7,10,0.6706869602203369
Neural-ECF[peaks],0.7,10,0.6706869602203369
MIDAST[KS],0.7,0,2.0513508319854736
Neural-ECF[argmax],0.7,30,0.6455357074737549
Neural-ECF[peaks],0.7,30,0.6455357074737549
MIDAST[KS],0.7,0,2.072561264038086
Neural-ECF[argmax],0.7,25,0.6876621246337891
Neural-ECF[peaks],0.7,25,0.6876621246337891
MIDAST[KS],0.7,0,2.052870035171509
Neural-ECF[argmax],0.7,0,0.6945381164550781
Neural-ECF[peaks],0.7,0,0.6945381164550781
MIDAST[KS],0.7,0,2.4631989002227783
Neural-ECF[argmax],0.7,0,0.7293887138366699
Neural-ECF[peaks],0.7,0,0.7293887138366699
MIDAST[KS],0.7,0,2.1553831100463867
Neural-ECF[argmax],0.5,0,1.067857027053833
Neural-ECF[peaks],0.5,0,1.067857027053833
MIDAST[KS],0.5,0,3.2288870811462402
Neural-ECF[argmax],0.5,0,1.0927340984344482
Neural-ECF[peaks],0.5,0,1.0927340984344482
MIDAST[KS],0.5,0,3.1995368003845215
Neural-ECF[argmax],0.5,0,1.0588510036468506
Neural-ECF[peaks],0.5,0,1.0588510036468506
MIDAST[KS],0.5,0,3.1736843585968018
Neural-ECF[argmax],0.5,25,1.0642189979553223
Neural-ECF[peaks],0.5,25,1.0642189979553223
MIDAST[KS],0.5,0,3.27756404876709
Neural-ECF[argmax],0.5,0,1.0407097339630127
Neural-ECF[peaks],0.5,0,1.0407097339630127
MIDAST[KS],0.5,0,3.186997890472412
Neural-ECF[argmax],0.5,0,1.0239369869232178
Neural-ECF[peaks],0.5,0,1.0239369869232178
MIDAST[KS],0.5,0,3.1790668964385986
Neural-ECF[argmax],0.5,0,1.047598123550415
Neural-ECF[peaks],0.5,0,1.047598123550415
MIDAST[KS],0.5,0,3.162959098815918
Neural-ECF[argmax],0.5,0,1.0590121746063232
Neural-ECF[peaks],0.5,0,1.0590121746063232
MIDAST[KS],0.5,0,3.324307918548584
Neural-ECF[argmax],0.5,0,1.0316879749298096
Neural-ECF[peaks],0.5,0,1.0316879749298096
MIDAST[KS],0.5,0,3.2067670822143555
Neural-ECF[argmax],0.5,0,1.0273828506469727
Neural-ECF[peaks],0.5,0,1.0273828506469727
MIDAST[KS],0.5,0,3.28541898727417
Neural-ECF[argmax],0.5,0,1.046055793762207
Neural-ECF[peaks],0.5,0,1.046055793762207
MIDAST[KS],0.5,0,3.2123477458953857
Neural-ECF[argmax],0.5,0,1.0555529594421387
Neural-ECF[peaks],0.5,0,1.0555529594421387
MIDAST[KS],0.5,0,3.216768980026245
Neural-ECF[argmax],0.5,5,1.0313973426818848
Neural-ECF[peaks],0.5,5,1.0313973426818848
MIDAST[KS],0.5,0,3.169104814529419
Neural-ECF[argmax],0.5,0,1.012138843536377
Neural-ECF[peaks],0.5,0,1.012138843536377
MIDAST[KS],0.5,0,3.2023134231567383
Neural-ECF[argmax],0.5,0,1.0714900493621826
Neural-ECF[peaks],0.5,0,1.0714900493621826
MIDAST[KS],0.5,0,3.1013896465301514
Neural-ECF[argmax],0.5,0,1.031005859375
Neural-ECF[peaks],0.5,0,1.031005859375
MIDAST[KS],0.5,0,3.158766031265259
Neural-ECF[argmax],0.5,5,1.0470809936523438
Neural-ECF[peaks],0.5,5,1.0470809936523438
MIDAST[KS],0.5,0,3.2140092849731445
Neural-ECF[argmax],0.5,0,1.0129220485687256
Neural-ECF[peaks],0.5,0,1.0129220485687256
MIDAST[KS],0.5,0,3.2046799659729004
Neural-ECF[argmax],0.5,0,1.0343279838562012
Neural-ECF[peaks],0.5,0,1.0343279838562012
MIDAST[KS],0.5,0,3.1463470458984375
Neural-ECF[argmax],0.5,0,1.049710988998413
Neural-ECF[peaks],0.5,0,1.049710988998413
MIDAST[KS],0.5,0,3.1296539306640625
Neural-ECF[argmax],0.5,0,1.0374131202697754
Neural-ECF[peaks],0.5,0,1.0374131202697754
MIDAST[KS],0.5,0,3.079840898513794
Neural-ECF[argmax],0.5,5,1.0106418132781982
Neural-ECF[peaks],0.5,5,1.0106418132781982
MIDAST[KS],0.5,0,3.146150827407837
Neural-ECF[argmax],0.5,0,1.023339033126831
Neural-ECF[peaks],0.5,0,1.023339033126831
MIDAST[KS],0.5,0,3.178292989730835
Neural-ECF[argmax],0.5,0,1.018799066543579
Neural-ECF[peaks],0.5,0,1.018799066543579
MIDAST[KS],0.5,0,3.154219150543213
Neural-ECF[argmax],0.5,0,1.044541358947754
Neural-ECF[peaks],0.5,0,1.044541358947754
MIDAST[KS],0.5,0,3.1315150260925293
Neural-ECF[argmax],0.5,0,1.025953769683838
Neural-ECF[peaks],0.5,0,1.025953769683838
MIDAST[KS],0.5,0,3.0975968837738037
Neural-ECF[argmax],0.5,0,1.0196759700775146
Neural-ECF[peaks],0.5,0,1.0196759700775146
MIDAST[KS],0.5,0,3.1803882122039795
Neural-ECF[argmax],0.5,0,1.052950143814087
Neural-ECF[peaks],0.5,0,1.052950143814087
MIDAST[KS],0.5,0,3.1506428718566895
Neural-ECF[argmax],0.5,0,1.043546199798584
Neural-ECF[peaks],0.5,0,1.043546199798584
MIDAST[KS],0.5,0,3.096392869949341
Neural-ECF[argmax],0.5,0,1.0322208404541016
Neural-ECF[peaks],0.5,0,1.0322208404541016
MIDAST[KS],0.5,0,3.0901880264282227
Neural-ECF[argmax],0.5,0,1.0086829662322998
Neural-ECF[peaks],0.5,0,1.0086829662322998
MIDAST[KS],0.5,0,3.0858712196350098
Neural-ECF[argmax],0.5,0,0.9990890026092529
Neural-ECF[peaks],0.5,0,0.9990890026092529
MIDAST[KS],0.5,0,3.1537790298461914
Neural-ECF[argmax],0.5,0,1.0268452167510986
Neural-ECF[peaks],0.5,0,1.0268452167510986
MIDAST[KS],0.5,0,3.172239065170288
Neural-ECF[argmax],0.5,0,1.0015349388122559
Neural-ECF[peaks],0.5,0,1.0015349388122559
MIDAST[KS],0.5,0,3.1785757541656494
Neural-ECF[argmax],0.5,10,1.0254778861999512
Neural-ECF[peaks],0.5,10,1.0254778861999512
MIDAST[KS],0.5,0,3.143239974975586
Neural-ECF[argmax],0.5,5,1.0217998027801514
Neural-ECF[peaks],0.5,5,1.0217998027801514
MIDAST[KS],0.5,0,3.1240787506103516
Neural-ECF[argmax],0.5,0,1.0415971279144287
Neural-ECF[peaks],0.5,0,1.0415971279144287
MIDAST[KS],0.5,0,3.111442804336548
Neural-ECF[argmax],0.5,0,0.9821219444274902
Neural-ECF[peaks],0.5,0,0.9821219444274902
MIDAST[KS],0.5,0,3.0918362140655518
Neural-ECF[argmax],0.5,0,1.061751127243042
Neural-ECF[peaks],0.5,0,1.061751127243042
MIDAST[KS],0.5,0,3.095029830932617
Neural-ECF[argmax],0.5,0,1.0079901218414307
Neural-ECF[peaks],0.5,0,1.0079901218414307
MIDAST[KS],0.5,0,3.1208677291870117
Neural-ECF[argmax],0.5,0,0.995229959487915
Neural-ECF[peaks],0.5,0,0.995229959487915
MIDAST[KS],0.5,0,3.133725881576538
Neural-ECF[argmax],0.5,0,1.0074589252471924
Neural-ECF[peaks],0.5,0,1.0074589252471924
MIDAST[KS],0.5,0,3.1530539989471436
Neural-ECF[argmax],0.5,0,1.0137672424316406
Neural-ECF[peaks],0.5,0,1.0137672424316406
MIDAST[KS],0.5,0,3.0683038234710693
Neural-ECF[argmax],0.5,0,1.0244941711425781
Neural-ECF[peaks],0.5,0,1.0244941711425781
MIDAST[KS],0.5,0,3.1193010807037354
Neural-ECF[argmax],0.5,0,0.9905140399932861
Neural-ECF[peaks],0.5,0,0.9905140399932861
MIDAST[KS],0.5,0,3.0846750736236572
Neural-ECF[argmax],0.5,0,1.0168159008026123
Neural-ECF[peaks],0.5,0,1.0168159008026123
MIDAST[KS],0.5,0,3.1081318855285645
Neural-ECF[argmax],0.5,0,1.016685962677002
Neural-ECF[peaks],0.5,0,1.016685962677002
MIDAST[KS],0.5,0,3.1201260089874268
Neural-ECF[argmax],0.5,0,0.9582071304321289
Neural-ECF[peaks],0.5,0,0.9582071304321289
MIDAST[KS],0.5,0,3.07883882522583
Neural-ECF[argmax],0.5,0,1.0011060237884521
Neural-ECF[peaks],0.5,0,1.0011060237884521
MIDAST[KS],0.5,0,3.143734931945801
Neural-ECF[argmax],0.5,0,0.989530086517334
Neural-ECF[peaks],0.5,0,0.989530086517334
MIDAST[KS],0.5,0,3.148761034011841
Neural-ECF[argmax],0.5,0,0.9996998310089111
Neural-ECF[peaks],0.5,0,0.9996998310089111
MIDAST[KS],0.5,0,3.1292710304260254
Neural-ECF[argmax],0.5,0,1.0168828964233398
Neural-ECF[peaks],0.5,0,1.0168828964233398
MIDAST[KS],0.5,0,3.1209380626678467
Neural-ECF[argmax],0.5,0,1.0566320419311523
Neural-ECF[peaks],0.5,0,1.0566320419311523
MIDAST[KS],0.5,0,3.2033917903900146
Neural-ECF[argmax],0.5,15,1.0076918601989746
Neural-ECF[peaks],0.5,15,1.0076918601989746
MIDAST[KS],0.5,0,3.1413607597351074
Neural-ECF[argmax],0.5,0,1.0192172527313232
Neural-ECF[peaks],0.5,0,1.0192172527313232
MIDAST[KS],0.5,0,3.1940648555755615
Neural-ECF[argmax],0.5,0,0.9962079524993896
Neural-ECF[peaks],0.5,0,0.9962079524993896
MIDAST[KS],0.5,0,3.0767290592193604
Neural-ECF[argmax],0.5,0,1.002748966217041
Neural-ECF[peaks],0.5,0,1.002748966217041
MIDAST[KS],0.5,0,3.1426591873168945
Neural-ECF[argmax],0.5,20,0.9988448619842529
Neural-ECF[peaks],0.5,20,0.9988448619842529
MIDAST[KS],0.5,0,3.1602442264556885
Neural-ECF[argmax],0.5,5,1.0679521560668945
Neural-ECF[peaks],0.5,5,1.0679521560668945
MIDAST[KS],0.5,0,3.226553201675415
Neural-ECF[argmax],0.5,0,1.0303370952606201
Neural-ECF[peaks],0.5,0,1.0303370952606201
MIDAST[KS],0.5,0,3.141733169555664
Neural-ECF[argmax],0.5,0,1.0240387916564941
Neural-ECF[peaks],0.5,0,1.0240387916564941
MIDAST[KS],0.5,0,3.1575191020965576
Neural-ECF[argmax],0.5,0,0.986525297164917
Neural-ECF[peaks],0.5,0,0.986525297164917
MIDAST[KS],0.5,0,3.0857248306274414
Neural-ECF[argmax],0.5,0,1.0513391494750977
Neural-ECF[peaks],0.5,0,1.0513391494750977
MIDAST[KS],0.5,0,3.076664686203003
Neural-ECF[argmax],0.5,0,0.9875161647796631
Neural-ECF[peaks],0.5,0,0.9875161647796631
MIDAST[KS],0.5,0,3.24253511428833
Neural-ECF[argmax],0.5,0,1.048799991607666
Neural-ECF[peaks],0.5,0,1.048799991607666
MIDAST[KS],0.5,0,3.165616989135742
Neural-ECF[argmax],0.5,0,1.0126850605010986
Neural-ECF[peaks],0.5,0,1.0126850605010986
MIDAST[KS],0.5,0,3.1433632373809814
Neural-ECF[argmax],0.5,0,1.0131690502166748
Neural-ECF[peaks],0.5,0,1.0131690502166748
MIDAST[KS],0.5,0,3.15959095954895
Neural-ECF[argmax],0.5,0,1.0727159976959229
Neural-ECF[peaks],0.5,0,1.0727159976959229
MIDAST[KS],0.5,0,3.1439502239227295
Neural-ECF[argmax],0.5,0,1.0681788921356201
Neural-ECF[peaks],0.5,0,1.0681788921356201
MIDAST[KS],0.5,0,3.108060121536255
Neural-ECF[argmax],0.5,0,0.9978830814361572
Neural-ECF[peaks],0.5,0,0.9978830814361572
MIDAST[KS],0.5,0,3.1717381477355957
Neural-ECF[argmax],0.5,0,1.0196468830108643
Neural-ECF[peaks],0.5,0,1.0196468830108643
MIDAST[KS],0.5,0,3.1330008506774902
Neural-ECF[argmax],0.5,5,1.0072410106658936
Neural-ECF[peaks],0.5,5,1.0072410106658936
MIDAST[KS],0.5,0,3.132410764694214
Neural-ECF[argmax],0.5,0,1.0146961212158203
Neural-ECF[peaks],0.5,0,1.0146961212158203
MIDAST[KS],0.5,0,3.108612060546875
Neural-ECF[argmax],0.5,0,1.0166149139404297
Neural-ECF[peaks],0.5,0,1.0166149139404297
MIDAST[KS],0.5,0,3.2152838706970215
Neural-ECF[argmax],0.5,0,1.0260281562805176
Neural-ECF[peaks],0.5,0,1.0260281562805176
MIDAST[KS],0.5,0,3.0822830200195312
Neural-ECF[argmax],0.5,0,0.9981067180633545
Neural-ECF[peaks],0.5,0,0.9981067180633545
MIDAST[KS],0.5,0,3.109914779663086
Neural-ECF[argmax],0.5,0,1.0164198875427246
Neural-ECF[peaks],0.5,0,1.0164198875427246
MIDAST[KS],0.5,0,3.1416451930999756
Neural-ECF[argmax],0.5,5,1.022029161453247
Neural-ECF[peaks],0.5,5,1.022029161453247
MIDAST[KS],0.5,0,3.122732639312744
Neural-ECF[argmax],0.5,5,1.0371336936950684
Neural-ECF[peaks],0.5,5,1.0371336936950684
MIDAST[KS],0.5,0,3.1529130935668945
Neural-ECF[argmax],0.5,5,1.012742042541504
Neural-ECF[peaks],0.5,5,1.012742042541504
MIDAST[KS],0.5,0,3.1554272174835205
Neural-ECF[argmax],0.5,0,0.9927079677581787
Neural-ECF[peaks],0.5,0,0.9927079677581787
MIDAST[KS],0.5,0,3.1604480743408203
Neural-ECF[argmax],0.5,0,1.0352439880371094
Neural-ECF[peaks],0.5,0,1.0352439880371094
MIDAST[KS],0.5,0,3.163292169570923
Neural-ECF[argmax],0.5,0,1.0569519996643066
Neural-ECF[peaks],0.5,0,1.0569519996643066
MIDAST[KS],0.5,0,3.1662521362304688
Neural-ECF[argmax],0.5,0,0.9925858974456787
Neural-ECF[peaks],0.5,0,0.9925858974456787
MIDAST[KS],0.5,0,3.160568952560425
Neural-ECF[argmax],0.5,25,1.0062370300292969
Neural-ECF[peaks],0.5,25,1.0062370300292969
MIDAST[KS],0.5,0,3.1602041721343994
Neural-ECF[argmax],0.5,5,1.0254459381103516
Neural-ECF[peaks],0.5,5,1.0254459381103516
MIDAST[KS],0.5,0,3.079301118850708
Neural-ECF[argmax],0.5,0,1.036681890487671
Neural-ECF[peaks],0.5,0,1.036681890487671
MIDAST[KS],0.5,0,3.113193988800049
Neural-ECF[argmax],0.5,0,1.055952787399292
Neural-ECF[peaks],0.5,0,1.055952787399292
MIDAST[KS],0.5,0,3.1078038215637207
Neural-ECF[argmax],0.5,0,1.0540709495544434
Neural-ECF[peaks],0.5,0,1.0540709495544434
MIDAST[KS],0.5,0,3.1699812412261963
Neural-ECF[argmax],0.5,0,1.0391249656677246
Neural-ECF[peaks],0.5,0,1.0391249656677246
MIDAST[KS],0.5,0,3.174221992492676
Neural-ECF[argmax],0.5,25,1.0666990280151367
Neural-ECF[peaks],0.5,25,1.0666990280151367
MIDAST[KS],0.5,0,3.1723968982696533
Neural-ECF[argmax],0.5,0,1.0415821075439453
Neural-ECF[peaks],0.5,0,1.0415821075439453
MIDAST[KS],0.5,0,3.1658151149749756
Neural-ECF[argmax],0.5,0,1.018794059753418
Neural-ECF[peaks],0.5,0,1.018794059753418
MIDAST[KS],0.5,0,3.056403160095215
Neural-ECF[argmax],0.5,0,1.018200159072876
Neural-ECF[peaks],0.5,0,1.018200159072876
MIDAST[KS],0.5,0,2.8771207332611084
Neural-ECF[argmax],0.5,0,1.0051887035369873
Neural-ECF[peaks],0.5,0,1.0051887035369873
MIDAST[KS],0.5,0,3.1474950313568115
Neural-ECF[argmax],0.5,0,1.050034761428833
Neural-ECF[peaks],0.5,0,1.050034761428833
MIDAST[KS],0.5,0,3.1426260471343994
Neural-ECF[argmax],0.5,0,1.0446598529815674
Neural-ECF[peaks],0.5,0,1.0446598529815674
MIDAST[KS],0.5,0,3.0333120822906494
Neural-ECF[argmax],0.5,0,1.0371510982513428
Neural-ECF[peaks],0.5,0,1.0371510982513428
MIDAST[KS],0.5,0,3.1332201957702637
Neural-ECF[argmax],0.5,0,1.0110998153686523
Neural-ECF[peaks],0.5,0,1.0110998153686523
MIDAST[KS],0.5,0,3.212068796157837
Neural-ECF[argmax],0.5,5,1.0026869773864746
Neural-ECF[peaks],0.5,5,1.0026869773864746
MIDAST[KS],0.5,0,3.0835020542144775
Neural-ECF[argmax],0.5,0,1.034837007522583
Neural-ECF[peaks],0.5,0,1.034837007522583
MIDAST[KS],0.5,0,3.1582729816436768
Neural-ECF[argmax],0.5,0,0.9806878566741943
Neural-ECF[peaks],0.5,0,0.9806878566741943
MIDAST[KS],0.5,0,3.1619350910186768
Neural-ECF[argmax],0.5,0,1.0297608375549316
Neural-ECF[peaks],0.5,0,1.0297608375549316
MIDAST[KS],0.5,0,3.1519510746002197
Neural-ECF[argmax],0.5,15,1.0039570331573486
Neural-ECF[peaks],0.5,15,1.0039570331573486
MIDAST[KS],0.5,0,3.19441819190979
Neural-ECF[argmax],0.5,0,1.0181658267974854
Neural-ECF[peaks],0.5,0,1.0181658267974854
MIDAST[KS],0.5,0,3.1662890911102295
Neural-ECF[argmax],0.5,0,1.0071070194244385
Neural-ECF[peaks],0.5,0,1.0071070194244385
MIDAST[KS],0.5,0,3.0929088592529297
Neural-ECF[argmax],0.5,0,1.0515639781951904
Neural-ECF[peaks],0.5,0,1.0515639781951904
MIDAST[KS],0.5,0,3.150053024291992
Neural-ECF[argmax],0.5,0,1.0445611476898193
Neural-ECF[peaks],0.5,0,1.0445611476898193
MIDAST[KS],0.5,0,3.1496469974517822
Neural-ECF[argmax],0.5,0,1.0051310062408447
Neural-ECF[peaks],0.5,0,1.0051310062408447
MIDAST[KS],0.5,0,3.1222379207611084
Neural-ECF[argmax],0.5,0,1.0296428203582764
Neural-ECF[peaks],0.5,0,1.0296428203582764
MIDAST[KS],0.5,0,3.143982172012329
Neural-ECF[argmax],0.5,0,1.0408859252929688
Neural-ECF[peaks],0.5,0,1.0408859252929688
MIDAST[KS],0.5,0,3.217595100402832
Neural-ECF[argmax],0.5,0,1.0269732475280762
Neural-ECF[peaks],0.5,0,1.0269732475280762
MIDAST[KS],0.5,0,3.140153646469116
Neural-ECF[argmax],0.5,5,1.026033878326416
Neural-ECF[peaks],0.5,5,1.026033878326416
MIDAST[KS],0.5,0,3.081510066986084
Neural-ECF[argmax],0.5,15,1.035722017288208
Neural-ECF[peaks],0.5,15,1.035722017288208
MIDAST[KS],0.5,0,3.09820294380188
Neural-ECF[argmax],0.5,0,1.0367298126220703
Neural-ECF[peaks],0.5,0,1.0367298126220703
MIDAST[KS],0.5,0,3.1276400089263916
Neural-ECF[argmax],0.5,0,1.0044381618499756
Neural-ECF[peaks],0.5,0,1.0044381618499756
MIDAST[KS],0.5,0,3.1878910064697266
Neural-ECF[argmax],0.5,0,1.0138752460479736
Neural-ECF[peaks],0.5,0,1.0138752460479736
MIDAST[KS],0.5,0,3.216430187225342
Neural-ECF[argmax],0.5,0,1.0271663665771484
Neural-ECF[peaks],0.5,0,1.0271663665771484
MIDAST[KS],0.5,0,3.1111578941345215
Neural-ECF[argmax],0.5,0,1.0201480388641357
Neural-ECF[peaks],0.5,0,1.0201480388641357
MIDAST[KS],0.5,0,3.120854139328003
Neural-ECF[argmax],0.5,10,1.047520637512207
Neural-ECF[peaks],0.5,10,1.047520637512207
MIDAST[KS],0.5,0,3.1472320556640625
Neural-ECF[argmax],0.5,0,1.0136561393737793
Neural-ECF[peaks],0.5,0,1.0136561393737793
MIDAST[KS],0.5,0,3.1360180377960205
Neural-ECF[argmax],0.5,20,1.0478901863098145
Neural-ECF[peaks],0.5,20,1.0478901863098145
MIDAST[KS],0.5,0,3.0967531204223633
Neural-ECF[argmax],0.5,10,1.025710105895996
Neural-ECF[peaks],0.5,10,1.025710105895996
MIDAST[KS],0.5,0,3.1633799076080322
Neural-ECF[argmax],0.5,0,1.0052368640899658
Neural-ECF[peaks],0.5,0,1.0052368640899658
MIDAST[KS],0.5,0,3.156054973602295
Neural-ECF[argmax],0.5,5,1.0278608798980713
Neural-ECF[peaks],0.5,5,1.0278608798980713
MIDAST[KS],0.5,0,3.1762211322784424
Neural-ECF[argmax],0.5,0,1.0124528408050537
Neural-ECF[peaks],0.5,0,1.0124528408050537
MIDAST[KS],0.5,0,3.2265212535858154
Neural-ECF[argmax],0.5,0,1.090217113494873
Neural-ECF[peaks],0.5,0,1.090217113494873
MIDAST[KS],0.5,0,3.1631431579589844
Neural-ECF[argmax],0.5,0,1.0359609127044678
Neural-ECF[peaks],0.5,0,1.0359609127044678
MIDAST[KS],0.5,0,3.1814167499542236
Neural-ECF[argmax],0.5,45,1.0147252082824707
Neural-ECF[peaks],0.5,45,1.0147252082824707
MIDAST[KS],0.5,0,3.107487916946411
Neural-ECF[argmax],0.5,10,1.032641887664795
Neural-ECF[peaks],0.5,10,1.032641887664795
MIDAST[KS],0.5,0,3.0764591693878174
Neural-ECF[argmax],0.5,0,1.051110029220581
Neural-ECF[peaks],0.5,0,1.051110029220581
MIDAST[KS],0.5,0,3.188163995742798
Neural-ECF[argmax],0.5,0,1.0375988483428955
Neural-ECF[peaks],0.5,0,1.0375988483428955
MIDAST[KS],0.5,0,3.1664998531341553
Neural-ECF[argmax],0.5,0,1.0247559547424316
Neural-ECF[peaks],0.5,0,1.0247559547424316
MIDAST[KS],0.5,0,3.2226710319519043
Neural-ECF[argmax],0.5,0,1.0356109142303467
Neural-ECF[peaks],0.5,0,1.0356109142303467
MIDAST[KS],0.5,0,3.089590072631836
Neural-ECF[argmax],0.5,0,1.0384330749511719
Neural-ECF[peaks],0.5,0,1.0384330749511719
MIDAST[KS],0.5,0,3.201507091522217
Neural-ECF[argmax],0.5,0,1.0287220478057861
Neural-ECF[peaks],0.5,0,1.0287220478057861
MIDAST[KS],0.5,0,3.228257179260254
Neural-ECF[argmax],0.5,0,1.0348689556121826
Neural-ECF[peaks],0.5,0,1.0348689556121826
MIDAST[KS],0.5,0,3.2220420837402344
Neural-ECF[argmax],0.5,0,1.0638210773468018
Neural-ECF[peaks],0.5,0,1.0638210773468018
MIDAST[KS],0.5,0,3.2514820098876953
Neural-ECF[argmax],0.5,5,1.0945680141448975
Neural-ECF[peaks],0.5,5,1.0945680141448975
MIDAST[KS],0.5,0,3.212855815887451
Neural-ECF[argmax],0.5,0,1.1209468841552734
Neural-ECF[peaks],0.5,0,1.1209468841552734
MIDAST[KS],0.5,0,3.1610450744628906
Neural-ECF[argmax],0.5,0,1.0404181480407715
Neural-ECF[peaks],0.5,0,1.0404181480407715
MIDAST[KS],0.5,0,3.2554521560668945
Neural-ECF[argmax],0.5,5,1.0116281509399414
Neural-ECF[peaks],0.5,5,1.0116281509399414
MIDAST[KS],0.5,0,3.1878321170806885
Neural-ECF[argmax],0.5,0,1.0341179370880127
Neural-ECF[peaks],0.5,0,1.0341179370880127
MIDAST[KS],0.5,0,3.15681791305542
Neural-ECF[argmax],0.5,0,1.016643762588501
Neural-ECF[peaks],0.5,0,1.016643762588501
MIDAST[KS],0.5,0,3.1473891735076904
Neural-ECF[argmax],0.5,0,1.0196218490600586
Neural-ECF[peaks],0.5,0,1.0196218490600586
MIDAST[KS],0.5,0,3.1592509746551514
Neural-ECF[argmax],0.5,5,1.0285661220550537
Neural-ECF[peaks],0.5,5,1.0285661220550537
MIDAST[KS],0.5,0,3.108815908432007
Neural-ECF[argmax],0.5,0,1.008019208908081
Neural-ECF[peaks],0.5,0,1.008019208908081
MIDAST[KS],0.5,0,3.1658949851989746
Neural-ECF[argmax],0.5,0,1.0342719554901123
Neural-ECF[peaks],0.5,0,1.0342719554901123
MIDAST[KS],0.5,0,3.186060905456543
Neural-ECF[argmax],0.5,0,1.0433359146118164
Neural-ECF[peaks],0.5,0,1.0433359146118164
MIDAST[KS],0.5,0,3.0998668670654297
Neural-ECF[argmax],0.5,5,0.9980800151824951
Neural-ECF[peaks],0.5,5,0.9980800151824951
MIDAST[KS],0.5,0,3.1030969619750977
Neural-ECF[argmax],0.5,0,1.012474775314331
Neural-ECF[peaks],0.5,0,1.012474775314331
MIDAST[KS],0.5,0,3.164095878601074
Neural-ECF[argmax],0.5,0,1.0506081581115723
Neural-ECF[peaks],0.5,0,1.0506081581115723
MIDAST[KS],0.5,0,3.137057065963745
Neural-ECF[argmax],0.5,5,1.0575370788574219
Neural-ECF[peaks],0.5,5,1.0575370788574219
MIDAST[KS],0.5,0,3.1658172607421875
Neural-ECF[argmax],0.5,0,1.0155539512634277
Neural-ECF[peaks],0.5,0,1.0155539512634277
MIDAST[KS],0.5,0,3.195511817932129
Neural-ECF[argmax],0.5,10,1.0150041580200195
Neural-ECF[peaks],0.5,10,1.0150041580200195
MIDAST[KS],0.5,0,3.122338056564331
Neural-ECF[argmax],0.5,0,1.0212368965148926
Neural-ECF[peaks],0.5,0,1.0212368965148926
MIDAST[KS],0.5,0,3.1680808067321777
Neural-ECF[argmax],0.5,0,1.0205960273742676
Neural-ECF[peaks],0.5,0,1.0205960273742676
MIDAST[KS],0.5,0,3.1179380416870117
Neural-ECF[argmax],0.5,0,1.0424339771270752
Neural-ECF[peaks],0.5,0,1.0424339771270752
MIDAST[KS],0.5,0,3.17836594581604
Neural-ECF[argmax],0.5,0,1.0285980701446533
Neural-ECF[peaks],0.5,0,1.0285980701446533
MIDAST[KS],0.5,0,3.1595728397369385
Neural-ECF[argmax],0.5,0,1.0087640285491943
Neural-ECF[peaks],0.5,0,1.0087640285491943
MIDAST[KS],0.5,0,3.1896491050720215
Neural-ECF[argmax],0.5,0,1.0408599376678467
Neural-ECF[peaks],0.5,0,1.0408599376678467
MIDAST[KS],0.5,0,3.2040679454803467
Neural-ECF[argmax],0.5,0,1.0278878211975098
Neural-ECF[peaks],0.5,0,1.0278878211975098
MIDAST[KS],0.5,0,3.143991708755493
Neural-ECF[argmax],0.5,0,1.0093660354614258
Neural-ECF[peaks],0.5,0,1.0093660354614258
MIDAST[KS],0.5,0,3.2044570446014404
Neural-ECF[argmax],0.5,0,0.9741451740264893
Neural-ECF[peaks],0.5,0,0.9741451740264893
MIDAST[KS],0.5,0,3.1409409046173096
Neural-ECF[argmax],0.5,5,1.00299072265625
Neural-ECF[peaks],0.5,5,1.00299072265625
MIDAST[KS],0.5,0,3.1603970527648926
Neural-ECF[argmax],0.5,0,1.0439300537109375
Neural-ECF[peaks],0.5,0,1.0439300537109375
MIDAST[KS],0.5,0,3.099601984024048
Neural-ECF[argmax],0.5,0,1.0769848823547363
Neural-ECF[peaks],0.5,0,1.0769848823547363
MIDAST[KS],0.5,0,3.1603991985321045
Neural-ECF[argmax],0.5,0,1.0620839595794678
Neural-ECF[peaks],0.5,0,1.0620839595794678
MIDAST[KS],0.5,0,3.188336133956909
Neural-ECF[argmax],0.5,0,1.0402979850769043
Neural-ECF[peaks],0.5,0,1.0402979850769043
MIDAST[KS],0.5,0,3.138813018798828
Neural-ECF[argmax],0.5,0,1.0321731567382812
Neural-ECF[peaks],0.5,0,1.0321731567382812
MIDAST[KS],0.5,0,3.2105391025543213
Neural-ECF[argmax],0.5,0,1.0137419700622559
Neural-ECF[peaks],0.5,0,1.0137419700622559
MIDAST[KS],0.5,0,3.157877206802368
Neural-ECF[argmax],0.5,10,1.0396451950073242
Neural-ECF[peaks],0.5,10,1.0396451950073242
MIDAST[KS],0.5,0,3.174959897994995
Neural-ECF[argmax],0.5,0,1.0256330966949463
Neural-ECF[peaks],0.5,0,1.0256330966949463
MIDAST[KS],0.5,0,3.1417481899261475
Neural-ECF[argmax],0.5,0,1.0423469543457031
Neural-ECF[peaks],0.5,0,1.0423469543457031
MIDAST[KS],0.5,0,3.161478281021118
Neural-ECF[argmax],0.5,0,1.0497570037841797
Neural-ECF[peaks],0.5,0,1.0497570037841797
MIDAST[KS],0.5,0,3.1566390991210938
Neural-ECF[argmax],0.5,0,1.030493974685669
Neural-ECF[peaks],0.5,0,1.030493974685669
MIDAST[KS],0.5,0,3.0908658504486084
Neural-ECF[argmax],0.5,5,0.9980881214141846
Neural-ECF[peaks],0.5,5,0.9980881214141846
MIDAST[KS],0.5,0,3.1281678676605225
Neural-ECF[argmax],0.5,0,0.9918341636657715
Neural-ECF[peaks],0.5,0,0.9918341636657715
MIDAST[KS],0.5,0,3.134587049484253
Neural-ECF[argmax],0.5,10,1.0206012725830078
Neural-ECF[peaks],0.5,10,1.0206012725830078
MIDAST[KS],0.5,0,3.148557186126709
Neural-ECF[argmax],0.5,0,1.0368990898132324
Neural-ECF[peaks],0.5,0,1.0368990898132324
MIDAST[KS],0.5,0,3.1430888175964355
Neural-ECF[argmax],0.5,0,1.0482490062713623
Neural-ECF[peaks],0.5,0,1.0482490062713623
MIDAST[KS],0.5,0,3.1510469913482666
Neural-ECF[argmax],0.5,0,1.0136749744415283
Neural-ECF[peaks],0.5,0,1.0136749744415283
MIDAST[KS],0.5,0,3.224411964416504
Neural-ECF[argmax],0.5,0,1.02889084815979
Neural-ECF[peaks],0.5,0,1.02889084815979
MIDAST[KS],0.5,0,3.2007172107696533
Neural-ECF[argmax],0.5,0,1.0147359371185303
Neural-ECF[peaks],0.5,0,1.0147359371185303
MIDAST[KS],0.5,0,3.1204748153686523
Neural-ECF[argmax],0.5,0,1.0568411350250244
Neural-ECF[peaks],0.5,0,1.0568411350250244
MIDAST[KS],0.5,0,3.1038191318511963
Neural-ECF[argmax],0.5,5,1.0253510475158691
Neural-ECF[peaks],0.5,5,1.0253510475158691
MIDAST[KS],0.5,0,3.1457719802856445
Neural-ECF[argmax],0.5,0,1.0116651058197021
Neural-ECF[peaks],0.5,0,1.0116651058197021
MIDAST[KS],0.5,0,3.1458017826080322
Neural-ECF[argmax],0.5,0,0.9778921604156494
Neural-ECF[peaks],0.5,0,0.9778921604156494
MIDAST[KS],0.5,0,3.0757508277893066
Neural-ECF[argmax],0.5,5,1.030951976776123
Neural-ECF[peaks],0.5,5,1.030951976776123
MIDAST[KS],0.5,0,3.1654348373413086
Neural-ECF[argmax],0.5,15,1.0237231254577637
Neural-ECF[peaks],0.5,15,1.0237231254577637
MIDAST[KS],0.5,0,3.0769238471984863
Neural-ECF[argmax],0.5,5,1.021536111831665
Neural-ECF[peaks],0.5,5,1.021536111831665
MIDAST[KS],0.5,0,3.1667869091033936
Neural-ECF[argmax],0.5,0,0.9940369129180908
Neural-ECF[peaks],0.5,0,0.9940369129180908
MIDAST[KS],0.5,0,3.1930220127105713
Neural-ECF[argmax],0.5,0,1.0268850326538086
Neural-ECF[peaks],0.5,0,1.0268850326538086
MIDAST[KS],0.5,0,3.1040802001953125
Neural-ECF[argmax],0.5,0,1.0051801204681396
Neural-ECF[peaks],0.5,0,1.0051801204681396
MIDAST[KS],0.5,0,3.1132888793945312
Neural-ECF[argmax],0.5,0,1.0366079807281494
Neural-ECF[peaks],0.5,0,1.0366079807281494
MIDAST[KS],0.5,0,3.2055819034576416
Neural-ECF[argmax],0.5,0,1.0522968769073486
Neural-ECF[peaks],0.5,0,1.0522968769073486
MIDAST[KS],0.5,0,3.1198360919952393
Neural-ECF[argmax],0.5,0,1.0480079650878906
Neural-ECF[peaks],0.5,0,1.0480079650878906
MIDAST[KS],0.5,0,3.1858110427856445
Neural-ECF[argmax],0.5,5,1.0356881618499756
Neural-ECF[peaks],0.5,5,1.0356881618499756
MIDAST[KS],0.5,0,3.120077133178711
Neural-ECF[argmax],0.5,0,1.0266637802124023
Neural-ECF[peaks],0.5,0,1.0266637802124023
MIDAST[KS],0.5,0,3.16216778755188
Neural-ECF[argmax],0.5,5,1.0332973003387451
Neural-ECF[peaks],0.5,5,1.0332973003387451
MIDAST[KS],0.5,0,3.171552896499634
Neural-ECF[argmax],0.5,0,1.0177209377288818
Neural-ECF[peaks],0.5,0,1.0177209377288818
MIDAST[KS],0.5,0,3.0992541313171387
Neural-ECF[argmax],0.5,10,1.030503273010254
Neural-ECF[peaks],0.5,10,1.030503273010254
MIDAST[KS],0.5,0,3.126494884490967
Neural-ECF[argmax],0.5,0,1.0164170265197754
Neural-ECF[peaks],0.5,0,1.0164170265197754
MIDAST[KS],0.5,0,3.1233718395233154
Neural-ECF[argmax],0.5,0,1.046328067779541
Neural-ECF[peaks],0.5,0,1.046328067779541
MIDAST[KS],0.5,0,3.1125309467315674
Neural-ECF[argmax],0.5,0,1.0066428184509277
Neural-ECF[peaks],0.5,0,1.0066428184509277
MIDAST[KS],0.5,0,3.1424310207366943
Neural-ECF[argmax],0.5,0,1.0327138900756836
Neural-ECF[peaks],0.5,0,1.0327138900756836
MIDAST[KS],0.5,0,3.1019210815429688
Neural-ECF[argmax],0.5,0,1.0187041759490967
Neural-ECF[peaks],0.5,0,1.0187041759490967
MIDAST[KS],0.5,0,3.2208681106567383
Neural-ECF[argmax],0.5,0,1.0163989067077637
Neural-ECF[peaks],0.5,0,1.0163989067077637
MIDAST[KS],0.5,0,3.143588066101074
Neural-ECF[argmax],0.5,0,1.0306737422943115
Neural-ECF[peaks],0.5,0,1.0306737422943115
MIDAST[KS],0.5,0,3.130925178527832
Neural-ECF[argmax],0.5,0,1.0350141525268555
Neural-ECF[peaks],0.5,0,1.0350141525268555
MIDAST[KS],0.5,0,3.169973134994507
Neural-ECF[argmax],0.5,0,1.035710096359253
Neural-ECF[peaks],0.5,0,1.035710096359253
MIDAST[KS],0.5,0,3.1569628715515137
Neural-ECF[argmax],0.5,0,1.0111720561981201
Neural-ECF[peaks],0.5,0,1.0111720561981201
MIDAST[KS],0.5,0,3.1037142276763916
Neural-ECF[argmax],0.5,0,1.0192630290985107
Neural-ECF[peaks],0.5,0,1.0192630290985107
MIDAST[KS],0.5,0,3.1122899055480957
Neural-ECF[argmax],0.5,0,1.0227599143981934
Neural-ECF[peaks],0.5,0,1.0227599143981934
MIDAST[KS],0.5,0,3.1692731380462646
Neural-ECF[argmax],0.5,0,1.0383999347686768
Neural-ECF[peaks],0.5,0,1.0383999347686768
MIDAST[KS],0.5,0,3.126499891281128
Neural-ECF[argmax],0.5,0,1.0279669761657715
Neural-ECF[peaks],0.5,0,1.0279669761657715
MIDAST[KS],0.5,0,3.1568098068237305
Neural-ECF[argmax],0.5,5,1.017498254776001
Neural-ECF[peaks],0.5,5,1.017498254776001
MIDAST[KS],0.5,0,3.150359630584717
Neural-ECF[argmax],0.5,5,1.047476053237915
Neural-ECF[peaks],0.5,5,1.047476053237915
MIDAST[KS],0.5,0,3.093475103378296
Neural-ECF[argmax],0.5,15,1.0006341934204102
Neural-ECF[peaks],0.5,15,1.0006341934204102
MIDAST[KS],0.5,0,3.225036144256592
Neural-ECF[argmax],0.5,0,1.0483100414276123
Neural-ECF[peaks],0.5,0,1.0483100414276123
MIDAST[KS],0.5,0,3.1520209312438965
Neural-ECF[argmax],0.5,0,1.0220460891723633
Neural-ECF[peaks],0.5,0,1.0220460891723633
MIDAST[KS],0.5,0,3.1180508136749268
Neural-ECF[argmax],0.5,5,1.0107049942016602
Neural-ECF[peaks],0.5,5,1.0107049942016602
MIDAST[KS],0.5,0,3.0872931480407715
Neural-ECF[argmax],0.5,0,1.0248191356658936
Neural-ECF[peaks],0.5,0,1.0248191356658936
MIDAST[KS],0.5,0,3.1100027561187744
Neural-ECF[argmax],0.5,5,1.0226759910583496
Neural-ECF[peaks],0.5,5,1.0226759910583496
MIDAST[KS],0.5,0,3.1652169227600098
Neural-ECF[argmax],0.5,0,1.0374526977539062
Neural-ECF[peaks],0.5,0,1.0374526977539062
MIDAST[KS],0.5,0,3.1009910106658936
Neural-ECF[argmax],0.5,0,1.0595381259918213
Neural-ECF[peaks],0.5,0,1.0595381259918213
MIDAST[KS],0.5,0,3.0986030101776123
Neural-ECF[argmax],0.5,0,1.0268440246582031
Neural-ECF[peaks],0.5,0,1.0268440246582031
MIDAST[KS],0.5,0,3.0740039348602295
Neural-ECF[argmax],0.5,5,1.0351049900054932
Neural-ECF[peaks],0.5,5,1.0351049900054932
MIDAST[KS],0.5,0,3.1171319484710693
Neural-ECF[argmax],0.5,10,0.9928619861602783
Neural-ECF[peaks],0.5,10,0.9928619861602783
MIDAST[KS],0.5,0,3.0804829597473145
Neural-ECF[argmax],0.5,0,1.013983964920044
Neural-ECF[peaks],0.5,0,1.013983964920044
MIDAST[KS],0.5,0,3.1414670944213867
Neural-ECF[argmax],0.5,0,1.0381808280944824
Neural-ECF[peaks],0.5,0,1.0381808280944824
MIDAST[KS],0.5,0,3.2265450954437256
Neural-ECF[argmax],0.5,0,1.0114848613739014
Neural-ECF[peaks],0.5,0,1.0114848613739014
MIDAST[KS],0.5,0,3.133875846862793
Neural-ECF[argmax],0.5,0,1.0544238090515137
Neural-ECF[peaks],0.5,0,1.0544238090515137
MIDAST[KS],0.5,0,3.140828847885132
Neural-ECF[argmax],0.5,15,1.0275599956512451
Neural-ECF[peaks],0.5,15,1.0275599956512451
MIDAST[KS],0.5,0,3.1712138652801514
Neural-ECF[argmax],0.5,0,1.0251128673553467
Neural-ECF[peaks],0.5,0,1.0251128673553467
MIDAST[KS],0.5,0,3.1375298500061035
Neural-ECF[argmax],0.5,0,1.026397943496704
Neural-ECF[peaks],0.5,0,1.026397943496704
MIDAST[KS],0.5,0,3.128466844558716
Neural-ECF[argmax],0.5,0,1.0185160636901855
Neural-ECF[peaks],0.5,0,1.0185160636901855
MIDAST[KS],0.5,0,3.1345529556274414
Neural-ECF[argmax],0.5,10,1.0235588550567627
Neural-ECF[peaks],0.5,10,1.0235588550567627
MIDAST[KS],0.5,0,3.136195659637451
Neural-ECF[argmax],0.5,0,1.080801010131836
Neural-ECF[peaks],0.5,0,1.080801010131836
MIDAST[KS],0.5,0,3.137237071990967
Neural-ECF[argmax],0.5,0,1.0234763622283936
Neural-ECF[peaks],0.5,0,1.0234763622283936
MIDAST[KS],0.5,0,3.176352024078369
Neural-ECF[argmax],0.5,10,1.0103368759155273
Neural-ECF[peaks],0.5,10,1.0103368759155273
MIDAST[KS],0.5,0,3.1699509620666504
Neural-ECF[argmax],0.5,0,1.0495610237121582
Neural-ECF[peaks],0.5,0,1.0495610237121582
MIDAST[KS],0.5,0,3.1181938648223877
Neural-ECF[argmax],0.5,0,1.0298027992248535
Neural-ECF[peaks],0.5,0,1.0298027992248535
MIDAST[KS],0.5,0,3.156712293624878
Neural-ECF[argmax],0.5,0,0.9852361679077148
Neural-ECF[peaks],0.5,0,0.9852361679077148
MIDAST[KS],0.5,0,3.1683130264282227
Neural-ECF[argmax],0.5,0,1.0286710262298584
Neural-ECF[peaks],0.5,0,1.0286710262298584
MIDAST[KS],0.5,0,3.1108951568603516
Neural-ECF[argmax],0.5,0,1.0378029346466064
Neural-ECF[peaks],0.5,0,1.0378029346466064
MIDAST[KS],0.5,0,3.1665849685668945
Neural-ECF[argmax],0.5,0,1.018988847732544
Neural-ECF[peaks],0.5,0,1.018988847732544
MIDAST[KS],0.5,0,3.105424165725708
Neural-ECF[argmax],0.5,0,1.0103402137756348
Neural-ECF[peaks],0.5,0,1.0103402137756348
MIDAST[KS],0.5,0,3.089237928390503
Neural-ECF[argmax],0.5,0,1.0377089977264404
Neural-ECF[peaks],0.5,0,1.0377089977264404
MIDAST[KS],0.5,0,3.168977975845337
Neural-ECF[argmax],0.5,0,1.044524908065796
Neural-ECF[peaks],0.5,0,1.044524908065796
MIDAST[KS],0.5,0,3.1130402088165283
Neural-ECF[argmax],0.5,0,1.0277042388916016
Neural-ECF[peaks],0.5,0,1.0277042388916016
MIDAST[KS],0.5,0,3.0730807781219482
Neural-ECF[argmax],0.5,0,1.0375299453735352
Neural-ECF[peaks],0.5,0,1.0375299453735352
MIDAST[KS],0.5,0,3.095367193222046
Neural-ECF[argmax],0.5,0,0.9897222518920898
Neural-ECF[peaks],0.5,0,0.9897222518920898
MIDAST[KS],0.5,0,3.147979974746704
Neural-ECF[argmax],0.5,0,1.0262939929962158
Neural-ECF[peaks],0.5,0,1.0262939929962158
MIDAST[KS],0.5,0,3.25827693939209
Neural-ECF[argmax],0.5,0,1.025846004486084
Neural-ECF[peaks],0.5,0,1.025846004486084
MIDAST[KS],0.5,0,3.2405447959899902
Neural-ECF[argmax],0.5,0,1.0370690822601318
Neural-ECF[peaks],0.5,0,1.0370690822601318
MIDAST[KS],0.5,0,3.1389288902282715
Neural-ECF[argmax],0.5,15,1.0367610454559326
Neural-ECF[peaks],0.5,15,1.0367610454559326
MIDAST[KS],0.5,0,3.136367082595825
Neural-ECF[argmax],0.5,0,1.0748798847198486
Neural-ECF[peaks],0.5,0,1.0748798847198486
MIDAST[KS],0.5,0,3.1621031761169434
Neural-ECF[argmax],0.5,0,0.9915750026702881
Neural-ECF[peaks],0.5,0,0.9915750026702881
MIDAST[KS],0.5,0,3.1129631996154785
Neural-ECF[argmax],0.5,0,1.0059690475463867
Neural-ECF[peaks],0.5,0,1.0059690475463867
MIDAST[KS],0.5,0,3.1040761470794678
Neural-ECF[argmax],0.5,20,0.9950742721557617
Neural-ECF[peaks],0.5,20,0.9950742721557617
MIDAST[KS],0.5,0,3.1391549110412598
Neural-ECF[argmax],0.5,0,1.0186901092529297
Neural-ECF[peaks],0.5,0,1.0186901092529297
MIDAST[KS],0.5,0,3.1077611446380615
Neural-ECF[argmax],0.5,0,1.0341289043426514
Neural-ECF[peaks],0.5,0,1.0341289043426514
MIDAST[KS],0.5,0,3.184652090072632
Neural-ECF[argmax],0.5,10,1.0256922245025635
Neural-ECF[peaks],0.5,10,1.0256922245025635
MIDAST[KS],0.5,0,3.047250986099243
Neural-ECF[argmax],0.5,0,1.0495021343231201
Neural-ECF[peaks],0.5,0,1.0495021343231201
MIDAST[KS],0.5,0,3.1178057193756104
Neural-ECF[argmax],0.5,0,1.0372951030731201
Neural-ECF[peaks],0.5,0,1.0372951030731201
MIDAST[KS],0.5,0,3.0902671813964844
Neural-ECF[argmax],0.5,5,1.0285320281982422
Neural-ECF[peaks],0.5,5,1.0285320281982422
MIDAST[KS],0.5,0,3.1965596675872803
Neural-ECF[argmax],0.5,0,1.0184080600738525
Neural-ECF[peaks],0.5,0,1.0184080600738525
MIDAST[KS],0.5,0,3.0898008346557617
Neural-ECF[argmax],0.5,0,1.024780035018921
Neural-ECF[peaks],0.5,0,1.024780035018921
MIDAST[KS],0.5,0,3.2118868827819824
Neural-ECF[argmax],0.5,0,1.0296602249145508
Neural-ECF[peaks],0.5,0,1.0296602249145508
MIDAST[KS],0.5,0,3.1444361209869385
Neural-ECF[argmax],0.5,5,1.04249906539917
Neural-ECF[peaks],0.5,5,1.04249906539917
MIDAST[KS],0.5,0,3.184731960296631
Neural-ECF[argmax],0.5,0,1.0454347133636475
Neural-ECF[peaks],0.5,0,1.0454347133636475
MIDAST[KS],0.5,0,3.1022720336914062
Neural-ECF[argmax],0.5,0,1.0594170093536377
Neural-ECF[peaks],0.5,0,1.0594170093536377
MIDAST[KS],0.5,0,3.185711145401001
Neural-ECF[argmax],0.5,5,1.0579357147216797
Neural-ECF[peaks],0.5,5,1.0579357147216797
MIDAST[KS],0.5,0,3.1242971420288086
Neural-ECF[argmax],0.5,0,1.0433588027954102
Neural-ECF[peaks],0.5,0,1.0433588027954102
MIDAST[KS],0.5,0,3.1451661586761475
Neural-ECF[argmax],0.5,5,0.9817121028900146
Neural-ECF[peaks],0.5,5,0.9817121028900146
MIDAST[KS],0.5,0,3.111833095550537
Neural-ECF[argmax],0.5,0,1.0582280158996582
Neural-ECF[peaks],0.5,0,1.0582280158996582
MIDAST[KS],0.5,0,3.1670868396759033
Neural-ECF[argmax],0.5,10,1.0485780239105225
Neural-ECF[peaks],0.5,10,1.0485780239105225
MIDAST[KS],0.5,0,3.1160829067230225
Neural-ECF[argmax],0.5,5,1.0344200134277344
Neural-ECF[peaks],0.5,5,1.0344200134277344
MIDAST[KS],0.5,0,3.0856070518493652
Neural-ECF[argmax],0.5,0,1.0302228927612305
Neural-ECF[peaks],0.5,0,1.0302228927612305
MIDAST[KS],0.5,0,3.1291918754577637
Neural-ECF[argmax],0.5,0,1.004889726638794
Neural-ECF[peaks],0.5,0,1.004889726638794
MIDAST[KS],0.5,0,3.187626600265503
Neural-ECF[argmax],0.5,0,1.0243167877197266
Neural-ECF[peaks],0.5,0,1.0243167877197266
MIDAST[KS],0.5,0,3.1267879009246826
Neural-ECF[argmax],0.5,0,1.045158863067627
Neural-ECF[peaks],0.5,0,1.045158863067627
MIDAST[KS],0.5,0,3.136082887649536
Neural-ECF[argmax],0.5,0,1.004805088043213
Neural-ECF[peaks],0.5,0,1.004805088043213
MIDAST[KS],0.5,0,3.2245497703552246
Neural-ECF[argmax],0.5,0,1.0342249870300293
Neural-ECF[peaks],0.5,0,1.0342249870300293
MIDAST[KS],0.5,0,3.21368408203125
Neural-ECF[argmax],0.5,5,1.007171630859375
Neural-ECF[peaks],0.5,5,1.007171630859375
MIDAST[KS],0.5,0,3.1963860988616943
Neural-ECF[argmax],0.5,0,1.011733055114746
Neural-ECF[peaks],0.5,0,1.011733055114746
MIDAST[KS],0.5,0,3.1976051330566406
Neural-ECF[argmax],0.5,0,1.032343864440918
Neural-ECF[peaks],0.5,0,1.032343864440918
MIDAST[KS],0.5,0,3.1686789989471436
Neural-ECF[argmax],0.5,0,1.0411481857299805
Neural-ECF[peaks],0.5,0,1.0411481857299805
MIDAST[KS],0.5,0,3.1508448123931885
Neural-ECF[argmax],0.5,0,1.031904935836792
Neural-ECF[peaks],0.5,0,1.031904935836792
MIDAST[KS],0.5,0,3.1320810317993164
Neural-ECF[argmax],0.5,0,1.0016467571258545
Neural-ECF[peaks],0.5,0,1.0016467571258545
MIDAST[KS],0.5,0,3.094244956970215
Neural-ECF[argmax],0.5,0,0.9974808692932129
Neural-ECF[peaks],0.5,0,0.9974808692932129
MIDAST[KS],0.5,0,3.1701571941375732
Neural-ECF[argmax],0.5,0,0.9849720001220703
Neural-ECF[peaks],0.5,0,0.9849720001220703
MIDAST[KS],0.5,0,3.204202890396118
Neural-ECF[argmax],0.5,5,0.9470658302307129
Neural-ECF[peaks],0.5,5,0.9470658302307129
MIDAST[KS],0.5,0,3.116560935974121
Neural-ECF[argmax],0.5,10,1.0485310554504395
Neural-ECF[peaks],0.5,10,1.0485310554504395
MIDAST[KS],0.5,0,3.039708375930786
Neural-ECF[argmax],0.5,0,1.0269911289215088
Neural-ECF[peaks],0.5,0,1.0269911289215088
MIDAST[KS],0.5,0,3.0739829540252686
Neural-ECF[argmax],0.5,0,1.0174438953399658
Neural-ECF[peaks],0.5,0,1.0174438953399658
MIDAST[KS],0.5,0,3.0695598125457764
Neural-ECF[argmax],0.5,0,1.0860638618469238
Neural-ECF[peaks],0.5,0,1.0860638618469238
MIDAST[KS],0.5,0,3.165862798690796
Neural-ECF[argmax],0.5,0,1.0528819561004639
Neural-ECF[peaks],0.5,0,1.0528819561004639
MIDAST[KS],0.5,0,3.1367149353027344
Neural-ECF[argmax],0.5,10,1.0313169956207275
Neural-ECF[peaks],0.5,10,1.0313169956207275
MIDAST[KS],0.5,0,3.226547956466675
Neural-ECF[argmax],0.5,5,1.0475950241088867
Neural-ECF[peaks],0.5,5,1.0475950241088867
MIDAST[KS],0.5,0,3.1637020111083984
Neural-ECF[argmax],0.5,0,1.0089669227600098
Neural-ECF[peaks],0.5,0,1.0089669227600098
MIDAST[KS],0.5,0,3.165172815322876
Neural-ECF[argmax],0.5,0,1.0057017803192139
Neural-ECF[peaks],0.5,0,1.0057017803192139
MIDAST[KS],0.5,0,3.2021758556365967
Neural-ECF[argmax],0.5,0,1.034956932067871
Neural-ECF[peaks],0.5,0,1.034956932067871
MIDAST[KS],0.5,0,3.172429084777832
Neural-ECF[argmax],0.5,0,1.0057201385498047
Neural-ECF[peaks],0.5,0,1.0057201385498047
MIDAST[KS],0.5,0,3.271404981613159
Neural-ECF[argmax],0.5,0,1.1035711765289307
Neural-ECF[peaks],0.5,0,1.1035711765289307
MIDAST[KS],0.5,0,3.2808279991149902
Neural-ECF[argmax],0.5,10,1.0764291286468506
Neural-ECF[peaks],0.5,10,1.0764291286468506
MIDAST[KS],0.5,0,3.2280030250549316
Neural-ECF[argmax],0.5,0,1.0565409660339355
Neural-ECF[peaks],0.5,0,1.0565409660339355
MIDAST[KS],0.5,0,3.243486166000366
Neural-ECF[argmax],0.5,0,1.0702602863311768
Neural-ECF[peaks],0.5,0,1.0702602863311768
MIDAST[KS],0.5,0,3.169419050216675
Neural-ECF[argmax],0.5,0,1.0137898921966553
Neural-ECF[peaks],0.5,0,1.0137898921966553
MIDAST[KS],0.5,0,3.2150509357452393
Neural-ECF[argmax],0.5,0,0.9913637638092041
Neural-ECF[peaks],0.5,0,0.9913637638092041
MIDAST[KS],0.5,0,3.0395100116729736
Neural-ECF[argmax],0.5,10,1.0166070461273193
Neural-ECF[peaks],0.5,10,1.0166070461273193
MIDAST[KS],0.5,0,3.1533639430999756
Neural-ECF[argmax],0.5,20,1.0038940906524658
Neural-ECF[peaks],0.5,20,1.0038940906524658
MIDAST[KS],0.5,0,3.1380980014801025
Neural-ECF[argmax],0.5,5,1.0421910285949707
Neural-ECF[peaks],0.5,5,1.0421910285949707
MIDAST[KS],0.5,0,3.170991897583008
Neural-ECF[argmax],0.5,0,1.0210981369018555
Neural-ECF[peaks],0.5,0,1.0210981369018555
MIDAST[KS],0.5,0,3.157546043395996
Neural-ECF[argmax],0.5,0,1.029332160949707
Neural-ECF[peaks],0.5,0,1.029332160949707
MIDAST[KS],0.5,0,3.2104079723358154
Neural-ECF[argmax],0.5,10,1.0115330219268799
Neural-ECF[peaks],0.5,10,1.0115330219268799
MIDAST[KS],0.5,0,3.0916149616241455
Neural-ECF[argmax],0.5,0,1.052488088607788
Neural-ECF[peaks],0.5,0,1.052488088607788
MIDAST[KS],0.5,0,3.1005921363830566
Neural-ECF[argmax],0.5,10,1.0193138122558594
Neural-ECF[peaks],0.5,10,1.0193138122558594
MIDAST[KS],0.5,0,3.202392101287842
Neural-ECF[argmax],0.5,5,1.0210700035095215
Neural-ECF[peaks],0.5,5,1.0210700035095215
MIDAST[KS],0.5,0,3.166121244430542
Neural-ECF[argmax],0.5,0,1.0316898822784424
Neural-ECF[peaks],0.5,0,1.0316898822784424
MIDAST[KS],0.5,0,3.113515853881836
Neural-ECF[argmax],0.5,0,1.0321497917175293
Neural-ECF[peaks],0.5,0,1.0321497917175293
MIDAST[KS],0.5,0,3.1796200275421143
Neural-ECF[argmax],0.5,0,1.0474331378936768
Neural-ECF[peaks],0.5,0,1.0474331378936768
MIDAST[KS],0.5,0,3.180781841278076
Neural-ECF[argmax],0.5,0,1.0431270599365234
Neural-ECF[peaks],0.5,0,1.0431270599365234
MIDAST[KS],0.5,0,3.228444814682007
Neural-ECF[argmax],0.5,0,1.0536582469940186
Neural-ECF[peaks],0.5,0,1.0536582469940186
MIDAST[KS],0.5,0,3.1189169883728027
Neural-ECF[argmax],0.5,5,1.0351691246032715
Neural-ECF[peaks],0.5,5,1.0351691246032715
MIDAST[KS],0.5,0,3.1870899200439453
Neural-ECF[argmax],0.5,0,1.039888858795166
Neural-ECF[peaks],0.5,0,1.039888858795166
MIDAST[KS],0.5,0,3.132197141647339
Neural-ECF[argmax],0.5,0,1.025075912475586
Neural-ECF[peaks],0.5,0,1.025075912475586
MIDAST[KS],0.5,0,3.062978744506836
Neural-ECF[argmax],0.5,0,1.0144109725952148
Neural-ECF[peaks],0.5,0,1.0144109725952148
MIDAST[KS],0.5,0,3.158278226852417
Neural-ECF[argmax],0.5,0,1.0646898746490479
Neural-ECF[peaks],0.5,0,1.0646898746490479
MIDAST[KS],0.5,0,3.1472902297973633
Neural-ECF[argmax],0.5,25,1.0472142696380615
Neural-ECF[peaks],0.5,25,1.0472142696380615
MIDAST[KS],0.5,0,3.126971960067749
Neural-ECF[argmax],0.5,0,1.0366692543029785
Neural-ECF[peaks],0.5,0,1.0366692543029785
MIDAST[KS],0.5,0,3.0806491374969482
Neural-ECF[argmax],0.5,15,0.998100996017456
Neural-ECF[peaks],0.5,15,0.998100996017456
MIDAST[KS],0.5,0,3.1507298946380615
Neural-ECF[argmax],0.5,0,1.0638821125030518
Neural-ECF[peaks],0.5,0,1.0638821125030518
MIDAST[KS],0.5,0,3.118027925491333
Neural-ECF[argmax],0.5,0,1.0215141773223877
Neural-ECF[peaks],0.5,0,1.0215141773223877
MIDAST[KS],0.5,0,3.238079071044922
Neural-ECF[argmax],0.5,0,0.9823217391967773
Neural-ECF[peaks],0.5,0,0.9823217391967773
MIDAST[KS],0.5,0,3.0750789642333984
Neural-ECF[argmax],0.5,0,1.0453510284423828
Neural-ECF[peaks],0.5,0,1.0453510284423828
MIDAST[KS],0.5,0,3.112783908843994
Neural-ECF[argmax],0.5,0,1.0527968406677246
Neural-ECF[peaks],0.5,0,1.0527968406677246
MIDAST[KS],0.5,0,3.1432347297668457
Neural-ECF[argmax],0.5,0,1.0248987674713135
Neural-ECF[peaks],0.5,0,1.0248987674713135
MIDAST[KS],0.5,0,3.131150722503662
Neural-ECF[argmax],0.5,0,0.9756836891174316
Neural-ECF[peaks],0.5,0,0.9756836891174316
MIDAST[KS],0.5,0,3.1032469272613525
Neural-ECF[argmax],0.5,0,1.0632398128509521
Neural-ECF[peaks],0.5,0,1.0632398128509521
MIDAST[KS],0.5,0,3.1456968784332275
Neural-ECF[argmax],0.5,0,1.0444252490997314
Neural-ECF[peaks],0.5,0,1.0444252490997314
MIDAST[KS],0.5,0,3.0952491760253906
Neural-ECF[argmax],0.5,0,1.0453579425811768
Neural-ECF[peaks],0.5,0,1.0453579425811768
MIDAST[KS],0.5,0,3.014435052871704
Neural-ECF[argmax],0.5,0,1.0301539897918701
Neural-ECF[peaks],0.5,0,1.0301539897918701
MIDAST[KS],0.5,0,3.1048290729522705
Neural-ECF[argmax],0.5,0,1.031601905822754
Neural-ECF[peaks],0.5,0,1.031601905822754
MIDAST[KS],0.5,0,3.1316640377044678
Neural-ECF[argmax],0.5,0,1.0177650451660156
Neural-ECF[peaks],0.5,0,1.0177650451660156
MIDAST[KS],0.5,0,3.1696088314056396
Neural-ECF[argmax],0.5,0,1.0473310947418213
Neural-ECF[peaks],0.5,0,1.0473310947418213
MIDAST[KS],0.5,0,3.102020025253296
Neural-ECF[argmax],0.5,0,1.0407249927520752
Neural-ECF[peaks],0.5,0,1.0407249927520752
MIDAST[KS],0.5,0,3.160784959793091
Neural-ECF[argmax],0.5,0,1.0309538841247559
Neural-ECF[peaks],0.5,0,1.0309538841247559
MIDAST[KS],0.5,0,3.0939579010009766
Neural-ECF[argmax],0.5,0,1.029759168624878
Neural-ECF[peaks],0.5,0,1.029759168624878
MIDAST[KS],0.5,0,3.1123669147491455
Neural-ECF[argmax],0.5,0,1.0205888748168945
Neural-ECF[peaks],0.5,0,1.0205888748168945
MIDAST[KS],0.5,0,3.115248918533325
Neural-ECF[argmax],0.5,0,1.0310790538787842
Neural-ECF[peaks],0.5,0,1.0310790538787842
MIDAST[KS],0.5,0,3.1167030334472656
Neural-ECF[argmax],0.5,0,1.0376291275024414
Neural-ECF[peaks],0.5,0,1.0376291275024414
MIDAST[KS],0.5,0,3.1522109508514404
Neural-ECF[argmax],0.5,0,0.9979088306427002
Neural-ECF[peaks],0.5,0,0.9979088306427002
MIDAST[KS],0.5,0,3.1118710041046143
Neural-ECF[argmax],0.5,0,1.0388109683990479
Neural-ECF[peaks],0.5,0,1.0388109683990479
MIDAST[KS],0.5,0,3.13873291015625
Neural-ECF[argmax],0.5,5,1.0062761306762695
Neural-ECF[peaks],0.5,5,1.0062761306762695
MIDAST[KS],0.5,0,3.0795841217041016
Neural-ECF[argmax],0.5,0,1.0154168605804443
Neural-ECF[peaks],0.5,0,1.0154168605804443
MIDAST[KS],0.5,0,3.1083149909973145
Neural-ECF[argmax],0.5,0,1.0229880809783936
Neural-ECF[peaks],0.5,0,1.0229880809783936
MIDAST[KS],0.5,0,3.112306833267212
Neural-ECF[argmax],0.5,0,1.0623760223388672
Neural-ECF[peaks],0.5,0,1.0623760223388672
MIDAST[KS],0.5,0,3.12519907951355
Neural-ECF[argmax],0.5,0,1.0190091133117676
Neural-ECF[peaks],0.5,0,1.0190091133117676
MIDAST[KS],0.5,0,3.1674768924713135
Neural-ECF[argmax],0.5,0,1.0161857604980469
Neural-ECF[peaks],0.5,0,1.0161857604980469
MIDAST[KS],0.5,0,3.1283531188964844
Neural-ECF[argmax],0.5,0,1.004115104675293
Neural-ECF[peaks],0.5,0,1.004115104675293
MIDAST[KS],0.5,0,3.085540771484375
Neural-ECF[argmax],0.5,0,1.010925054550171
Neural-ECF[peaks],0.5,0,1.010925054550171
MIDAST[KS],0.5,0,3.1722910404205322
Neural-ECF[argmax],0.5,15,1.0241279602050781
Neural-ECF[peaks],0.5,15,1.0241279602050781
MIDAST[KS],0.5,0,3.0990560054779053
Neural-ECF[argmax],0.5,5,1.0296127796173096
Neural-ECF[peaks],0.5,5,1.0296127796173096
MIDAST[KS],0.5,0,3.120164155960083
Neural-ECF[argmax],0.5,10,1.0022940635681152
Neural-ECF[peaks],0.5,10,1.0022940635681152
MIDAST[KS],0.5,0,3.0813417434692383
Neural-ECF[argmax],0.5,15,0.9833939075469971
Neural-ECF[peaks],0.5,15,0.9833939075469971
MIDAST[KS],0.5,0,3.0676820278167725
Neural-ECF[argmax],0.5,10,1.0126488208770752
Neural-ECF[peaks],0.5,10,1.0126488208770752
MIDAST[KS],0.5,0,3.1312718391418457
Neural-ECF[argmax],0.5,10,1.0500280857086182
Neural-ECF[peaks],0.5,10,1.0500280857086182
MIDAST[KS],0.5,0,3.1383230686187744
Neural-ECF[argmax],0.5,0,1.0793969631195068
Neural-ECF[peaks],0.5,0,1.0793969631195068
MIDAST[KS],0.5,0,3.0562338829040527
Neural-ECF[argmax],0.5,0,1.029994010925293
Neural-ECF[peaks],0.5,0,1.029994010925293
MIDAST[KS],0.5,0,3.094136953353882
Neural-ECF[argmax],0.5,5,1.0287680625915527
Neural-ECF[peaks],0.5,5,1.0287680625915527
MIDAST[KS],0.5,0,3.143068790435791
Neural-ECF[argmax],0.5,10,1.0222718715667725
Neural-ECF[peaks],0.5,10,1.0222718715667725
MIDAST[KS],0.5,0,3.113084077835083
Neural-ECF[argmax],0.5,5,1.0522518157958984
Neural-ECF[peaks],0.5,5,1.0522518157958984
MIDAST[KS],0.5,0,3.0714621543884277
Neural-ECF[argmax],0.5,0,1.038114070892334
Neural-ECF[peaks],0.5,0,1.038114070892334
MIDAST[KS],0.5,0,3.1112499237060547
Neural-ECF[argmax],0.5,0,1.0359480381011963
Neural-ECF[peaks],0.5,0,1.0359480381011963
MIDAST[KS],0.5,0,3.180292844772339
Neural-ECF[argmax],0.5,0,1.0225272178649902
Neural-ECF[peaks],0.5,0,1.0225272178649902
MIDAST[KS],0.5,0,3.0594217777252197
Neural-ECF[argmax],0.5,0,1.0051970481872559
Neural-ECF[peaks],0.5,0,1.0051970481872559
MIDAST[KS],0.5,0,3.097158908843994
Neural-ECF[argmax],0.5,0,1.0325851440429688
Neural-ECF[peaks],0.5,0,1.0325851440429688
MIDAST[KS],0.5,0,3.1278440952301025
Neural-ECF[argmax],0.5,0,1.0361883640289307
Neural-ECF[peaks],0.5,0,1.0361883640289307
MIDAST[KS],0.5,0,2.9333608150482178
Neural-ECF[argmax],0.5,0,0.9340767860412598
Neural-ECF[peaks],0.5,0,0.9340767860412598
MIDAST[KS],0.5,0,2.8409388065338135
Neural-ECF[argmax],0.5,0,0.940126895904541
Neural-ECF[peaks],0.5,0,0.940126895904541
MIDAST[KS],0.5,0,2.8292059898376465
Neural-ECF[argmax],0.5,0,0.91982102394104
Neural-ECF[peaks],0.5,0,0.91982102394104
MIDAST[KS],0.5,0,2.8573129177093506
Neural-ECF[argmax],0.5,0,0.937762975692749
Neural-ECF[peaks],0.5,0,0.937762975692749
MIDAST[KS],0.5,0,2.792206287384033
Neural-ECF[argmax],0.5,15,0.9501428604125977
Neural-ECF[peaks],0.5,15,0.9501428604125977
MIDAST[KS],0.5,0,2.7991061210632324
Neural-ECF[argmax],0.5,0,0.8188409805297852
Neural-ECF[peaks],0.5,0,0.8188409805297852
MIDAST[KS],0.5,0,2.506546974182129
Neural-ECF[argmax],0.5,15,0.8276381492614746
Neural-ECF[peaks],0.5,15,0.8276381492614746
MIDAST[KS],0.5,0,2.4981281757354736
Neural-ECF[argmax],0.5,0,0.8985519409179688
Neural-ECF[peaks],0.5,0,0.8985519409179688
MIDAST[KS],0.5,0,2.5372140407562256
Neural-ECF[argmax],0.5,5,0.8005709648132324
Neural-ECF[peaks],0.5,5,0.8005709648132324
MIDAST[KS],0.5,0,2.4990241527557373
Neural-ECF[argmax],0.5,5,0.843048095703125
Neural-ECF[peaks],0.5,5,0.843048095703125
MIDAST[KS],0.5,0,2.4576029777526855
Neural-ECF[argmax],0.5,0,0.8205759525299072
Neural-ECF[peaks],0.5,0,0.8205759525299072
MIDAST[KS],0.5,0,2.4301559925079346
Neural-ECF[argmax],0.5,5,0.7984960079193115
Neural-ECF[peaks],0.5,5,0.7984960079193115
MIDAST[KS],0.5,0,2.3697516918182373
Neural-ECF[argmax],0.5,0,0.8040566444396973
Neural-ECF[peaks],0.5,0,0.8040566444396973
MIDAST[KS],0.5,0,2.2724077701568604
Neural-ECF[argmax],0.5,0,0.7823219299316406
Neural-ECF[peaks],0.5,0,0.7823219299316406
MIDAST[KS],0.5,0,2.3580751419067383
Neural-ECF[argmax],0.5,0,0.8227880001068115
Neural-ECF[peaks],0.5,0,0.8227880001068115
MIDAST[KS],0.5,0,2.421013116836548
Neural-ECF[argmax],0.5,10,0.8008549213409424
Neural-ECF[peaks],0.5,10,0.8008549213409424
MIDAST[KS],0.5,0,2.310663938522339
Neural-ECF[argmax],0.5,0,0.7752790451049805
Neural-ECF[peaks],0.5,0,0.7752790451049805
MIDAST[KS],0.5,0,2.148275852203369
Neural-ECF[argmax],0.5,0,0.7156469821929932
Neural-ECF[peaks],0.5,0,0.7156469821929932
MIDAST[KS],0.5,0,2.065906286239624
Neural-ECF[argmax],0.5,0,0.7160558700561523
Neural-ECF[peaks],0.5,0,0.7160558700561523
MIDAST[KS],0.5,0,2.1114628314971924
Neural-ECF[argmax],0.5,0,0.7278499603271484
Neural-ECF[peaks],0.5,0,0.7278499603271484
MIDAST[KS],0.5,0,2.104217052459717
Neural-ECF[argmax],0.5,0,0.7549080848693848
Neural-ECF[peaks],0.5,0,0.7549080848693848
MIDAST[KS],0.5,0,2.0621349811553955
Neural-ECF[argmax],0.5,20,0.7211337089538574
Neural-ECF[peaks],0.5,20,0.7211337089538574
MIDAST[KS],0.5,0,2.15087628364563
Neural-ECF[argmax],0.5,35,0.7555410861968994
Neural-ECF[peaks],0.5,35,0.7555410861968994
MIDAST[KS],0.5,0,2.2785520553588867
Neural-ECF[argmax],0.5,0,0.8074328899383545
Neural-ECF[peaks],0.5,0,0.8074328899383545
MIDAST[KS],0.5,0,2.2569260597229004
Neural-ECF[argmax],0.5,45,0.7238442897796631
Neural-ECF[peaks],0.5,45,0.7238442897796631
MIDAST[KS],0.5,0,2.1047821044921875
Neural-ECF[argmax],0.5,0,0.7510378360748291
Neural-ECF[peaks],0.5,0,0.7510378360748291
MIDAST[KS],0.5,0,2.1044809818267822
Neural-ECF[argmax],0.5,0,0.7489480972290039
Neural-ECF[peaks],0.5,0,0.7489480972290039
MIDAST[KS],0.5,0,2.109189033508301
Neural-ECF[argmax],0.5,10,0.7521419525146484
Neural-ECF[peaks],0.5,10,0.7521419525146484
MIDAST[KS],0.5,0,2.159320831298828
Neural-ECF[argmax],0.5,30,0.7399959564208984
Neural-ECF[peaks],0.5,30,0.7399959564208984
MIDAST[KS],0.5,0,2.0756168365478516
Neural-ECF[argmax],0.5,0,0.7373208999633789
Neural-ECF[peaks],0.5,0,0.7373208999633789
MIDAST[KS],0.5,0,2.071564197540283
Neural-ECF[argmax],0.5,5,0.7334239482879639
Neural-ECF[peaks],0.5,5,0.7334239482879639
MIDAST[KS],0.5,0,2.1068050861358643
Neural-ECF[argmax],0.5,0,0.7569501399993896
Neural-ECF[peaks],0.5,0,0.7569501399993896
MIDAST[KS],0.5,0,2.0777997970581055
Neural-ECF[argmax],0.5,5,0.7329611778259277
Neural-ECF[peaks],0.5,5,0.7329611778259277
MIDAST[KS],0.5,0,2.0821170806884766
Neural-ECF[argmax],0.5,15,0.7131490707397461
Neural-ECF[peaks],0.5,15,0.7131490707397461
MIDAST[KS],0.5,0,2.075748920440674
Neural-ECF[argmax],0.5,0,0.7407410144805908
Neural-ECF[peaks],0.5,0,0.7407410144805908
MIDAST[KS],0.5,0,2.1643240451812744
Neural-ECF[argmax],0.5,0,0.7148668766021729
Neural-ECF[peaks],0.5,0,0.7148668766021729
MIDAST[KS],0.5,0,2.096205949783325
Neural-ECF[argmax],0.5,0,0.7282030582427979
Neural-ECF[peaks],0.5,0,0.7282030582427979
MIDAST[KS],0.5,0,2.1020009517669678
Neural-ECF[argmax],0.5,0,0.7323369979858398
Neural-ECF[peaks],0.5,0,0.7323369979858398
MIDAST[KS],0.5,0,2.0983920097351074
Neural-ECF[argmax],0.5,0,0.7336671352386475
Neural-ECF[peaks],0.5,0,0.7336671352386475
MIDAST[KS],0.5,0,2.178438901901245
Neural-ECF[argmax],0.5,0,0.7427940368652344
Neural-ECF[peaks],0.5,0,0.7427940368652344
MIDAST[KS],0.5,0,2.1029880046844482
Neural-ECF[argmax],0.5,5,0.7362549304962158
Neural-ECF[peaks],0.5,5,0.7362549304962158
MIDAST[KS],0.5,0,2.0885000228881836
Neural-ECF[argmax],0.5,0,0.742419958114624
Neural-ECF[peaks],0.5,0,0.742419958114624
MIDAST[KS],0.5,0,2.094599962234497
Neural-ECF[argmax],0.5,0,0.7273821830749512
Neural-ECF[peaks],0.5,0,0.7273821830749512
MIDAST[KS],0.5,0,2.1057701110839844
Neural-ECF[argmax],0.5,0,0.7412858009338379
Neural-ECF[peaks],0.5,0,0.7412858009338379
MIDAST[KS],0.5,0,2.102365255355835
Neural-ECF[argmax],0.5,0,0.7828710079193115
Neural-ECF[peaks],0.5,0,0.7828710079193115
MIDAST[KS],0.5,0,2.117265224456787
Neural-ECF[argmax],0.5,5,0.7464761734008789
Neural-ECF[peaks],0.5,5,0.7464761734008789
MIDAST[KS],0.5,0,2.170116901397705
Neural-ECF[argmax],0.5,0,0.7283363342285156
Neural-ECF[peaks],0.5,0,0.7283363342285156
MIDAST[KS],0.5,0,2.095924139022827
Neural-ECF[argmax],0.5,10,0.7403590679168701
Neural-ECF[peaks],0.5,10,0.7403590679168701
MIDAST[KS],0.5,0,2.1158089637756348
Neural-ECF[argmax],0.5,0,0.7337398529052734
Neural-ECF[peaks],0.5,0,0.7337398529052734
MIDAST[KS],0.5,0,2.086380958557129
Neural-ECF[argmax],0.5,0,0.737529993057251
Neural-ECF[peaks],0.5,0,0.737529993057251
MIDAST[KS],0.5,0,2.125049114227295
Neural-ECF[argmax],0.5,0,0.7504699230194092
Neural-ECF[peaks],0.5,0,0.7504699230194092
MIDAST[KS],0.5,0,2.1315457820892334
Neural-ECF[argmax],0.5,0,0.7290058135986328
Neural-ECF[peaks],0.5,0,0.7290058135986328
MIDAST[KS],0.5,0,2.1332571506500244
Neural-ECF[argmax],0.5,15,0.7379069328308105
Neural-ECF[peaks],0.5,15,0.7379069328308105
MIDAST[KS],0.5,0,2.1422529220581055
Neural-ECF[argmax],0.5,0,0.7444357872009277
Neural-ECF[peaks],0.5,0,0.7444357872009277
MIDAST[KS],0.5,0,2.204941987991333
Neural-ECF[argmax],0.5,0,0.7407932281494141
Neural-ECF[peaks],0.5,0,0.7407932281494141
MIDAST[KS],0.5,0,2.095963954925537
Neural-ECF[argmax],0.5,0,0.7169930934906006
Neural-ECF[peaks],0.5,0,0.7169930934906006
MIDAST[KS],0.5,0,2.102041721343994
Neural-ECF[argmax],0.5,0,0.7469041347503662
Neural-ECF[peaks],0.5,0,0.7469041347503662
MIDAST[KS],0.5,0,2.1811418533325195
Neural-ECF[argmax],0.5,0,0.7446808815002441
Neural-ECF[peaks],0.5,0,0.7446808815002441
MIDAST[KS],0.5,0,2.1214399337768555
Neural-ECF[argmax],0.5,0,0.7348260879516602
Neural-ECF[peaks],0.5,0,0.7348260879516602
MIDAST[KS],0.5,0,2.1013731956481934
Neural-ECF[argmax],0.5,15,0.7237148284912109
Neural-ECF[peaks],0.5,15,0.7237148284912109
MIDAST[KS],0.5,0,2.0751919746398926
Neural-ECF[argmax],0.5,5,0.759408712387085
Neural-ECF[peaks],0.5,5,0.759408712387085
MIDAST[KS],0.5,0,2.1436469554901123
Neural-ECF[argmax],0.5,0,0.7277538776397705
Neural-ECF[peaks],0.5,0,0.7277538776397705
MIDAST[KS],0.5,0,2.129767894744873
Neural-ECF[argmax],0.5,0,0.7384703159332275
Neural-ECF[peaks],0.5,0,0.7384703159332275
MIDAST[KS],0.5,0,2.0766539573669434
Neural-ECF[argmax],0.5,40,0.7314298152923584
Neural-ECF[peaks],0.5,40,0.7314298152923584
MIDAST[KS],0.5,0,2.1322848796844482
Neural-ECF[argmax],0.5,0,0.7404029369354248
Neural-ECF[peaks],0.5,0,0.7404029369354248
MIDAST[KS],0.5,0,2.1454410552978516
Neural-ECF[argmax],0.5,5,0.7407910823822021
Neural-ECF[peaks],0.5,5,0.7407910823822021
MIDAST[KS],0.5,0,2.1122519969940186
Neural-ECF[argmax],0.5,5,0.7207250595092773
Neural-ECF[peaks],0.5,5,0.7207250595092773
MIDAST[KS],0.5,0,2.100543975830078
Neural-ECF[argmax],0.5,0,0.7543869018554688
Neural-ECF[peaks],0.5,0,0.7543869018554688
MIDAST[KS],0.5,0,2.1017799377441406
Neural-ECF[argmax],0.5,0,0.7331821918487549
Neural-ECF[peaks],0.5,0,0.7331821918487549
MIDAST[KS],0.5,0,2.0833122730255127
Neural-ECF[argmax],0.5,5,0.725783109664917
Neural-ECF[peaks],0.5,5,0.725783109664917
MIDAST[KS],0.5,0,2.07709002494812
Neural-ECF[argmax],0.5,0,0.7182421684265137
Neural-ECF[peaks],0.5,0,0.7182421684265137
MIDAST[KS],0.5,0,2.1229088306427
Neural-ECF[argmax],0.5,0,0.7486879825592041
Neural-ECF[peaks],0.5,0,0.7486879825592041
MIDAST[KS],0.5,0,2.313447952270508
Neural-ECF[argmax],0.5,15,0.7241482734680176
Neural-ECF[peaks],0.5,15,0.7241482734680176
MIDAST[KS],0.5,0,2.129329204559326
Neural-ECF[argmax],0.5,15,0.7436549663543701
Neural-ECF[peaks],0.5,15,0.7436549663543701
MIDAST[KS],0.5,0,2.092261791229248
Neural-ECF[argmax],0.5,0,0.7434399127960205
Neural-ECF[peaks],0.5,0,0.7434399127960205
MIDAST[KS],0.5,0,2.1521191596984863
Neural-ECF[argmax],0.5,0,0.7417709827423096
Neural-ECF[peaks],0.5,0,0.7417709827423096
MIDAST[KS],0.5,0,2.0818467140197754
Neural-ECF[argmax],0.5,10,0.7375659942626953
Neural-ECF[peaks],0.5,10,0.7375659942626953
MIDAST[KS],0.5,0,2.104703903198242
Neural-ECF[argmax],0.5,0,0.726017951965332
Neural-ECF[peaks],0.5,0,0.726017951965332
MIDAST[KS],0.5,0,2.138521909713745
Neural-ECF[argmax],0.5,0,0.7577579021453857
Neural-ECF[peaks],0.5,0,0.7577579021453857
MIDAST[KS],0.5,0,2.04436993598938
Neural-ECF[argmax],0.5,0,0.6941368579864502
Neural-ECF[peaks],0.5,0,0.6941368579864502
MIDAST[KS],0.5,0,2.041591167449951
Neural-ECF[argmax],0.5,0,0.7045891284942627
Neural-ECF[peaks],0.5,0,0.7045891284942627
MIDAST[KS],0.5,0,2.0335168838500977
Neural-ECF[argmax],0.5,0,0.7077209949493408
Neural-ECF[peaks],0.5,0,0.7077209949493408
MIDAST[KS],0.5,0,2.1073241233825684
Neural-ECF[argmax],0.5,0,0.7162230014801025
Neural-ECF[peaks],0.5,0,0.7162230014801025
MIDAST[KS],0.5,0,2.0364086627960205
Neural-ECF[argmax],0.5,25,0.6969830989837646
Neural-ECF[peaks],0.5,25,0.6969830989837646
MIDAST[KS],0.5,0,2.008413791656494
Neural-ECF[argmax],0.5,0,0.7081923484802246
Neural-ECF[peaks],0.5,0,0.7081923484802246
MIDAST[KS],0.5,0,2.1327250003814697
Neural-ECF[argmax],0.5,10,0.7356297969818115
Neural-ECF[peaks],0.5,10,0.7356297969818115
MIDAST[KS],0.5,0,2.1171960830688477
Neural-ECF[argmax],0.5,0,0.746985912322998
Neural-ECF[peaks],0.5,0,0.746985912322998
MIDAST[KS],0.5,0,2.0623559951782227
Neural-ECF[argmax],0.5,0,0.720958948135376
Neural-ECF[peaks],0.5,0,0.720958948135376
MIDAST[KS],0.5,0,2.0133109092712402
Neural-ECF[argmax],0.5,0,0.7066149711608887
Neural-ECF[peaks],0.5,0,0.7066149711608887
MIDAST[KS],0.5,0,2.0029149055480957
Neural-ECF[argmax],0.5,10,0.7457983493804932
Neural-ECF[peaks],0.5,10,0.7457983493804932
MIDAST[KS],0.5,0,2.0393919944763184
Neural-ECF[argmax],0.5,0,0.7061989307403564
Neural-ECF[peaks],0.5,0,0.7061989307403564
MIDAST[KS],0.5,0,1.9797797203063965
Neural-ECF[argmax],0.5,0,0.7201459407806396
Neural-ECF[peaks],0.5,0,0.7201459407806396
MIDAST[KS],0.5,0,2.0057599544525146
Neural-ECF[argmax],0.5,0,0.7267920970916748
Neural-ECF[peaks],0.5,0,0.7267920970916748
MIDAST[KS],0.5,0,2.062925100326538
Neural-ECF[argmax],0.5,0,0.7174131870269775
Neural-ECF[peaks],0.5,0,0.7174131870269775
MIDAST[KS],0.5,0,2.0326719284057617
Neural-ECF[argmax],0.5,0,0.7029168605804443
Neural-ECF[peaks],0.5,0,0.7029168605804443
MIDAST[KS],0.5,0,2.0562901496887207
Neural-ECF[argmax],0.5,0,0.7034509181976318
Neural-ECF[peaks],0.5,0,0.7034509181976318
MIDAST[KS],0.5,0,2.0102500915527344
Neural-ECF[argmax],0.5,0,0.7555501461029053
Neural-ECF[peaks],0.5,0,0.7555501461029053
MIDAST[KS],0.5,0,2.0683140754699707
Neural-ECF[argmax],0.5,0,0.7328729629516602
Neural-ECF[peaks],0.5,0,0.7328729629516602
MIDAST[KS],0.5,0,2.0453379154205322
Neural-ECF[argmax],0.5,0,0.7418849468231201
Neural-ECF[peaks],0.5,0,0.7418849468231201
MIDAST[KS],0.5,0,2.1162567138671875
Neural-ECF[argmax],0.5,0,0.7412998676300049
Neural-ECF[peaks],0.5,0,0.7412998676300049
MIDAST[KS],0.5,0,2.0652689933776855
Neural-ECF[argmax],0.5,0,0.749650239944458
Neural-ECF[peaks],0.5,0,0.749650239944458
MIDAST[KS],0.5,0,2.0884201526641846
Neural-ECF[argmax],0.5,0,0.7143418788909912
Neural-ECF[peaks],0.5,0,0.7143418788909912
MIDAST[KS],0.5,0,2.0819320678710938
Neural-ECF[argmax],0.5,10,0.7325658798217773
Neural-ECF[peaks],0.5,10,0.7325658798217773
MIDAST[KS],0.5,0,2.053119421005249
Neural-ECF[argmax],0.5,0,0.7189309597015381
Neural-ECF[peaks],0.5,0,0.7189309597015381
MIDAST[KS],0.5,0,2.0617189407348633
Neural-ECF[argmax],0.5,0,0.7392749786376953
Neural-ECF[peaks],0.5,0,0.7392749786376953
MIDAST[KS],0.5,0,2.065514087677002
Neural-ECF[argmax],0.5,5,0.7246322631835938
Neural-ECF[peaks],0.5,5,0.7246322631835938
MIDAST[KS],0.5,0,2.0628409385681152
Neural-ECF[argmax],0.5,0,0.7213079929351807
Neural-ECF[peaks],0.5,0,0.7213079929351807
MIDAST[KS],0.5,0,2.0808560848236084
Neural-ECF[argmax],0.5,15,0.7319178581237793
Neural-ECF[peaks],0.5,15,0.7319178581237793
MIDAST[KS],0.5,0,2.1291420459747314
Neural-ECF[argmax],0.5,0,0.7375538349151611
Neural-ECF[peaks],0.5,0,0.7375538349151611
MIDAST[KS],0.5,0,2.096891164779663
Neural-ECF[argmax],0.5,0,0.7149209976196289
Neural-ECF[peaks],0.5,0,0.7149209976196289
MIDAST[KS],0.5,0,2.106214761734009
Neural-ECF[argmax],0.5,0,0.7088170051574707
Neural-ECF[peaks],0.5,0,0.7088170051574707
MIDAST[KS],0.5,0,2.0377628803253174
Neural-ECF[argmax],0.5,0,0.7247109413146973
Neural-ECF[peaks],0.5,0,0.7247109413146973
MIDAST[KS],0.5,0,2.0720481872558594
Neural-ECF[argmax],0.5,0,0.7125389575958252
Neural-ECF[peaks],0.5,0,0.7125389575958252
MIDAST[KS],0.5,0,2.006970167160034
Neural-ECF[argmax],0.5,5,0.710777997970581
Neural-ECF[peaks],0.5,5,0.710777997970581
MIDAST[KS],0.5,0,1.9988009929656982
Neural-ECF[argmax],0.5,5,0.722775936126709
Neural-ECF[peaks],0.5,5,0.722775936126709
MIDAST[KS],0.5,0,2.0008058547973633
Neural-ECF[argmax],0.5,45,0.7316789627075195
Neural-ECF[peaks],0.5,45,0.7316789627075195
MIDAST[KS],0.5,0,2.383129835128784
Neural-ECF[argmax],0.5,0,0.7881069183349609
Neural-ECF[peaks],0.5,0,0.7881069183349609
MIDAST[KS],0.5,0,2.079965353012085
Neural-ECF[argmax],0.5,0,0.6591129302978516
Neural-ECF[peaks],0.5,0,0.6591129302978516
MIDAST[KS],0.5,0,1.8084909915924072
Neural-ECF[argmax],0.5,0,0.6498091220855713
Neural-ECF[peaks],0.5,0,0.6498091220855713
MIDAST[KS],0.5,0,1.8803410530090332
Neural-ECF[argmax],0.5,0,0.6441347599029541
Neural-ECF[peaks],0.5,0,0.6441347599029541
MIDAST[KS],0.5,0,1.8014559745788574
Neural-ECF[argmax],0.9,75,1.0445499420166016
Neural-ECF[peaks],0.9,635,1.0445499420166016
MIDAST[KS],0.9,0,3.2343478202819824
Neural-ECF[argmax],0.9,75,1.0490331649780273
Neural-ECF[peaks],0.9,75,1.0490331649780273
MIDAST[KS],0.9,0,3.2957091331481934
Neural-ECF[argmax],0.9,75,1.0074329376220703
Neural-ECF[peaks],0.9,75,1.0074329376220703
MIDAST[KS],0.9,0,3.2378718852996826
Neural-ECF[argmax],0.9,75,1.0481867790222168
Neural-ECF[peaks],0.9,75,1.0481867790222168
MIDAST[KS],0.9,0,3.297232151031494
Neural-ECF[argmax],0.9,75,1.0352997779846191
Neural-ECF[peaks],0.9,75,1.0352997779846191
MIDAST[KS],0.9,0,3.2025551795959473
Neural-ECF[argmax],0.9,75,1.029358148574829
Neural-ECF[peaks],0.9,75,1.029358148574829
MIDAST[KS],0.9,0,3.307603120803833
Neural-ECF[argmax],0.9,75,0.9933478832244873
Neural-ECF[peaks],0.9,75,0.9933478832244873
MIDAST[KS],0.9,0,3.2637181282043457
Neural-ECF[argmax],0.9,75,0.9939072132110596
Neural-ECF[peaks],0.9,75,0.9939072132110596
MIDAST[KS],0.9,0,3.165566921234131
Neural-ECF[argmax],0.9,75,1.0075490474700928
Neural-ECF[peaks],0.9,75,1.0075490474700928
MIDAST[KS],0.9,0,3.281172037124634
Neural-ECF[argmax],0.9,75,1.0166378021240234
Neural-ECF[peaks],0.9,75,1.0166378021240234
MIDAST[KS],0.9,0,3.250042200088501
Neural-ECF[argmax],0.9,75,1.045114278793335
Neural-ECF[peaks],0.9,75,1.045114278793335
MIDAST[KS],0.9,0,3.171166181564331
Neural-ECF[argmax],0.9,75,1.0075268745422363
Neural-ECF[peaks],0.9,75,1.0075268745422363
MIDAST[KS],0.9,0,3.336199998855591
Neural-ECF[argmax],0.9,75,1.0107641220092773
Neural-ECF[peaks],0.9,75,1.0107641220092773
MIDAST[KS],0.9,0,3.2513551712036133
Neural-ECF[argmax],0.9,75,0.9787390232086182
Neural-ECF[peaks],0.9,75,0.9787390232086182
MIDAST[KS],0.9,0,3.2394728660583496
Neural-ECF[argmax],0.9,75,1.0305850505828857
Neural-ECF[peaks],0.9,75,1.0305850505828857
MIDAST[KS],0.9,0,3.275083065032959
Neural-ECF[argmax],0.9,75,1.0263049602508545
Neural-ECF[peaks],0.9,75,1.0263049602508545
MIDAST[KS],0.9,0,3.167631149291992
Neural-ECF[argmax],0.9,75,1.0125923156738281
Neural-ECF[peaks],0.9,75,1.0125923156738281
MIDAST[KS],0.9,0,3.243220090866089
Neural-ECF[argmax],0.9,75,0.9586060047149658
Neural-ECF[peaks],0.9,305,0.9586060047149658
MIDAST[KS],0.9,0,3.191694974899292
Neural-ECF[argmax],0.9,75,0.9969117641448975
Neural-ECF[peaks],0.9,75,0.9969117641448975
MIDAST[KS],0.9,0,3.1593852043151855
Neural-ECF[argmax],0.9,75,1.01409912109375
Neural-ECF[peaks],0.9,75,1.01409912109375
MIDAST[KS],0.9,0,3.153444290161133
Neural-ECF[argmax],0.9,75,0.9779660701751709
Neural-ECF[peaks],0.9,75,0.9779660701751709
MIDAST[KS],0.9,0,3.181124687194824
Neural-ECF[argmax],0.9,75,1.0106480121612549
Neural-ECF[peaks],0.9,75,1.0106480121612549
MIDAST[KS],0.9,0,3.1493470668792725
Neural-ECF[argmax],0.9,75,0.9820079803466797
Neural-ECF[peaks],0.9,75,0.9820079803466797
MIDAST[KS],0.9,0,3.2107350826263428
Neural-ECF[argmax],0.9,75,0.9798331260681152
Neural-ECF[peaks],0.9,75,0.9798331260681152
MIDAST[KS],0.9,0,3.1900486946105957
Neural-ECF[argmax],0.9,75,0.9775891304016113
Neural-ECF[peaks],0.9,75,0.9775891304016113
MIDAST[KS],0.9,0,3.261672019958496
Neural-ECF[argmax],0.9,75,0.9899990558624268
Neural-ECF[peaks],0.9,75,0.9899990558624268
MIDAST[KS],0.9,0,3.16825532913208
Neural-ECF[argmax],0.9,75,0.9709739685058594
Neural-ECF[peaks],0.9,75,0.9709739685058594
MIDAST[KS],0.9,0,3.2338998317718506
Neural-ECF[argmax],0.9,75,0.9867992401123047
Neural-ECF[peaks],0.9,75,0.9867992401123047
MIDAST[KS],0.9,0,3.1919608116149902
Neural-ECF[argmax],0.9,75,0.9924499988555908
Neural-ECF[peaks],0.9,75,0.9924499988555908
MIDAST[KS],0.9,0,3.1681129932403564
Neural-ECF[argmax],0.9,75,0.9869430065155029
Neural-ECF[peaks],0.9,75,0.9869430065155029
MIDAST[KS],0.9,0,3.159684181213379
Neural-ECF[argmax],0.9,75,0.9765300750732422
Neural-ECF[peaks],0.9,75,0.9765300750732422
MIDAST[KS],0.9,0,3.173185110092163
Neural-ECF[argmax],0.9,75,0.992588996887207
Neural-ECF[peaks],0.9,75,0.992588996887207
MIDAST[KS],0.9,0,3.1329660415649414
Neural-ECF[argmax],0.9,75,0.981003999710083
Neural-ECF[peaks],0.9,75,0.981003999710083
MIDAST[KS],0.9,0,3.2085049152374268
Neural-ECF[argmax],0.9,75,1.0101218223571777
Neural-ECF[peaks],0.9,75,1.0101218223571777
MIDAST[KS],0.9,0,3.2289252281188965
Neural-ECF[argmax],0.9,75,0.9828939437866211
Neural-ECF[peaks],0.9,75,0.9828939437866211
MIDAST[KS],0.9,0,3.2001519203186035
Neural-ECF[argmax],0.9,75,0.9930112361907959
Neural-ECF[peaks],0.9,75,0.9930112361907959
MIDAST[KS],0.9,10,3.166001081466675
Neural-ECF[argmax],0.9,75,0.9563519954681396
Neural-ECF[peaks],0.9,75,0.9563519954681396
MIDAST[KS],0.9,0,3.1613330841064453
Neural-ECF[argmax],0.9,75,0.9822537899017334
Neural-ECF[peaks],0.9,75,0.9822537899017334
MIDAST[KS],0.9,0,3.1348979473114014
Neural-ECF[argmax],0.9,75,1.0468180179595947
Neural-ECF[peaks],0.9,75,1.0468180179595947
MIDAST[KS],0.9,0,3.1405229568481445
Neural-ECF[argmax],0.9,75,0.9542050361633301
Neural-ECF[peaks],0.9,75,0.9542050361633301
MIDAST[KS],0.9,0,3.1713008880615234
Neural-ECF[argmax],0.9,75,0.9995598793029785
Neural-ECF[peaks],0.9,75,0.9995598793029785
MIDAST[KS],0.9,0,3.207362174987793
Neural-ECF[argmax],0.9,75,0.9944360256195068
Neural-ECF[peaks],0.9,290,0.9944360256195068
MIDAST[KS],0.9,0,3.0631182193756104
Neural-ECF[argmax],0.9,75,0.9856448173522949
Neural-ECF[peaks],0.9,75,0.9856448173522949
MIDAST[KS],0.9,0,3.131838083267212
Neural-ECF[argmax],0.9,75,0.9630270004272461
Neural-ECF[peaks],0.9,75,0.9630270004272461
MIDAST[KS],0.9,0,3.105272054672241
Neural-ECF[argmax],0.9,75,0.9736778736114502
Neural-ECF[peaks],0.9,75,0.9736778736114502
MIDAST[KS],0.9,0,3.119033098220825
Neural-ECF[argmax],0.9,75,0.989692211151123
Neural-ECF[peaks],0.9,75,0.989692211151123
MIDAST[KS],0.9,0,3.1414339542388916
Neural-ECF[argmax],0.9,75,0.9745228290557861
Neural-ECF[peaks],0.9,75,0.9745228290557861
MIDAST[KS],0.9,0,3.0798959732055664
Neural-ECF[argmax],0.9,75,0.9869139194488525
Neural-ECF[peaks],0.9,645,0.9869139194488525
MIDAST[KS],0.9,0,3.1816601753234863
Neural-ECF[argmax],0.9,75,0.9940721988677979
Neural-ECF[peaks],0.9,75,0.9940721988677979
MIDAST[KS],0.9,0,3.158717155456543
Neural-ECF[argmax],0.9,75,1.0249443054199219
Neural-ECF[peaks],0.9,355,1.0249443054199219
MIDAST[KS],0.9,0,3.214696168899536
Neural-ECF[argmax],0.9,75,0.9859609603881836
Neural-ECF[peaks],0.9,75,0.9859609603881836
MIDAST[KS],0.9,0,3.1980652809143066
Neural-ECF[argmax],0.9,75,1.0007660388946533
Neural-ECF[peaks],0.9,75,1.0007660388946533
MIDAST[KS],0.9,0,3.6579198837280273
Neural-ECF[argmax],0.9,75,0.993772029876709
Neural-ECF[peaks],0.9,75,0.993772029876709
MIDAST[KS],0.9,0,3.2613348960876465
Neural-ECF[argmax],0.9,75,0.9995620250701904
Neural-ECF[peaks],0.9,75,0.9995620250701904
MIDAST[KS],0.9,0,3.188464879989624
Neural-ECF[argmax],0.9,75,1.0147860050201416
Neural-ECF[peaks],0.9,75,1.0147860050201416
MIDAST[KS],0.9,0,3.172867774963379
Neural-ECF[argmax],0.9,75,0.9880831241607666
Neural-ECF[peaks],0.9,75,0.9880831241607666
MIDAST[KS],0.9,0,3.1659300327301025
Neural-ECF[argmax],0.9,75,0.975679874420166
Neural-ECF[peaks],0.9,75,0.975679874420166
MIDAST[KS],0.9,0,3.189445972442627
Neural-ECF[argmax],0.9,75,0.9780850410461426
Neural-ECF[peaks],0.9,75,0.9780850410461426
MIDAST[KS],0.9,0,3.1788361072540283
Neural-ECF[argmax],0.9,75,1.0015628337860107
Neural-ECF[peaks],0.9,75,1.0015628337860107
MIDAST[KS],0.9,0,3.14349102973938
Neural-ECF[argmax],0.9,75,0.9939990043640137
Neural-ECF[peaks],0.9,75,0.9939990043640137
MIDAST[KS],0.9,0,3.118497848510742
Neural-ECF[argmax],0.9,75,0.9932348728179932
Neural-ECF[peaks],0.9,75,0.9932348728179932
MIDAST[KS],0.9,0,3.152784824371338
Neural-ECF[argmax],0.9,75,1.0063719749450684
Neural-ECF[peaks],0.9,75,1.0063719749450684
MIDAST[KS],0.9,0,3.1138651371002197
Neural-ECF[argmax],0.9,75,1.0187609195709229
Neural-ECF[peaks],0.9,75,1.0187609195709229
MIDAST[KS],0.9,0,3.0819778442382812
Neural-ECF[argmax],0.9,75,1.0396678447723389
Neural-ECF[peaks],0.9,75,1.0396678447723389
MIDAST[KS],0.9,0,3.194751024246216
Neural-ECF[argmax],0.9,75,0.996737003326416
Neural-ECF[peaks],0.9,75,0.996737003326416
MIDAST[KS],0.9,0,3.1627981662750244
Neural-ECF[argmax],0.9,75,0.9835619926452637
Neural-ECF[peaks],0.9,75,0.9835619926452637
MIDAST[KS],0.9,0,3.1205599308013916
Neural-ECF[argmax],0.9,75,1.008971929550171
Neural-ECF[peaks],0.9,75,1.008971929550171
MIDAST[KS],0.9,0,3.262204885482788
Neural-ECF[argmax],0.9,75,1.017566204071045
Neural-ECF[peaks],0.9,75,1.017566204071045
MIDAST[KS],0.9,0,3.1478941440582275
Neural-ECF[argmax],0.9,75,0.9675030708312988
Neural-ECF[peaks],0.9,75,0.9675030708312988
MIDAST[KS],0.9,0,3.134268045425415
Neural-ECF[argmax],0.9,75,1.0070381164550781
Neural-ECF[peaks],0.9,75,1.0070381164550781
MIDAST[KS],0.9,0,3.103875160217285
Neural-ECF[argmax],0.9,75,1.0128750801086426
Neural-ECF[peaks],0.9,75,1.0128750801086426
MIDAST[KS],0.9,0,3.164512872695923
Neural-ECF[argmax],0.9,75,0.9826650619506836
Neural-ECF[peaks],0.9,75,0.9826650619506836
MIDAST[KS],0.9,0,3.2087881565093994
Neural-ECF[argmax],0.9,75,1.011650800704956
Neural-ECF[peaks],0.9,75,1.011650800704956
MIDAST[KS],0.9,0,3.1998846530914307
Neural-ECF[argmax],0.9,75,0.9951338768005371
Neural-ECF[peaks],0.9,75,0.9951338768005371
MIDAST[KS],0.9,0,3.118582010269165
Neural-ECF[argmax],0.9,75,0.994513988494873
Neural-ECF[peaks],0.9,75,0.994513988494873
MIDAST[KS],0.9,0,3.1152539253234863
Neural-ECF[argmax],0.9,75,0.9849741458892822
Neural-ECF[peaks],0.9,75,0.9849741458892822
MIDAST[KS],0.9,0,3.1179111003875732
Neural-ECF[argmax],0.9,75,1.0065617561340332
Neural-ECF[peaks],0.9,75,1.0065617561340332
MIDAST[KS],0.9,0,3.1846461296081543
Neural-ECF[argmax],0.9,75,1.0023248195648193
Neural-ECF[peaks],0.9,75,1.0023248195648193
MIDAST[KS],0.9,0,3.15242600440979
Neural-ECF[argmax],0.9,75,0.9842321872711182
Neural-ECF[peaks],0.9,75,0.9842321872711182
MIDAST[KS],0.9,0,3.1254518032073975
Neural-ECF[argmax],0.9,75,0.9960391521453857
Neural-ECF[peaks],0.9,465,0.9960391521453857
MIDAST[KS],0.9,0,3.141439914703369
Neural-ECF[argmax],0.9,75,1.0045599937438965
Neural-ECF[peaks],0.9,75,1.0045599937438965
MIDAST[KS],0.9,0,3.1493029594421387
Neural-ECF[argmax],0.9,75,0.9840948581695557
Neural-ECF[peaks],0.9,75,0.9840948581695557
MIDAST[KS],0.9,0,3.2140932083129883
Neural-ECF[argmax],0.9,75,0.983994722366333
Neural-ECF[peaks],0.9,75,0.983994722366333
MIDAST[KS],0.9,0,3.1021478176116943
Neural-ECF[argmax],0.9,75,0.9772751331329346
Neural-ECF[peaks],0.9,75,0.9772751331329346
MIDAST[KS],0.9,0,3.190608263015747
Neural-ECF[argmax],0.9,75,0.9493229389190674
Neural-ECF[peaks],0.9,75,0.9493229389190674
MIDAST[KS],0.9,0,3.157100200653076
Neural-ECF[argmax],0.9,75,1.0016140937805176
Neural-ECF[peaks],0.9,75,1.0016140937805176
MIDAST[KS],0.9,0,3.1421329975128174
Neural-ECF[argmax],0.9,75,1.0101687908172607
Neural-ECF[peaks],0.9,75,1.0101687908172607
MIDAST[KS],0.9,0,3.1425981521606445
Neural-ECF[argmax],0.9,75,0.987983226776123
Neural-ECF[peaks],0.9,75,0.987983226776123
MIDAST[KS],0.9,0,3.2061030864715576
Neural-ECF[argmax],0.9,75,0.994002103805542
Neural-ECF[peaks],0.9,75,0.994002103805542
MIDAST[KS],0.9,0,3.203632116317749
Neural-ECF[argmax],0.9,75,0.9850008487701416
Neural-ECF[peaks],0.9,75,0.9850008487701416
MIDAST[KS],0.9,0,3.1992850303649902
Neural-ECF[argmax],0.9,75,1.0081939697265625
Neural-ECF[peaks],0.9,75,1.0081939697265625
MIDAST[KS],0.9,0,3.232607841491699
Neural-ECF[argmax],0.9,75,0.999243974685669
Neural-ECF[peaks],0.9,75,0.999243974685669
MIDAST[KS],0.9,0,3.178236961364746
Neural-ECF[argmax],0.9,75,1.0042200088500977
Neural-ECF[peaks],0.9,475,1.0042200088500977
MIDAST[KS],0.9,0,3.1001529693603516
Neural-ECF[argmax],0.9,75,1.0070788860321045
Neural-ECF[peaks],0.9,75,1.0070788860321045
MIDAST[KS],0.9,0,3.170870065689087
Neural-ECF[argmax],0.9,75,1.0216660499572754
Neural-ECF[peaks],0.9,75,1.0216660499572754
MIDAST[KS],0.9,0,3.239751100540161
Neural-ECF[argmax],0.9,75,0.9927349090576172
Neural-ECF[peaks],0.9,465,0.9927349090576172
MIDAST[KS],0.9,0,3.2815909385681152
Neural-ECF[argmax],0.9,75,1.0111868381500244
Neural-ECF[peaks],0.9,75,1.0111868381500244
MIDAST[KS],0.9,0,3.171872854232788
Neural-ECF[argmax],0.9,75,0.9845569133758545
Neural-ECF[peaks],0.9,75,0.9845569133758545
MIDAST[KS],0.9,0,3.0905888080596924
Neural-ECF[argmax],0.9,75,1.0090110301971436
Neural-ECF[peaks],0.9,75,1.0090110301971436
MIDAST[KS],0.9,0,3.078305959701538
Neural-ECF[argmax],0.9,75,0.9746770858764648
Neural-ECF[peaks],0.9,75,0.9746770858764648
MIDAST[KS],0.9,0,3.168760061264038
Neural-ECF[argmax],0.9,75,0.9911098480224609
Neural-ECF[peaks],0.9,75,0.9911098480224609
MIDAST[KS],0.9,0,3.226365089416504
Neural-ECF[argmax],0.9,75,1.023836374282837
Neural-ECF[peaks],0.9,75,1.023836374282837
MIDAST[KS],0.9,0,3.1247167587280273
Neural-ECF[argmax],0.9,75,0.9837172031402588
Neural-ECF[peaks],0.9,75,0.9837172031402588
MIDAST[KS],0.9,0,3.1375417709350586
Neural-ECF[argmax],0.9,75,1.0371599197387695
Neural-ECF[peaks],0.9,75,1.0371599197387695
MIDAST[KS],0.9,0,3.1386919021606445
Neural-ECF[argmax],0.9,75,0.9913082122802734
Neural-ECF[peaks],0.9,75,0.9913082122802734
MIDAST[KS],0.9,0,3.1286869049072266
Neural-ECF[argmax],0.9,75,1.0021240711212158
Neural-ECF[peaks],0.9,75,1.0021240711212158
MIDAST[KS],0.9,0,3.231797933578491
Neural-ECF[argmax],0.9,75,0.988804817199707
Neural-ECF[peaks],0.9,75,0.988804817199707
MIDAST[KS],0.9,0,3.199514865875244
Neural-ECF[argmax],0.9,75,1.0166840553283691
Neural-ECF[peaks],0.9,75,1.0166840553283691
MIDAST[KS],0.9,0,3.1803410053253174
Neural-ECF[argmax],0.9,75,0.9916651248931885
Neural-ECF[peaks],0.9,75,0.9916651248931885
MIDAST[KS],0.9,0,3.2267069816589355
Neural-ECF[argmax],0.9,75,1.0191309452056885
Neural-ECF[peaks],0.9,605,1.0191309452056885
MIDAST[KS],0.9,0,3.1368191242218018
Neural-ECF[argmax],0.9,75,1.0654339790344238
Neural-ECF[peaks],0.9,75,1.0654339790344238
MIDAST[KS],0.9,0,3.1926820278167725
Neural-ECF[argmax],0.9,75,1.0262329578399658
Neural-ECF[peaks],0.9,75,1.0262329578399658
MIDAST[KS],0.9,0,3.2389421463012695
Neural-ECF[argmax],0.9,75,1.0211272239685059
Neural-ECF[peaks],0.9,75,1.0211272239685059
MIDAST[KS],0.9,0,3.1275887489318848
Neural-ECF[argmax],0.9,75,0.9849557876586914
Neural-ECF[peaks],0.9,75,0.9849557876586914
MIDAST[KS],0.9,0,3.144490957260132
Neural-ECF[argmax],0.9,75,0.9946508407592773
Neural-ECF[peaks],0.9,75,0.9946508407592773
MIDAST[KS],0.9,0,3.229246139526367
Neural-ECF[argmax],0.9,75,0.9989020824432373
Neural-ECF[peaks],0.9,75,0.9989020824432373
MIDAST[KS],0.9,0,3.082672119140625
Neural-ECF[argmax],0.9,75,0.9746079444885254
Neural-ECF[peaks],0.9,75,0.9746079444885254
MIDAST[KS],0.9,0,3.2279789447784424
Neural-ECF[argmax],0.9,75,0.9880077838897705
Neural-ECF[peaks],0.9,75,0.9880077838897705
MIDAST[KS],0.9,0,3.178576946258545
Neural-ECF[argmax],0.9,75,1.0082030296325684
Neural-ECF[peaks],0.9,75,1.0082030296325684
MIDAST[KS],0.9,0,3.1783018112182617
Neural-ECF[argmax],0.9,75,0.9936699867248535
Neural-ECF[peaks],0.9,75,0.9936699867248535
MIDAST[KS],0.9,0,3.1911487579345703
Neural-ECF[argmax],0.9,75,0.9845001697540283
Neural-ECF[peaks],0.9,75,0.9845001697540283
MIDAST[KS],0.9,0,3.1739609241485596
Neural-ECF[argmax],0.9,75,1.0052597522735596
Neural-ECF[peaks],0.9,75,1.0052597522735596
MIDAST[KS],0.9,0,3.127545118331909
Neural-ECF[argmax],0.9,75,1.0226366519927979
Neural-ECF[peaks],0.9,75,1.0226366519927979
MIDAST[KS],0.9,0,3.152423858642578
Neural-ECF[argmax],0.9,75,0.9713780879974365
Neural-ECF[peaks],0.9,75,0.9713780879974365
MIDAST[KS],0.9,0,3.273289918899536
Neural-ECF[argmax],0.9,75,0.9989721775054932
Neural-ECF[peaks],0.9,75,0.9989721775054932
MIDAST[KS],0.9,0,3.252009153366089
Neural-ECF[argmax],0.9,75,0.9809632301330566
Neural-ECF[peaks],0.9,75,0.9809632301330566
MIDAST[KS],0.9,0,3.3012259006500244
Neural-ECF[argmax],0.9,75,1.0382359027862549
Neural-ECF[peaks],0.9,75,1.0382359027862549
MIDAST[KS],0.9,0,3.158478021621704
Neural-ECF[argmax],0.9,75,1.0263950824737549
Neural-ECF[peaks],0.9,75,1.0263950824737549
MIDAST[KS],0.9,0,3.1664109230041504
Neural-ECF[argmax],0.9,75,0.9916360378265381
Neural-ECF[peaks],0.9,75,0.9916360378265381
MIDAST[KS],0.9,0,3.1306910514831543
Neural-ECF[argmax],0.9,75,0.9761202335357666
Neural-ECF[peaks],0.9,75,0.9761202335357666
MIDAST[KS],0.9,0,3.1687939167022705
Neural-ECF[argmax],0.9,75,0.9864258766174316
Neural-ECF[peaks],0.9,75,0.9864258766174316
MIDAST[KS],0.9,0,3.1725218296051025
Neural-ECF[argmax],0.9,75,0.9902708530426025
Neural-ECF[peaks],0.9,75,0.9902708530426025
MIDAST[KS],0.9,0,3.274327039718628
Neural-ECF[argmax],0.9,75,0.9908452033996582
Neural-ECF[peaks],0.9,75,0.9908452033996582
MIDAST[KS],0.9,0,3.2022290229797363
Neural-ECF[argmax],0.9,75,0.984076738357544
Neural-ECF[peaks],0.9,75,0.984076738357544
MIDAST[KS],0.9,0,3.1860358715057373
Neural-ECF[argmax],0.9,75,0.996549129486084
Neural-ECF[peaks],0.9,75,0.996549129486084
MIDAST[KS],0.9,0,3.233591079711914
Neural-ECF[argmax],0.9,75,1.016477108001709
Neural-ECF[peaks],0.9,75,1.016477108001709
MIDAST[KS],0.9,0,3.297750949859619
Neural-ECF[argmax],0.9,75,1.0452508926391602
Neural-ECF[peaks],0.9,75,1.0452508926391602
MIDAST[KS],0.9,0,3.3319361209869385
Neural-ECF[argmax],0.9,75,1.0017471313476562
Neural-ECF[peaks],0.9,75,1.0017471313476562
MIDAST[KS],0.9,0,3.212721109390259
Neural-ECF[argmax],0.9,75,0.9969398975372314
Neural-ECF[peaks],0.9,75,0.9969398975372314
MIDAST[KS],0.9,0,3.3770501613616943
Neural-ECF[argmax],0.9,75,0.9820830821990967
Neural-ECF[peaks],0.9,75,0.9820830821990967
MIDAST[KS],0.9,0,3.163201093673706
Neural-ECF[argmax],0.9,75,1.0172398090362549
Neural-ECF[peaks],0.9,75,1.0172398090362549
MIDAST[KS],0.9,0,3.1558802127838135
Neural-ECF[argmax],0.9,75,0.9986801147460938
Neural-ECF[peaks],0.9,75,0.9986801147460938
MIDAST[KS],0.9,0,3.24399471282959
Neural-ECF[argmax],0.9,75,1.0130980014801025
Neural-ECF[peaks],0.9,75,1.0130980014801025
MIDAST[KS],0.9,0,3.1812479496002197
Neural-ECF[argmax],0.9,75,1.0225331783294678
Neural-ECF[peaks],0.9,75,1.0225331783294678
MIDAST[KS],0.9,0,3.1513168811798096
Neural-ECF[argmax],0.9,75,0.9590890407562256
Neural-ECF[peaks],0.9,75,0.9590890407562256
MIDAST[KS],0.9,0,3.185910940170288
Neural-ECF[argmax],0.9,75,0.9728488922119141
Neural-ECF[peaks],0.9,75,0.9728488922119141
MIDAST[KS],0.9,0,3.2108688354492188
Neural-ECF[argmax],0.9,75,0.9876258373260498
Neural-ECF[peaks],0.9,75,0.9876258373260498
MIDAST[KS],0.9,0,3.2659120559692383
Neural-ECF[argmax],0.9,75,0.9835128784179688
Neural-ECF[peaks],0.9,75,0.9835128784179688
MIDAST[KS],0.9,0,3.2035489082336426
Neural-ECF[argmax],0.9,75,0.9913232326507568
Neural-ECF[peaks],0.9,75,0.9913232326507568
MIDAST[KS],0.9,0,3.125736951828003
Neural-ECF[argmax],0.9,75,1.014265775680542
Neural-ECF[peaks],0.9,75,1.014265775680542
MIDAST[KS],0.9,0,3.121859073638916
Neural-ECF[argmax],0.9,75,1.006485939025879
Neural-ECF[peaks],0.9,75,1.006485939025879
MIDAST[KS],0.9,0,3.1697230339050293
Neural-ECF[argmax],0.9,75,0.9937012195587158
Neural-ECF[peaks],0.9,75,0.9937012195587158
MIDAST[KS],0.9,0,3.2283549308776855
Neural-ECF[argmax],0.9,75,0.9891347885131836
Neural-ECF[peaks],0.9,75,0.9891347885131836
MIDAST[KS],0.9,0,3.1493217945098877
Neural-ECF[argmax],0.9,75,1.0261518955230713
Neural-ECF[peaks],0.9,75,1.0261518955230713
MIDAST[KS],0.9,0,3.253119945526123
Neural-ECF[argmax],0.9,75,1.0149130821228027
Neural-ECF[peaks],0.9,75,1.0149130821228027
MIDAST[KS],0.9,0,3.1614389419555664
Neural-ECF[argmax],0.9,75,0.9926598072052002
Neural-ECF[peaks],0.9,75,0.9926598072052002
MIDAST[KS],0.9,0,3.158493995666504
Neural-ECF[argmax],0.9,75,1.0085539817810059
Neural-ECF[peaks],0.9,75,1.0085539817810059
MIDAST[KS],0.9,0,3.193882942199707
Neural-ECF[argmax],0.9,75,0.988638162612915
Neural-ECF[peaks],0.9,75,0.988638162612915
MIDAST[KS],0.9,0,3.2128310203552246
Neural-ECF[argmax],0.9,75,0.9821710586547852
Neural-ECF[peaks],0.9,75,0.9821710586547852
MIDAST[KS],0.9,0,3.1953959465026855
Neural-ECF[argmax],0.9,75,1.0229220390319824
Neural-ECF[peaks],0.9,75,1.0229220390319824
MIDAST[KS],0.9,0,3.2330281734466553
Neural-ECF[argmax],0.9,75,1.0014958381652832
Neural-ECF[peaks],0.9,75,1.0014958381652832
MIDAST[KS],0.9,0,3.1905579566955566
Neural-ECF[argmax],0.9,75,1.0127172470092773
Neural-ECF[peaks],0.9,75,1.0127172470092773
MIDAST[KS],0.9,0,3.1305198669433594
Neural-ECF[argmax],0.9,75,0.9617199897766113
Neural-ECF[peaks],0.9,75,0.9617199897766113
MIDAST[KS],0.9,0,3.1586520671844482
Neural-ECF[argmax],0.9,75,0.9743199348449707
Neural-ECF[peaks],0.9,75,0.9743199348449707
MIDAST[KS],0.9,0,3.1896650791168213
Neural-ECF[argmax],0.9,75,0.9667069911956787
Neural-ECF[peaks],0.9,345,0.9667069911956787
MIDAST[KS],0.9,0,3.2051281929016113
Neural-ECF[argmax],0.9,75,0.9846222400665283
Neural-ECF[peaks],0.9,75,0.9846222400665283
MIDAST[KS],0.9,0,3.186457872390747
Neural-ECF[argmax],0.9,75,1.0249662399291992
Neural-ECF[peaks],0.9,75,1.0249662399291992
MIDAST[KS],0.9,0,3.2040610313415527
Neural-ECF[argmax],0.9,75,0.9956817626953125
Neural-ECF[peaks],0.9,75,0.9956817626953125
MIDAST[KS],0.9,0,3.3015248775482178
Neural-ECF[argmax],0.9,75,0.9802370071411133
Neural-ECF[peaks],0.9,75,0.9802370071411133
MIDAST[KS],0.9,0,3.174009084701538
Neural-ECF[argmax],0.9,75,1.006248950958252
Neural-ECF[peaks],0.9,75,1.006248950958252
MIDAST[KS],0.9,0,3.180450677871704
Neural-ECF[argmax],0.9,75,1.0077180862426758
Neural-ECF[peaks],0.9,75,1.0077180862426758
MIDAST[KS],0.9,0,3.157371759414673
Neural-ECF[argmax],0.9,75,0.9850456714630127
Neural-ECF[peaks],0.9,75,0.9850456714630127
MIDAST[KS],0.9,0,3.1618921756744385
Neural-ECF[argmax],0.9,75,0.9657847881317139
Neural-ECF[peaks],0.9,75,0.9657847881317139
MIDAST[KS],0.9,0,3.211604118347168
Neural-ECF[argmax],0.9,75,1.0467820167541504
Neural-ECF[peaks],0.9,75,1.0467820167541504
MIDAST[KS],0.9,0,3.2984273433685303
Neural-ECF[argmax],0.9,75,1.022369146347046
Neural-ECF[peaks],0.9,75,1.022369146347046
MIDAST[KS],0.9,0,3.267704963684082
Neural-ECF[argmax],0.9,75,1.0207479000091553
Neural-ECF[peaks],0.9,75,1.0207479000091553
MIDAST[KS],0.9,0,3.1523420810699463
Neural-ECF[argmax],0.9,75,0.9773633480072021
Neural-ECF[peaks],0.9,75,0.9773633480072021
MIDAST[KS],0.9,0,3.3495028018951416
Neural-ECF[argmax],0.9,75,1.006300926208496
Neural-ECF[peaks],0.9,75,1.006300926208496
MIDAST[KS],0.9,0,3.205657958984375
Neural-ECF[argmax],0.9,75,1.003600835800171
Neural-ECF[peaks],0.9,75,1.003600835800171
MIDAST[KS],0.9,0,3.2014219760894775
Neural-ECF[argmax],0.9,75,0.9795377254486084
Neural-ECF[peaks],0.9,75,0.9795377254486084
MIDAST[KS],0.9,0,3.1593270301818848
Neural-ECF[argmax],0.9,75,1.0111339092254639
Neural-ECF[peaks],0.9,75,1.0111339092254639
MIDAST[KS],0.9,0,3.1728291511535645
Neural-ECF[argmax],0.9,75,1.011348009109497
Neural-ECF[peaks],0.9,75,1.011348009109497
MIDAST[KS],0.9,0,3.20778226852417
Neural-ECF[argmax],0.9,75,0.9960789680480957
Neural-ECF[peaks],0.9,75,0.9960789680480957
MIDAST[KS],0.9,0,3.2137439250946045
Neural-ECF[argmax],0.9,75,0.984097957611084
Neural-ECF[peaks],0.9,75,0.984097957611084
MIDAST[KS],0.9,0,3.1631178855895996
Neural-ECF[argmax],0.9,75,0.9978451728820801
Neural-ECF[peaks],0.9,75,0.9978451728820801
MIDAST[KS],0.9,0,3.1981120109558105
Neural-ECF[argmax],0.9,75,0.9737548828125
Neural-ECF[peaks],0.9,75,0.9737548828125
MIDAST[KS],0.9,0,3.130894184112549
Neural-ECF[argmax],0.9,75,0.9718320369720459
Neural-ECF[peaks],0.9,75,0.9718320369720459
MIDAST[KS],0.9,0,3.1661109924316406
Neural-ECF[argmax],0.9,75,0.9828858375549316
Neural-ECF[peaks],0.9,75,0.9828858375549316
MIDAST[KS],0.9,0,3.227250337600708
Neural-ECF[argmax],0.9,75,0.9912257194519043
Neural-ECF[peaks],0.9,75,0.9912257194519043
MIDAST[KS],0.9,0,3.112309694290161
Neural-ECF[argmax],0.9,75,1.0088109970092773
Neural-ECF[peaks],0.9,75,1.0088109970092773
MIDAST[KS],0.9,0,3.1978490352630615
Neural-ECF[argmax],0.9,75,1.0070159435272217
Neural-ECF[peaks],0.9,75,1.0070159435272217
MIDAST[KS],0.9,0,3.1633222103118896
Neural-ECF[argmax],0.9,75,1.0110809803009033
Neural-ECF[peaks],0.9,75,1.0110809803009033
MIDAST[KS],0.9,0,3.1368861198425293
Neural-ECF[argmax],0.9,75,1.0020427703857422
Neural-ECF[peaks],0.9,75,1.0020427703857422
MIDAST[KS],0.9,0,3.188192129135132
Neural-ECF[argmax],0.9,75,0.982882022857666
Neural-ECF[peaks],0.9,75,0.982882022857666
MIDAST[KS],0.9,0,3.2226359844207764
Neural-ECF[argmax],0.9,75,1.0233898162841797
Neural-ECF[peaks],0.9,75,1.0233898162841797
MIDAST[KS],0.9,0,3.1956279277801514
Neural-ECF[argmax],0.9,75,0.9787330627441406
Neural-ECF[peaks],0.9,75,0.9787330627441406
MIDAST[KS],0.9,0,3.2211408615112305
Neural-ECF[argmax],0.9,75,1.0001473426818848
Neural-ECF[peaks],0.9,75,1.0001473426818848
MIDAST[KS],0.9,0,3.156557083129883
Neural-ECF[argmax],0.9,75,0.9762580394744873
Neural-ECF[peaks],0.9,75,0.9762580394744873
MIDAST[KS],0.9,0,3.1478118896484375
Neural-ECF[argmax],0.9,75,1.0353116989135742
Neural-ECF[peaks],0.9,75,1.0353116989135742
MIDAST[KS],0.9,0,3.1609630584716797
Neural-ECF[argmax],0.9,75,1.0048980712890625
Neural-ECF[peaks],0.9,75,1.0048980712890625
MIDAST[KS],0.9,0,3.1740479469299316
Neural-ECF[argmax],0.9,75,0.9970908164978027
Neural-ECF[peaks],0.9,75,0.9970908164978027
MIDAST[KS],0.9,0,3.1752166748046875
Neural-ECF[argmax],0.9,75,0.9887890815734863
Neural-ECF[peaks],0.9,75,0.9887890815734863
MIDAST[KS],0.9,0,3.225464105606079
Neural-ECF[argmax],0.9,75,0.9938929080963135
Neural-ECF[peaks],0.9,75,0.9938929080963135
MIDAST[KS],0.9,0,3.168715000152588
Neural-ECF[argmax],0.9,75,0.9930870532989502
Neural-ECF[peaks],0.9,75,0.9930870532989502
MIDAST[KS],0.9,0,3.1731929779052734
Neural-ECF[argmax],0.9,75,0.9976027011871338
Neural-ECF[peaks],0.9,75,0.9976027011871338
MIDAST[KS],0.9,0,3.238225221633911
Neural-ECF[argmax],0.9,75,0.9878919124603271
Neural-ECF[peaks],0.9,75,0.9878919124603271
MIDAST[KS],0.9,0,3.179680109024048
Neural-ECF[argmax],0.9,75,1.0239768028259277
Neural-ECF[peaks],0.9,75,1.0239768028259277
MIDAST[KS],0.9,0,3.1663637161254883
Neural-ECF[argmax],0.9,75,0.9815139770507812
Neural-ECF[peaks],0.9,75,0.9815139770507812
MIDAST[KS],0.9,0,3.1886708736419678
Neural-ECF[argmax],0.9,75,0.9655561447143555
Neural-ECF[peaks],0.9,75,0.9655561447143555
MIDAST[KS],0.9,0,3.1876349449157715
Neural-ECF[argmax],0.9,75,1.0010769367218018
Neural-ECF[peaks],0.9,75,1.0010769367218018
MIDAST[KS],0.9,0,3.1855218410491943
Neural-ECF[argmax],0.9,75,1.0560050010681152
Neural-ECF[peaks],0.9,75,1.0560050010681152
MIDAST[KS],0.9,0,3.2490429878234863
Neural-ECF[argmax],0.9,75,0.9687538146972656
Neural-ECF[peaks],0.9,75,0.9687538146972656
MIDAST[KS],0.9,0,3.2509329319000244
Neural-ECF[argmax],0.9,75,0.9867517948150635
Neural-ECF[peaks],0.9,75,0.9867517948150635
MIDAST[KS],0.9,0,3.1402759552001953
Neural-ECF[argmax],0.9,75,1.0035240650177002
Neural-ECF[peaks],0.9,75,1.0035240650177002
MIDAST[KS],0.9,0,3.2188708782196045
Neural-ECF[argmax],0.9,75,1.0015361309051514
Neural-ECF[peaks],0.9,75,1.0015361309051514
MIDAST[KS],0.9,0,3.188113212585449
Neural-ECF[argmax],0.9,75,0.9930088520050049
Neural-ECF[peaks],0.9,75,0.9930088520050049
MIDAST[KS],0.9,0,3.142657995223999
Neural-ECF[argmax],0.9,75,1.0151400566101074
Neural-ECF[peaks],0.9,75,1.0151400566101074
MIDAST[KS],0.9,0,3.1715409755706787
Neural-ECF[argmax],0.9,75,0.9776339530944824
Neural-ECF[peaks],0.9,75,0.9776339530944824
MIDAST[KS],0.9,0,3.120954751968384
Neural-ECF[argmax],0.9,75,0.9824261665344238
Neural-ECF[peaks],0.9,75,0.9824261665344238
MIDAST[KS],0.9,0,3.2098491191864014
Neural-ECF[argmax],0.9,75,1.0196590423583984
Neural-ECF[peaks],0.9,75,1.0196590423583984
MIDAST[KS],0.9,0,3.150635004043579
Neural-ECF[argmax],0.9,75,0.97806715965271
Neural-ECF[peaks],0.9,75,0.97806715965271
MIDAST[KS],0.9,0,3.1385600566864014
Neural-ECF[argmax],0.9,75,0.9928181171417236
Neural-ECF[peaks],0.9,75,0.9928181171417236
MIDAST[KS],0.9,0,3.121166229248047
Neural-ECF[argmax],0.9,75,0.985504150390625
Neural-ECF[peaks],0.9,75,0.985504150390625
MIDAST[KS],0.9,0,3.15728497505188
Neural-ECF[argmax],0.9,75,0.9877760410308838
Neural-ECF[peaks],0.9,75,0.9877760410308838
MIDAST[KS],0.9,0,3.1487600803375244
Neural-ECF[argmax],0.9,75,1.0018799304962158
Neural-ECF[peaks],0.9,75,1.0018799304962158
MIDAST[KS],0.9,0,3.173715114593506
Neural-ECF[argmax],0.9,75,1.0240371227264404
Neural-ECF[peaks],0.9,75,1.0240371227264404
MIDAST[KS],0.9,0,3.127311944961548
Neural-ECF[argmax],0.9,75,0.9935970306396484
Neural-ECF[peaks],0.9,75,0.9935970306396484
MIDAST[KS],0.9,0,3.1650071144104004
Neural-ECF[argmax],0.9,75,1.0056912899017334
Neural-ECF[peaks],0.9,75,1.0056912899017334
MIDAST[KS],0.9,0,3.1621408462524414
Neural-ECF[argmax],0.9,75,1.0147168636322021
Neural-ECF[peaks],0.9,75,1.0147168636322021
MIDAST[KS],0.9,0,3.1565821170806885
Neural-ECF[argmax],0.9,75,1.0250129699707031
Neural-ECF[peaks],0.9,75,1.0250129699707031
MIDAST[KS],0.9,0,3.2417261600494385
Neural-ECF[argmax],0.9,75,1.0250029563903809
Neural-ECF[peaks],0.9,75,1.0250029563903809
MIDAST[KS],0.9,0,3.2995352745056152
Neural-ECF[argmax],0.9,75,0.9982976913452148
Neural-ECF[peaks],0.9,75,0.9982976913452148
MIDAST[KS],0.9,0,3.268289089202881
Neural-ECF[argmax],0.9,75,0.9952611923217773
Neural-ECF[peaks],0.9,535,0.9952611923217773
MIDAST[KS],0.9,0,3.1722350120544434
Neural-ECF[argmax],0.9,75,1.0337648391723633
Neural-ECF[peaks],0.9,75,1.0337648391723633
MIDAST[KS],0.9,0,3.2187793254852295
Neural-ECF[argmax],0.9,75,1.0253548622131348
Neural-ECF[peaks],0.9,75,1.0253548622131348
MIDAST[KS],0.9,0,3.2259371280670166
Neural-ECF[argmax],0.9,75,0.9815878868103027
Neural-ECF[peaks],0.9,75,0.9815878868103027
MIDAST[KS],0.9,0,3.1295158863067627
Neural-ECF[argmax],0.9,75,0.9931299686431885
Neural-ECF[peaks],0.9,75,0.9931299686431885
MIDAST[KS],0.9,0,3.162018060684204
Neural-ECF[argmax],0.9,75,1.0095500946044922
Neural-ECF[peaks],0.9,75,1.0095500946044922
MIDAST[KS],0.9,0,3.196518898010254
Neural-ECF[argmax],0.9,75,1.0002250671386719
Neural-ECF[peaks],0.9,75,1.0002250671386719
MIDAST[KS],0.9,0,3.2818350791931152
Neural-ECF[argmax],0.9,75,1.0090141296386719
Neural-ECF[peaks],0.9,75,1.0090141296386719
MIDAST[KS],0.9,0,3.139176845550537
Neural-ECF[argmax],0.9,75,0.9919769763946533
Neural-ECF[peaks],0.9,75,0.9919769763946533
MIDAST[KS],0.9,0,3.133457899093628
Neural-ECF[argmax],0.9,75,0.9953489303588867
Neural-ECF[peaks],0.9,700,0.9953489303588867
MIDAST[KS],0.9,0,3.2229108810424805
Neural-ECF[argmax],0.9,75,0.9928832054138184
Neural-ECF[peaks],0.9,75,0.9928832054138184
MIDAST[KS],0.9,0,3.224432945251465
Neural-ECF[argmax],0.9,75,1.0038259029388428
Neural-ECF[peaks],0.9,75,1.0038259029388428
MIDAST[KS],0.9,0,3.1950247287750244
Neural-ECF[argmax],0.9,75,1.0335791110992432
Neural-ECF[peaks],0.9,75,1.0335791110992432
MIDAST[KS],0.9,0,3.2230260372161865
Neural-ECF[argmax],0.9,75,1.0296571254730225
Neural-ECF[peaks],0.9,75,1.0296571254730225
MIDAST[KS],0.9,0,3.228127956390381
Neural-ECF[argmax],0.9,75,0.989551305770874
Neural-ECF[peaks],0.9,75,0.989551305770874
MIDAST[KS],0.9,0,3.1633007526397705
Neural-ECF[argmax],0.9,75,0.9642329216003418
Neural-ECF[peaks],0.9,75,0.9642329216003418
MIDAST[KS],0.9,0,3.1730620861053467
Neural-ECF[argmax],0.9,75,0.9955482482910156
Neural-ECF[peaks],0.9,75,0.9955482482910156
MIDAST[KS],0.9,0,3.2025187015533447
Neural-ECF[argmax],0.9,75,0.9893589019775391
Neural-ECF[peaks],0.9,75,0.9893589019775391
MIDAST[KS],0.9,0,3.1342790126800537
Neural-ECF[argmax],0.9,75,1.0226519107818604
Neural-ECF[peaks],0.9,75,1.0226519107818604
MIDAST[KS],0.9,0,3.2218141555786133
Neural-ECF[argmax],0.9,75,0.9911212921142578
Neural-ECF[peaks],0.9,75,0.9911212921142578
MIDAST[KS],0.9,0,3.104203939437866
Neural-ECF[argmax],0.9,75,0.9591479301452637
Neural-ECF[peaks],0.9,75,0.9591479301452637
MIDAST[KS],0.9,0,3.2556838989257812
Neural-ECF[argmax],0.9,75,1.0705811977386475
Neural-ECF[peaks],0.9,75,1.0705811977386475
MIDAST[KS],0.9,0,3.326629877090454
Neural-ECF[argmax],0.9,75,1.0274391174316406
Neural-ECF[peaks],0.9,75,1.0274391174316406
MIDAST[KS],0.9,0,3.159472942352295
Neural-ECF[argmax],0.9,75,0.9773361682891846
Neural-ECF[peaks],0.9,600,0.9773361682891846
MIDAST[KS],0.9,0,3.173778772354126
Neural-ECF[argmax],0.9,75,1.001734733581543
Neural-ECF[peaks],0.9,75,1.001734733581543
MIDAST[KS],0.9,0,3.2791340351104736
Neural-ECF[argmax],0.9,75,1.00101900100708
Neural-ECF[peaks],0.9,75,1.00101900100708
MIDAST[KS],0.9,0,3.113140106201172
Neural-ECF[argmax],0.9,75,0.980806827545166
Neural-ECF[peaks],0.9,75,0.980806827545166
MIDAST[KS],0.9,0,3.157148838043213
Neural-ECF[argmax],0.9,75,0.997014045715332
Neural-ECF[peaks],0.9,75,0.997014045715332
MIDAST[KS],0.9,0,3.1544010639190674
Neural-ECF[argmax],0.9,75,0.997711181640625
Neural-ECF[peaks],0.9,75,0.997711181640625
MIDAST[KS],0.9,0,3.2089807987213135
Neural-ECF[argmax],0.9,75,0.9719269275665283
Neural-ECF[peaks],0.9,75,0.9719269275665283
MIDAST[KS],0.9,0,3.1837270259857178
Neural-ECF[argmax],0.9,75,1.004028081893921
Neural-ECF[peaks],0.9,75,1.004028081893921
MIDAST[KS],0.9,0,3.149718999862671
Neural-ECF[argmax],0.9,75,1.014908790588379
Neural-ECF[peaks],0.9,75,1.014908790588379
MIDAST[KS],0.9,0,3.211252212524414
Neural-ECF[argmax],0.9,75,0.9853909015655518
Neural-ECF[peaks],0.9,75,0.9853909015655518
MIDAST[KS],0.9,0,3.1920831203460693
Neural-ECF[argmax],0.9,75,0.9718248844146729
Neural-ECF[peaks],0.9,75,0.9718248844146729
MIDAST[KS],0.9,0,3.1669440269470215
Neural-ECF[argmax],0.9,75,1.0320520401000977
Neural-ECF[peaks],0.9,75,1.0320520401000977
MIDAST[KS],0.9,0,3.173941135406494
Neural-ECF[argmax],0.9,75,1.000277042388916
Neural-ECF[peaks],0.9,75,1.000277042388916
MIDAST[KS],0.9,0,3.1863322257995605
Neural-ECF[argmax],0.9,75,0.9850077629089355
Neural-ECF[peaks],0.9,75,0.9850077629089355
MIDAST[KS],0.9,0,3.205641031265259
Neural-ECF[argmax],0.9,75,1.0159730911254883
Neural-ECF[peaks],0.9,75,1.0159730911254883
MIDAST[KS],0.9,0,3.157939910888672
Neural-ECF[argmax],0.9,75,0.9808471202850342
Neural-ECF[peaks],0.9,75,0.9808471202850342
MIDAST[KS],0.9,0,3.1803269386291504
Neural-ECF[argmax],0.9,75,1.0034971237182617
Neural-ECF[peaks],0.9,75,1.0034971237182617
MIDAST[KS],0.9,0,3.2138071060180664
Neural-ECF[argmax],0.9,75,1.0040531158447266
Neural-ECF[peaks],0.9,75,1.0040531158447266
MIDAST[KS],0.9,0,3.2086148262023926
Neural-ECF[argmax],0.9,75,1.012359857559204
Neural-ECF[peaks],0.9,75,1.012359857559204
MIDAST[KS],0.9,0,3.2172579765319824
Neural-ECF[argmax],0.9,75,0.987250804901123
Neural-ECF[peaks],0.9,75,0.987250804901123
MIDAST[KS],0.9,0,3.171668767929077
Neural-ECF[argmax],0.9,75,0.997096061706543
Neural-ECF[peaks],0.9,75,0.997096061706543
MIDAST[KS],0.9,0,3.2327072620391846
Neural-ECF[argmax],0.9,75,0.991706132888794
Neural-ECF[peaks],0.9,75,0.991706132888794
MIDAST[KS],0.9,0,3.2204389572143555
Neural-ECF[argmax],0.9,75,0.992689847946167
Neural-ECF[peaks],0.9,75,0.992689847946167
MIDAST[KS],0.9,0,3.182249069213867
Neural-ECF[argmax],0.9,75,1.026993751525879
Neural-ECF[peaks],0.9,75,1.026993751525879
MIDAST[KS],0.9,0,3.177011013031006
Neural-ECF[argmax],0.9,75,1.0053508281707764
Neural-ECF[peaks],0.9,75,1.0053508281707764
MIDAST[KS],0.9,0,3.170419931411743
Neural-ECF[argmax],0.9,75,1.0001351833343506
Neural-ECF[peaks],0.9,75,1.0001351833343506
MIDAST[KS],0.9,0,3.214945077896118
Neural-ECF[argmax],0.9,75,1.0171489715576172
Neural-ECF[peaks],0.9,75,1.0171489715576172
MIDAST[KS],0.9,0,3.2209579944610596
Neural-ECF[argmax],0.9,75,1.0300238132476807
Neural-ECF[peaks],0.9,75,1.0300238132476807
MIDAST[KS],0.9,0,3.260812759399414
Neural-ECF[argmax],0.9,75,0.9784760475158691
Neural-ECF[peaks],0.9,75,0.9784760475158691
MIDAST[KS],0.9,0,3.1730082035064697
Neural-ECF[argmax],0.9,75,0.9965860843658447
Neural-ECF[peaks],0.9,75,0.9965860843658447
MIDAST[KS],0.9,0,3.2131669521331787
Neural-ECF[argmax],0.9,75,0.972938060760498
Neural-ECF[peaks],0.9,75,0.972938060760498
MIDAST[KS],0.9,0,3.122540235519409
Neural-ECF[argmax],0.9,75,0.9959919452667236
Neural-ECF[peaks],0.9,75,0.9959919452667236
MIDAST[KS],0.9,0,3.172081708908081
Neural-ECF[argmax],0.9,75,1.0028250217437744
Neural-ECF[peaks],0.9,75,1.0028250217437744
MIDAST[KS],0.9,0,3.1945178508758545
Neural-ECF[argmax],0.9,75,1.002837896347046
Neural-ECF[peaks],0.9,75,1.002837896347046
MIDAST[KS],0.9,0,3.243638038635254
Neural-ECF[argmax],0.9,75,1.0122628211975098
Neural-ECF[peaks],0.9,75,1.0122628211975098
MIDAST[KS],0.9,0,3.1468420028686523
Neural-ECF[argmax],0.9,75,1.004044771194458
Neural-ECF[peaks],0.9,300,1.004044771194458
MIDAST[KS],0.9,0,3.1803901195526123
Neural-ECF[argmax],0.9,75,0.9925470352172852
Neural-ECF[peaks],0.9,75,0.9925470352172852
MIDAST[KS],0.9,0,3.1104660034179688
Neural-ECF[argmax],0.9,75,0.9860930442810059
Neural-ECF[peaks],0.9,75,0.9860930442810059
MIDAST[KS],0.9,0,3.153843879699707
Neural-ECF[argmax],0.9,75,0.96744704246521
Neural-ECF[peaks],0.9,75,0.96744704246521
MIDAST[KS],0.9,0,3.172401189804077
Neural-ECF[argmax],0.9,75,0.9660327434539795
Neural-ECF[peaks],0.9,75,0.9660327434539795
MIDAST[KS],0.9,10,3.1553690433502197
Neural-ECF[argmax],0.9,75,0.9888670444488525
Neural-ECF[peaks],0.9,75,0.9888670444488525
MIDAST[KS],0.9,0,3.160601854324341
Neural-ECF[argmax],0.9,75,1.066641092300415
Neural-ECF[peaks],0.9,75,1.066641092300415
MIDAST[KS],0.9,0,3.237595796585083
Neural-ECF[argmax],0.9,75,0.9951858520507812
Neural-ECF[peaks],0.9,75,0.9951858520507812
MIDAST[KS],0.9,0,3.174006938934326
Neural-ECF[argmax],0.9,75,1.0107908248901367
Neural-ECF[peaks],0.9,75,1.0107908248901367
MIDAST[KS],0.9,0,3.221195936203003
Neural-ECF[argmax],0.9,75,1.0124518871307373
Neural-ECF[peaks],0.9,75,1.0124518871307373
MIDAST[KS],0.9,0,3.199126958847046
Neural-ECF[argmax],0.9,75,1.007680892944336
Neural-ECF[peaks],0.9,285,1.007680892944336
MIDAST[KS],0.9,0,3.147118091583252
Neural-ECF[argmax],0.9,75,0.9949331283569336
Neural-ECF[peaks],0.9,75,0.9949331283569336
MIDAST[KS],0.9,0,3.200860023498535
Neural-ECF[argmax],0.9,75,0.9786841869354248
Neural-ECF[peaks],0.9,75,0.9786841869354248
MIDAST[KS],0.9,0,3.25403094291687
Neural-ECF[argmax],0.9,75,1.0177431106567383
Neural-ECF[peaks],0.9,75,1.0177431106567383
MIDAST[KS],0.9,0,3.18955397605896
Neural-ECF[argmax],0.9,75,1.0240869522094727
Neural-ECF[peaks],0.9,75,1.0240869522094727
MIDAST[KS],0.9,0,3.291440725326538
Neural-ECF[argmax],0.9,75,1.0401878356933594
Neural-ECF[peaks],0.9,75,1.0401878356933594
MIDAST[KS],0.9,0,3.2874929904937744
Neural-ECF[argmax],0.9,75,0.9867048263549805
Neural-ECF[peaks],0.9,75,0.9867048263549805
MIDAST[KS],0.9,0,3.3859200477600098
Neural-ECF[argmax],0.9,75,1.0196819305419922
Neural-ECF[peaks],0.9,75,1.0196819305419922
MIDAST[KS],0.9,0,3.211029052734375
Neural-ECF[argmax],0.9,75,1.0120849609375
Neural-ECF[peaks],0.9,75,1.0120849609375
MIDAST[KS],0.9,0,3.177126884460449
Neural-ECF[argmax],0.9,75,1.0095806121826172
Neural-ECF[peaks],0.9,75,1.0095806121826172
MIDAST[KS],0.9,0,3.224900960922241
Neural-ECF[argmax],0.9,75,0.9750349521636963
Neural-ECF[peaks],0.9,75,0.9750349521636963
MIDAST[KS],0.9,0,3.2277770042419434
Neural-ECF[argmax],0.9,75,1.0183827877044678
Neural-ECF[peaks],0.9,75,1.0183827877044678
MIDAST[KS],0.9,0,3.1582589149475098
Neural-ECF[argmax],0.9,75,1.0022029876708984
Neural-ECF[peaks],0.9,75,1.0022029876708984
MIDAST[KS],0.9,0,3.1720800399780273
Neural-ECF[argmax],0.9,75,1.033545970916748
Neural-ECF[peaks],0.9,75,1.033545970916748
MIDAST[KS],0.9,0,3.1158809661865234
Neural-ECF[argmax],0.9,75,0.9992058277130127
Neural-ECF[peaks],0.9,75,0.9992058277130127
MIDAST[KS],0.9,0,3.1896419525146484
Neural-ECF[argmax],0.9,75,0.9777557849884033
Neural-ECF[peaks],0.9,75,0.9777557849884033
MIDAST[KS],0.9,0,3.2104618549346924
Neural-ECF[argmax],0.9,75,1.0217771530151367
Neural-ECF[peaks],0.9,75,1.0217771530151367
MIDAST[KS],0.9,0,3.212672710418701
Neural-ECF[argmax],0.9,75,0.9830226898193359
Neural-ECF[peaks],0.9,75,0.9830226898193359
MIDAST[KS],0.9,0,3.1733641624450684
Neural-ECF[argmax],0.9,75,1.0132389068603516
Neural-ECF[peaks],0.9,75,1.0132389068603516
MIDAST[KS],0.9,0,3.202786922454834
Neural-ECF[argmax],0.9,75,0.9842100143432617
Neural-ECF[peaks],0.9,75,0.9842100143432617
MIDAST[KS],0.9,0,3.132493019104004
Neural-ECF[argmax],0.9,75,1.0438079833984375
Neural-ECF[peaks],0.9,75,1.0438079833984375
MIDAST[KS],0.9,0,3.1695749759674072
Neural-ECF[argmax],0.9,75,1.0224080085754395
Neural-ECF[peaks],0.9,75,1.0224080085754395
MIDAST[KS],0.9,0,3.1968820095062256
Neural-ECF[argmax],0.9,75,1.0259239673614502
Neural-ECF[peaks],0.9,75,1.0259239673614502
MIDAST[KS],0.9,0,3.1604559421539307
Neural-ECF[argmax],0.9,75,1.064330816268921
Neural-ECF[peaks],0.9,75,1.064330816268921
MIDAST[KS],0.9,0,3.1639809608459473
Neural-ECF[argmax],0.9,75,1.0384278297424316
Neural-ECF[peaks],0.9,75,1.0384278297424316
MIDAST[KS],0.9,0,3.183501958847046
Neural-ECF[argmax],0.9,75,1.0163829326629639
Neural-ECF[peaks],0.9,75,1.0163829326629639
MIDAST[KS],0.9,0,3.17228102684021
Neural-ECF[argmax],0.9,75,0.9816980361938477
Neural-ECF[peaks],0.9,75,0.9816980361938477
MIDAST[KS],0.9,0,3.125746965408325
Neural-ECF[argmax],0.9,75,0.9774158000946045
Neural-ECF[peaks],0.9,75,0.9774158000946045
MIDAST[KS],0.9,0,3.1737332344055176
Neural-ECF[argmax],0.9,75,1.0401668548583984
Neural-ECF[peaks],0.9,75,1.0401668548583984
MIDAST[KS],0.9,0,3.194004774093628
Neural-ECF[argmax],0.9,75,1.0144996643066406
Neural-ECF[peaks],0.9,75,1.0144996643066406
MIDAST[KS],0.9,0,3.1829471588134766
Neural-ECF[argmax],0.9,75,1.041384220123291
Neural-ECF[peaks],0.9,75,1.041384220123291
MIDAST[KS],0.9,0,3.191277027130127
Neural-ECF[argmax],0.9,75,0.9849300384521484
Neural-ECF[peaks],0.9,75,0.9849300384521484
MIDAST[KS],0.9,0,3.1343111991882324
Neural-ECF[argmax],0.9,75,0.9990289211273193
Neural-ECF[peaks],0.9,75,0.9990289211273193
MIDAST[KS],0.9,0,3.1724321842193604
Neural-ECF[argmax],0.9,75,1.0126821994781494
Neural-ECF[peaks],0.9,75,1.0126821994781494
MIDAST[KS],0.9,0,3.2526888847351074
Neural-ECF[argmax],0.9,75,1.0063281059265137
Neural-ECF[peaks],0.9,75,1.0063281059265137
MIDAST[KS],0.9,0,3.130823850631714
Neural-ECF[argmax],0.9,75,0.9803040027618408
Neural-ECF[peaks],0.9,75,0.9803040027618408
MIDAST[KS],0.9,0,3.1417617797851562
Neural-ECF[argmax],0.9,75,1.0287940502166748
Neural-ECF[peaks],0.9,75,1.0287940502166748
MIDAST[KS],0.9,0,3.1359968185424805
Neural-ECF[argmax],0.9,75,1.000458002090454
Neural-ECF[peaks],0.9,75,1.000458002090454
MIDAST[KS],0.9,0,3.1824958324432373
Neural-ECF[argmax],0.9,75,0.988919734954834
Neural-ECF[peaks],0.9,75,0.988919734954834
MIDAST[KS],0.9,0,3.1489527225494385
Neural-ECF[argmax],0.9,75,1.0240352153778076
Neural-ECF[peaks],0.9,75,1.0240352153778076
MIDAST[KS],0.9,0,3.187995195388794
Neural-ECF[argmax],0.9,75,1.0052251815795898
Neural-ECF[peaks],0.9,75,1.0052251815795898
MIDAST[KS],0.9,0,3.118959903717041
Neural-ECF[argmax],0.9,75,0.9725079536437988
Neural-ECF[peaks],0.9,75,0.9725079536437988
MIDAST[KS],0.9,0,3.1741302013397217
Neural-ECF[argmax],0.9,75,0.9772510528564453
Neural-ECF[peaks],0.9,75,0.9772510528564453
MIDAST[KS],0.9,0,3.1802380084991455
Neural-ECF[argmax],0.9,75,0.9972481727600098
Neural-ECF[peaks],0.9,75,0.9972481727600098
MIDAST[KS],0.9,0,3.1951301097869873
Neural-ECF[argmax],0.9,75,0.9872779846191406
Neural-ECF[peaks],0.9,75,0.9872779846191406
MIDAST[KS],0.9,0,3.2157838344573975
Neural-ECF[argmax],0.9,75,0.9835591316223145
Neural-ECF[peaks],0.9,75,0.9835591316223145
MIDAST[KS],0.9,0,3.1507749557495117
Neural-ECF[argmax],0.9,75,0.9922680854797363
Neural-ECF[peaks],0.9,75,0.9922680854797363
MIDAST[KS],0.9,0,3.1742801666259766
Neural-ECF[argmax],0.9,75,1.0003318786621094
Neural-ECF[peaks],0.9,75,1.0003318786621094
MIDAST[KS],0.9,0,3.1142468452453613
Neural-ECF[argmax],0.9,75,0.9760429859161377
Neural-ECF[peaks],0.9,75,0.9760429859161377
MIDAST[KS],0.9,0,3.090769052505493
Neural-ECF[argmax],0.9,75,0.9700839519500732
Neural-ECF[peaks],0.9,75,0.9700839519500732
MIDAST[KS],0.9,0,3.095766067504883
Neural-ECF[argmax],0.9,75,0.982036828994751
Neural-ECF[peaks],0.9,75,0.982036828994751
MIDAST[KS],0.9,0,3.1742069721221924
Neural-ECF[argmax],0.9,75,0.9761669635772705
Neural-ECF[peaks],0.9,75,0.9761669635772705
MIDAST[KS],0.9,0,3.1965420246124268
Neural-ECF[argmax],0.9,75,1.0099132061004639
Neural-ECF[peaks],0.9,75,1.0099132061004639
MIDAST[KS],0.9,0,3.1600937843322754
Neural-ECF[argmax],0.9,75,1.003990888595581
Neural-ECF[peaks],0.9,75,1.003990888595581
MIDAST[KS],0.9,0,3.1851730346679688
Neural-ECF[argmax],0.9,75,0.9647872447967529
Neural-ECF[peaks],0.9,75,0.9647872447967529
MIDAST[KS],0.9,0,3.174548864364624
Neural-ECF[argmax],0.9,75,0.9880321025848389
Neural-ECF[peaks],0.9,75,0.9880321025848389
MIDAST[KS],0.9,0,3.1707239151000977
Neural-ECF[argmax],0.9,75,0.9984798431396484
Neural-ECF[peaks],0.9,75,0.9984798431396484
MIDAST[KS],0.9,0,3.117077112197876
Neural-ECF[argmax],0.9,75,0.993513822555542
Neural-ECF[peaks],0.9,75,0.993513822555542
MIDAST[KS],0.9,0,3.1235737800598145
Neural-ECF[argmax],0.9,75,0.9788601398468018
Neural-ECF[peaks],0.9,75,0.9788601398468018
MIDAST[KS],0.9,0,3.177793025970459
Neural-ECF[argmax],0.9,75,0.9808118343353271
Neural-ECF[peaks],0.9,75,0.9808118343353271
MIDAST[KS],0.9,0,3.13794207572937
Neural-ECF[argmax],0.9,75,0.969785213470459
Neural-ECF[peaks],0.9,75,0.969785213470459
MIDAST[KS],0.9,0,3.187089204788208
Neural-ECF[argmax],0.9,75,0.9836506843566895
Neural-ECF[peaks],0.9,75,0.9836506843566895
MIDAST[KS],0.9,0,3.201881170272827
Neural-ECF[argmax],0.9,75,0.9763681888580322
Neural-ECF[peaks],0.9,75,0.9763681888580322
MIDAST[KS],0.9,0,3.121492862701416
Neural-ECF[argmax],0.9,75,0.9989798069000244
Neural-ECF[peaks],0.9,75,0.9989798069000244
MIDAST[KS],0.9,0,3.17230224609375
Neural-ECF[argmax],0.9,75,0.9842867851257324
Neural-ECF[peaks],0.9,75,0.9842867851257324
MIDAST[KS],0.9,0,3.0958032608032227
Neural-ECF[argmax],0.9,75,1.0222070217132568
Neural-ECF[peaks],0.9,720,1.0222070217132568
MIDAST[KS],0.9,0,3.1625237464904785
Neural-ECF[argmax],0.9,75,0.9507129192352295
Neural-ECF[peaks],0.9,75,0.9507129192352295
MIDAST[KS],0.9,0,3.191648006439209
Neural-ECF[argmax],0.9,75,1.0050079822540283
Neural-ECF[peaks],0.9,75,1.0050079822540283
MIDAST[KS],0.9,0,3.2023208141326904
Neural-ECF[argmax],0.9,75,0.9912939071655273
Neural-ECF[peaks],0.9,75,0.9912939071655273
MIDAST[KS],0.9,0,3.13358998298645
Neural-ECF[argmax],0.9,75,1.0081610679626465
Neural-ECF[peaks],0.9,75,1.0081610679626465
MIDAST[KS],0.9,0,3.0840702056884766
Neural-ECF[argmax],0.9,75,1.004032850265503
Neural-ECF[peaks],0.9,75,1.004032850265503
MIDAST[KS],0.9,0,3.162971019744873
Neural-ECF[argmax],0.9,75,0.9954948425292969
Neural-ECF[peaks],0.9,75,0.9954948425292969
MIDAST[KS],0.9,0,3.183131217956543
Neural-ECF[argmax],0.9,75,1.0420868396759033
Neural-ECF[peaks],0.9,75,1.0420868396759033
MIDAST[KS],0.9,0,3.1186487674713135
Neural-ECF[argmax],0.9,75,1.026907205581665
Neural-ECF[peaks],0.9,75,1.026907205581665
MIDAST[KS],0.9,0,3.244029998779297
Neural-ECF[argmax],0.9,75,1.0183649063110352
Neural-ECF[peaks],0.9,75,1.0183649063110352
MIDAST[KS],0.9,0,3.1927690505981445
Neural-ECF[argmax],0.9,75,1.0110199451446533
Neural-ECF[peaks],0.9,75,1.0110199451446533
MIDAST[KS],0.9,0,3.153430938720703
Neural-ECF[argmax],0.9,75,0.9933059215545654
Neural-ECF[peaks],0.9,75,0.9933059215545654
MIDAST[KS],0.9,0,3.196847915649414
Neural-ECF[argmax],0.9,75,1.0008981227874756
Neural-ECF[peaks],0.9,75,1.0008981227874756
MIDAST[KS],0.9,0,3.2286159992218018
Neural-ECF[argmax],0.9,75,1.0019688606262207
Neural-ECF[peaks],0.9,75,1.0019688606262207
MIDAST[KS],0.9,0,3.0186259746551514
Neural-ECF[argmax],0.9,75,0.8984329700469971
Neural-ECF[peaks],0.9,75,0.8984329700469971
MIDAST[KS],0.9,0,2.905609369277954
Neural-ECF[argmax],0.9,75,0.902886152267456
Neural-ECF[peaks],0.9,75,0.902886152267456
MIDAST[KS],0.9,0,2.789534091949463
Neural-ECF[argmax],0.9,75,0.8840882778167725
Neural-ECF[peaks],0.9,630,0.8840882778167725
MIDAST[KS],0.9,0,2.8474769592285156
Neural-ECF[argmax],0.9,75,0.8880608081817627
Neural-ECF[peaks],0.9,75,0.8880608081817627
MIDAST[KS],0.9,0,3.0493319034576416
Neural-ECF[argmax],0.9,75,0.8848440647125244
Neural-ECF[peaks],0.9,75,0.8848440647125244
MIDAST[KS],0.9,0,2.8108949661254883
Neural-ECF[argmax],0.9,75,0.825314998626709
Neural-ECF[peaks],0.9,75,0.825314998626709
MIDAST[KS],0.9,0,2.566727876663208
Neural-ECF[argmax],0.9,75,0.8168740272521973
Neural-ECF[peaks],0.9,75,0.8168740272521973
MIDAST[KS],0.9,0,2.6354739665985107
Neural-ECF[argmax],0.9,75,0.7926149368286133
Neural-ECF[peaks],0.9,75,0.7926149368286133
MIDAST[KS],0.9,0,2.5824828147888184
Neural-ECF[argmax],0.9,75,0.8120660781860352
Neural-ECF[peaks],0.9,75,0.8120660781860352
MIDAST[KS],0.9,0,2.6089441776275635
Neural-ECF[argmax],0.9,75,0.7865040302276611
Neural-ECF[peaks],0.9,75,0.7865040302276611
MIDAST[KS],0.9,0,2.495839834213257
Neural-ECF[argmax],0.9,75,0.7851858139038086
Neural-ECF[peaks],0.9,75,0.7851858139038086
MIDAST[KS],0.9,0,2.473466157913208
Neural-ECF[argmax],0.9,75,0.7912378311157227
Neural-ECF[peaks],0.9,75,0.7912378311157227
MIDAST[KS],0.9,0,2.4417903423309326
Neural-ECF[argmax],0.9,75,0.7539079189300537
Neural-ECF[peaks],0.9,75,0.7539079189300537
MIDAST[KS],0.9,0,2.3219778537750244
Neural-ECF[argmax],0.9,75,0.7361359596252441
Neural-ECF[peaks],0.9,75,0.7361359596252441
MIDAST[KS],0.9,0,2.583789110183716
Neural-ECF[argmax],0.9,75,0.7385270595550537
Neural-ECF[peaks],0.9,75,0.7385270595550537
MIDAST[KS],0.9,0,2.404831886291504
Neural-ECF[argmax],0.9,75,0.7886271476745605
Neural-ECF[peaks],0.9,75,0.7886271476745605
MIDAST[KS],0.9,0,2.306735038757324
Neural-ECF[argmax],0.9,75,0.7314417362213135
Neural-ECF[peaks],0.9,75,0.7314417362213135
MIDAST[KS],0.9,0,2.16913104057312
Neural-ECF[argmax],0.9,75,0.7019979953765869
Neural-ECF[peaks],0.9,75,0.7019979953765869
MIDAST[KS],0.9,0,2.135849952697754
Neural-ECF[argmax],0.9,75,0.6975398063659668
Neural-ECF[peaks],0.9,75,0.6975398063659668
MIDAST[KS],0.9,0,2.1290180683135986
Neural-ECF[argmax],0.9,75,0.7362308502197266
Neural-ECF[peaks],0.9,75,0.7362308502197266
MIDAST[KS],0.9,0,2.142019748687744
Neural-ECF[argmax],0.9,75,0.7073202133178711
Neural-ECF[peaks],0.9,75,0.7073202133178711
MIDAST[KS],0.9,0,2.179227113723755
Neural-ECF[argmax],0.9,75,0.7565522193908691
Neural-ECF[peaks],0.9,75,0.7565522193908691
MIDAST[KS],0.9,0,2.1488378047943115
Neural-ECF[argmax],0.9,75,0.7502810955047607
Neural-ECF[peaks],0.9,75,0.7502810955047607
MIDAST[KS],0.9,0,2.4289960861206055
Neural-ECF[argmax],0.9,75,0.7203860282897949
Neural-ECF[peaks],0.9,75,0.7203860282897949
MIDAST[KS],0.9,0,2.1462011337280273
Neural-ECF[argmax],0.9,75,0.7337286472320557
Neural-ECF[peaks],0.9,75,0.7337286472320557
MIDAST[KS],0.9,0,2.1605889797210693
Neural-ECF[argmax],0.9,75,0.6994168758392334
Neural-ECF[peaks],0.9,75,0.6994168758392334
MIDAST[KS],0.9,0,2.102909803390503
Neural-ECF[argmax],0.9,75,0.7129929065704346
Neural-ECF[peaks],0.9,75,0.7129929065704346
MIDAST[KS],0.9,0,2.146172285079956
Neural-ECF[argmax],0.9,75,0.7161121368408203
Neural-ECF[peaks],0.9,75,0.7161121368408203
MIDAST[KS],0.9,0,2.1316797733306885
Neural-ECF[argmax],0.9,75,0.6978061199188232
Neural-ECF[peaks],0.9,75,0.6978061199188232
MIDAST[KS],0.9,0,2.183952808380127
Neural-ECF[argmax],0.9,75,0.7420032024383545
Neural-ECF[peaks],0.9,75,0.7420032024383545
MIDAST[KS],0.9,0,2.1123862266540527
Neural-ECF[argmax],0.9,75,0.7189652919769287
Neural-ECF[peaks],0.9,75,0.7189652919769287
MIDAST[KS],0.9,0,2.1500778198242188
Neural-ECF[argmax],0.9,75,0.7097258567810059
Neural-ECF[peaks],0.9,75,0.7097258567810059
MIDAST[KS],0.9,0,2.116215944290161
Neural-ECF[argmax],0.9,75,0.7209470272064209
Neural-ECF[peaks],0.9,75,0.7209470272064209
MIDAST[KS],0.9,0,2.1280357837677
Neural-ECF[argmax],0.9,75,0.715630054473877
Neural-ECF[peaks],0.9,75,0.715630054473877
MIDAST[KS],0.9,0,2.127044916152954
Neural-ECF[argmax],0.9,75,0.7059850692749023
Neural-ECF[peaks],0.9,75,0.7059850692749023
MIDAST[KS],0.9,0,2.1483240127563477
Neural-ECF[argmax],0.9,75,0.7179439067840576
Neural-ECF[peaks],0.9,75,0.7179439067840576
MIDAST[KS],0.9,0,2.0984580516815186
Neural-ECF[argmax],0.9,75,0.7291519641876221
Neural-ECF[peaks],0.9,75,0.7291519641876221
MIDAST[KS],0.9,0,2.124738931655884
Neural-ECF[argmax],0.9,75,0.7147338390350342
Neural-ECF[peaks],0.9,75,0.7147338390350342
MIDAST[KS],0.9,0,2.1414761543273926
Neural-ECF[argmax],0.9,75,0.7163083553314209
Neural-ECF[peaks],0.9,75,0.7163083553314209
MIDAST[KS],0.9,0,2.08565092086792
Neural-ECF[argmax],0.9,75,0.7160868644714355
Neural-ECF[peaks],0.9,75,0.7160868644714355
MIDAST[KS],0.9,0,2.1287128925323486
Neural-ECF[argmax],0.9,75,0.7071449756622314
Neural-ECF[peaks],0.9,75,0.7071449756622314
MIDAST[KS],0.9,0,2.1247780323028564
Neural-ECF[argmax],0.9,75,0.7112240791320801
Neural-ECF[peaks],0.9,75,0.7112240791320801
MIDAST[KS],0.9,0,2.178967237472534
Neural-ECF[argmax],0.9,75,0.7174310684204102
Neural-ECF[peaks],0.9,75,0.7174310684204102
MIDAST[KS],0.9,0,2.1523008346557617
Neural-ECF[argmax],0.9,75,0.7253191471099854
Neural-ECF[peaks],0.9,75,0.7253191471099854
MIDAST[KS],0.9,0,2.159224033355713
Neural-ECF[argmax],0.9,75,0.7156281471252441
Neural-ECF[peaks],0.9,75,0.7156281471252441
MIDAST[KS],0.9,0,2.1457109451293945
Neural-ECF[argmax],0.9,75,0.7432441711425781
Neural-ECF[peaks],0.9,75,0.7432441711425781
MIDAST[KS],0.9,0,2.198045015335083
Neural-ECF[argmax],0.9,75,0.7315211296081543
Neural-ECF[peaks],0.9,75,0.7315211296081543
MIDAST[KS],0.9,0,2.133697032928467
Neural-ECF[argmax],0.9,75,0.7153899669647217
Neural-ECF[peaks],0.9,75,0.7153899669647217
MIDAST[KS],0.9,0,2.1489758491516113
Neural-ECF[argmax],0.9,75,0.721405029296875
Neural-ECF[peaks],0.9,75,0.721405029296875
MIDAST[KS],0.9,0,2.1418068408966064
Neural-ECF[argmax],0.9,75,0.71706223487854
Neural-ECF[peaks],0.9,75,0.71706223487854
MIDAST[KS],0.9,0,2.1691648960113525
Neural-ECF[argmax],0.9,75,0.717397928237915
Neural-ECF[peaks],0.9,75,0.717397928237915
MIDAST[KS],0.9,0,2.1402697563171387
Neural-ECF[argmax],0.9,75,0.7153308391571045
Neural-ECF[peaks],0.9,75,0.7153308391571045
MIDAST[KS],0.9,0,2.1774110794067383
Neural-ECF[argmax],0.9,75,0.7264668941497803
Neural-ECF[peaks],0.9,75,0.7264668941497803
MIDAST[KS],0.9,0,2.30104398727417
Neural-ECF[argmax],0.9,75,0.742840051651001
Neural-ECF[peaks],0.9,75,0.742840051651001
MIDAST[KS],0.9,0,2.106671094894409
Neural-ECF[argmax],0.9,75,0.7200813293457031
Neural-ECF[peaks],0.9,75,0.7200813293457031
MIDAST[KS],0.9,0,2.0982301235198975
Neural-ECF[argmax],0.9,75,0.7082729339599609
Neural-ECF[peaks],0.9,75,0.7082729339599609
MIDAST[KS],0.9,0,2.212256908416748
Neural-ECF[argmax],0.9,75,0.7088708877563477
Neural-ECF[peaks],0.9,75,0.7088708877563477
MIDAST[KS],0.9,0,2.131988048553467
Neural-ECF[argmax],0.9,75,0.7112858295440674
Neural-ECF[peaks],0.9,75,0.7112858295440674
MIDAST[KS],0.9,0,2.1318678855895996
Neural-ECF[argmax],0.9,75,0.7174990177154541
Neural-ECF[peaks],0.9,75,0.7174990177154541
MIDAST[KS],0.9,0,2.1275582313537598
Neural-ECF[argmax],0.9,75,0.7275650501251221
Neural-ECF[peaks],0.9,75,0.7275650501251221
MIDAST[KS],0.9,0,2.123265027999878
Neural-ECF[argmax],0.9,75,0.7183218002319336
Neural-ECF[peaks],0.9,75,0.7183218002319336
MIDAST[KS],0.9,0,2.122310161590576
Neural-ECF[argmax],0.9,75,0.7134718894958496
Neural-ECF[peaks],0.9,75,0.7134718894958496
MIDAST[KS],0.9,0,2.1031177043914795
Neural-ECF[argmax],0.9,75,0.7213411331176758
Neural-ECF[peaks],0.9,75,0.7213411331176758
MIDAST[KS],0.9,0,2.1567652225494385
Neural-ECF[argmax],0.9,75,0.7561361789703369
Neural-ECF[peaks],0.9,75,0.7561361789703369
MIDAST[KS],0.9,0,2.1390957832336426
Neural-ECF[argmax],0.9,75,0.7176380157470703
Neural-ECF[peaks],0.9,75,0.7176380157470703
MIDAST[KS],0.9,0,2.1677169799804688
Neural-ECF[argmax],0.9,75,0.7257719039916992
Neural-ECF[peaks],0.9,75,0.7257719039916992
MIDAST[KS],0.9,0,2.1430652141571045
Neural-ECF[argmax],0.9,75,0.730017900466919
Neural-ECF[peaks],0.9,75,0.730017900466919
MIDAST[KS],0.9,0,2.1234140396118164
Neural-ECF[argmax],0.9,75,0.7235040664672852
Neural-ECF[peaks],0.9,75,0.7235040664672852
MIDAST[KS],0.9,0,2.118844985961914
Neural-ECF[argmax],0.9,75,0.702974796295166
Neural-ECF[peaks],0.9,75,0.702974796295166
MIDAST[KS],0.9,0,2.075822114944458
Neural-ECF[argmax],0.9,75,0.7132010459899902
Neural-ECF[peaks],0.9,75,0.7132010459899902
MIDAST[KS],0.9,0,2.1139347553253174
Neural-ECF[argmax],0.9,75,0.7222321033477783
Neural-ECF[peaks],0.9,75,0.7222321033477783
MIDAST[KS],0.9,0,2.1839420795440674
Neural-ECF[argmax],0.9,75,0.7635960578918457
Neural-ECF[peaks],0.9,75,0.7635960578918457
MIDAST[KS],0.9,0,2.1198458671569824
Neural-ECF[argmax],0.9,75,0.7264800071716309
Neural-ECF[peaks],0.9,75,0.7264800071716309
MIDAST[KS],0.9,0,2.164396047592163
Neural-ECF[argmax],0.9,75,0.6989870071411133
Neural-ECF[peaks],0.9,75,0.6989870071411133
MIDAST[KS],0.9,0,2.161494016647339
Neural-ECF[argmax],0.9,75,0.687628984451294
Neural-ECF[peaks],0.9,75,0.687628984451294
MIDAST[KS],0.9,0,2.0995559692382812
Neural-ECF[argmax],0.9,75,0.6857030391693115
Neural-ECF[peaks],0.9,75,0.6857030391693115
MIDAST[KS],0.9,0,2.125439167022705
Neural-ECF[argmax],0.9,75,0.7066230773925781
Neural-ECF[peaks],0.9,75,0.7066230773925781
MIDAST[KS],0.9,0,2.127246141433716
Neural-ECF[argmax],0.9,75,0.7357847690582275
Neural-ECF[peaks],0.9,75,0.7357847690582275
MIDAST[KS],0.9,0,2.1249022483825684
Neural-ECF[argmax],0.9,75,0.6958088874816895
Neural-ECF[peaks],0.9,75,0.6958088874816895
MIDAST[KS],0.9,0,2.0847551822662354
Neural-ECF[argmax],0.9,75,0.6970417499542236
Neural-ECF[peaks],0.9,75,0.6970417499542236
MIDAST[KS],0.9,0,2.040837049484253
Neural-ECF[argmax],0.9,75,0.6761636734008789
Neural-ECF[peaks],0.9,75,0.6761636734008789
MIDAST[KS],0.9,0,2.0764999389648438
Neural-ECF[argmax],0.9,75,0.6992950439453125
Neural-ECF[peaks],0.9,75,0.6992950439453125
MIDAST[KS],0.9,0,2.125375986099243
Neural-ECF[argmax],0.9,75,0.7006878852844238
Neural-ECF[peaks],0.9,75,0.7006878852844238
MIDAST[KS],0.9,0,2.06821608543396
Neural-ECF[argmax],0.9,75,0.678776741027832
Neural-ECF[peaks],0.9,75,0.678776741027832
MIDAST[KS],0.9,0,2.0553369522094727
Neural-ECF[argmax],0.9,75,0.7219021320343018
Neural-ECF[peaks],0.9,75,0.7219021320343018
MIDAST[KS],0.9,0,2.115710973739624
Neural-ECF[argmax],0.9,75,0.7076501846313477
Neural-ECF[peaks],0.9,75,0.7076501846313477
MIDAST[KS],0.9,0,2.0766749382019043
Neural-ECF[argmax],0.9,75,0.722491979598999
Neural-ECF[peaks],0.9,75,0.722491979598999
MIDAST[KS],0.9,0,2.0433640480041504
Neural-ECF[argmax],0.9,75,0.7058589458465576
Neural-ECF[peaks],0.9,75,0.7058589458465576
MIDAST[KS],0.9,0,2.026301860809326
Neural-ECF[argmax],0.9,75,0.6687629222869873
Neural-ECF[peaks],0.9,75,0.6687629222869873
MIDAST[KS],0.9,0,2.117051362991333
Neural-ECF[argmax],0.9,75,0.6830530166625977
Neural-ECF[peaks],0.9,75,0.6830530166625977
MIDAST[KS],0.9,0,2.069701910018921
Neural-ECF[argmax],0.9,75,0.6687920093536377
Neural-ECF[peaks],0.9,75,0.6687920093536377
MIDAST[KS],0.9,0,2.025707960128784
Neural-ECF[argmax],0.9,75,0.669295072555542
Neural-ECF[peaks],0.9,75,0.669295072555542
MIDAST[KS],0.9,0,2.112628936767578
Neural-ECF[argmax],0.9,75,0.6947767734527588
Neural-ECF[peaks],0.9,75,0.6947767734527588
MIDAST[KS],0.9,0,2.114776849746704
Neural-ECF[argmax],0.9,75,0.6900970935821533
Neural-ECF[peaks],0.9,75,0.6900970935821533
MIDAST[KS],0.9,0,2.0655548572540283
Neural-ECF[argmax],0.9,75,0.6833248138427734
Neural-ECF[peaks],0.9,75,0.6833248138427734
MIDAST[KS],0.9,10,2.0430779457092285
Neural-ECF[argmax],0.9,75,0.6913080215454102
Neural-ECF[peaks],0.9,75,0.6913080215454102
MIDAST[KS],0.9,0,2.1265361309051514
Neural-ECF[argmax],0.9,75,0.684873104095459
Neural-ECF[peaks],0.9,75,0.684873104095459
MIDAST[KS],0.9,0,2.0636959075927734
Neural-ECF[argmax],0.9,75,0.7098391056060791
Neural-ECF[peaks],0.9,75,0.7098391056060791
MIDAST[KS],0.9,0,2.1046030521392822
Neural-ECF[argmax],0.9,75,0.6936080455780029
Neural-ECF[peaks],0.9,75,0.6936080455780029
MIDAST[KS],0.9,0,2.106326103210449
Neural-ECF[argmax],0.9,75,0.7163078784942627
Neural-ECF[peaks],0.9,75,0.7163078784942627
MIDAST[KS],0.9,0,2.106147050857544
Neural-ECF[argmax],0.9,75,0.6937801837921143
Neural-ECF[peaks],0.9,75,0.6937801837921143
MIDAST[KS],0.9,0,2.0748770236968994
Neural-ECF[argmax],0.9,75,0.7106847763061523
Neural-ECF[peaks],0.9,75,0.7106847763061523
MIDAST[KS],0.9,0,2.118618965148926
Neural-ECF[argmax],0.9,75,0.6985831260681152
Neural-ECF[peaks],0.9,75,0.6985831260681152
MIDAST[KS],0.9,0,2.0818729400634766
Neural-ECF[argmax],0.9,75,0.702631950378418
Neural-ECF[peaks],0.9,75,0.702631950378418
MIDAST[KS],0.9,0,2.1286449432373047
Neural-ECF[argmax],0.9,75,0.7069740295410156
Neural-ECF[peaks],0.9,75,0.7069740295410156
MIDAST[KS],0.9,0,2.0778121948242188
Neural-ECF[argmax],0.9,75,0.6897609233856201
Neural-ECF[peaks],0.9,75,0.6897609233856201
MIDAST[KS],0.9,0,2.0731139183044434
Neural-ECF[argmax],0.9,75,0.713076114654541
Neural-ECF[peaks],0.9,75,0.713076114654541
MIDAST[KS],0.9,0,2.1064977645874023
Neural-ECF[argmax],0.9,75,0.726647138595581
Neural-ECF[peaks],0.9,75,0.726647138595581
MIDAST[KS],0.9,0,2.1370229721069336
Neural-ECF[argmax],0.9,75,0.6977417469024658
Neural-ECF[peaks],0.9,75,0.6977417469024658
MIDAST[KS],0.9,0,2.0997729301452637
Neural-ECF[argmax],0.9,75,0.6983480453491211
Neural-ECF[peaks],0.9,75,0.6983480453491211
MIDAST[KS],0.9,0,2.029271125793457
Neural-ECF[argmax],0.9,75,0.6706020832061768
Neural-ECF[peaks],0.9,635,0.6706020832061768
MIDAST[KS],0.9,0,2.094085931777954
Neural-ECF[argmax],0.9,75,0.7066419124603271
Neural-ECF[peaks],0.9,75,0.7066419124603271
MIDAST[KS],0.9,0,2.0125818252563477
Neural-ECF[argmax],0.9,75,0.6867601871490479
Neural-ECF[peaks],0.9,75,0.6867601871490479
MIDAST[KS],0.9,0,2.056074857711792
Neural-ECF[argmax],0.9,75,0.6718780994415283
Neural-ECF[peaks],0.9,75,0.6718780994415283
MIDAST[KS],0.9,0,2.013096332550049
Neural-ECF[argmax],0.9,75,0.6784858703613281
Neural-ECF[peaks],0.9,75,0.6784858703613281
MIDAST[KS],0.9,0,2.34919810295105
Neural-ECF[argmax],0.9,75,0.7557368278503418
Neural-ECF[peaks],0.9,75,0.7557368278503418
MIDAST[KS],0.9,0,2.2482149600982666
Neural-ECF[argmax],0.9,75,0.7011511325836182
Neural-ECF[peaks],0.9,75,0.7011511325836182
MIDAST[KS],0.9,0,1.8811378479003906
Neural-ECF[argmax],0.9,75,0.6348869800567627
Neural-ECF[peaks],0.9,75,0.6348869800567627
MIDAST[KS],0.9,0,1.8164751529693604
Neural-ECF[argmax],0.9,75,0.6601159572601318
Neural-ECF[peaks],0.9,75,0.6601159572601318
MIDAST[KS],0.9,0,1.8534228801727295
Neural-ECF[argmax],0.9,75,0.6376481056213379
Neural-ECF[peaks],0.9,75,0.6376481056213379
MIDAST[KS],0.9,0,1.7650229930877686
Neural-ECF[argmax],0.9,75,0.6013467311859131
Neural-ECF[peaks],0.9,75,0.6013467311859131
MIDAST[KS],0.9,0,1.7209248542785645
Neural-ECF[argmax],0.1,60,1.1118049621582031
Neural-ECF[peaks],0.1,60,1.1118049621582031
MIDAST[KS],0.1,0,3.269098997116089
Neural-ECF[argmax],0.1,60,1.1042509078979492
Neural-ECF[peaks],0.1,60,1.1042509078979492
MIDAST[KS],0.1,0,3.2026891708374023
Neural-ECF[argmax],0.1,60,1.0859949588775635
Neural-ECF[peaks],0.1,60,1.0859949588775635
MIDAST[KS],0.1,0,3.1922988891601562
Neural-ECF[argmax],0.1,60,1.1200640201568604
Neural-ECF[peaks],0.1,60,1.1200640201568604
MIDAST[KS],0.1,0,3.2879140377044678
Neural-ECF[argmax],0.1,60,1.0810060501098633
Neural-ECF[peaks],0.1,60,1.0810060501098633
MIDAST[KS],0.1,0,3.2241148948669434
Neural-ECF[argmax],0.1,60,1.0964570045471191
Neural-ECF[peaks],0.1,60,1.0964570045471191
MIDAST[KS],0.1,0,3.204653024673462
Neural-ECF[argmax],0.1,60,1.0673470497131348
Neural-ECF[peaks],0.1,60,1.0673470497131348
MIDAST[KS],0.1,0,3.182053327560425
Neural-ECF[argmax],0.1,60,1.085960865020752
Neural-ECF[peaks],0.1,60,1.085960865020752
MIDAST[KS],0.1,0,3.334317207336426
Neural-ECF[argmax],0.1,60,1.0919620990753174
Neural-ECF[peaks],0.1,60,1.0919620990753174
MIDAST[KS],0.1,0,3.230645179748535
Neural-ECF[argmax],0.1,60,1.089705228805542
Neural-ECF[peaks],0.1,60,1.089705228805542
MIDAST[KS],0.1,0,3.4498467445373535
Neural-ECF[argmax],0.1,60,1.0877048969268799
Neural-ECF[peaks],0.1,60,1.0877048969268799
MIDAST[KS],0.1,0,3.224958896636963
Neural-ECF[argmax],0.1,60,1.1023588180541992
Neural-ECF[peaks],0.1,60,1.1023588180541992
MIDAST[KS],0.1,0,3.1772689819335938
Neural-ECF[argmax],0.1,60,1.0809850692749023
Neural-ECF[peaks],0.1,60,1.0809850692749023
MIDAST[KS],0.1,0,3.199676990509033
Neural-ECF[argmax],0.1,60,1.087662935256958
Neural-ECF[peaks],0.1,60,1.087662935256958
MIDAST[KS],0.1,0,3.201558828353882
Neural-ECF[argmax],0.1,60,1.0983023643493652
Neural-ECF[peaks],0.1,60,1.0983023643493652
MIDAST[KS],0.1,0,3.157254934310913
Neural-ECF[argmax],0.1,60,1.057107925415039
Neural-ECF[peaks],0.1,60,1.057107925415039
MIDAST[KS],0.1,0,3.1914589405059814
Neural-ECF[argmax],0.1,60,1.077519178390503
Neural-ECF[peaks],0.1,60,1.077519178390503
MIDAST[KS],0.1,0,3.115224838256836
Neural-ECF[argmax],0.1,60,1.0738210678100586
Neural-ECF[peaks],0.1,60,1.0738210678100586
MIDAST[KS],0.1,0,3.2169830799102783
Neural-ECF[argmax],0.1,60,1.0849528312683105
Neural-ECF[peaks],0.1,60,1.0849528312683105
MIDAST[KS],0.1,0,3.182558298110962
Neural-ECF[argmax],0.1,60,1.0469119548797607
Neural-ECF[peaks],0.1,60,1.0469119548797607
MIDAST[KS],0.1,0,3.1426758766174316
Neural-ECF[argmax],0.1,60,1.100161075592041
Neural-ECF[peaks],0.1,60,1.100161075592041
MIDAST[KS],0.1,0,3.1764957904815674
Neural-ECF[argmax],0.1,60,1.0380420684814453
Neural-ECF[peaks],0.1,60,1.0380420684814453
MIDAST[KS],0.1,0,3.196773052215576
Neural-ECF[argmax],0.1,60,1.0787110328674316
Neural-ECF[peaks],0.1,60,1.0787110328674316
MIDAST[KS],0.1,0,3.1577818393707275
Neural-ECF[argmax],0.1,60,1.0772511959075928
Neural-ECF[peaks],0.1,60,1.0772511959075928
MIDAST[KS],0.1,0,3.230804920196533
Neural-ECF[argmax],0.1,60,1.075023889541626
Neural-ECF[peaks],0.1,60,1.075023889541626
MIDAST[KS],0.1,0,3.121500015258789
Neural-ECF[argmax],0.1,60,1.066371202468872
Neural-ECF[peaks],0.1,60,1.066371202468872
MIDAST[KS],0.1,0,3.162837028503418
Neural-ECF[argmax],0.1,60,1.0820908546447754
Neural-ECF[peaks],0.1,60,1.0820908546447754
MIDAST[KS],0.1,0,3.3068957328796387
Neural-ECF[argmax],0.1,60,1.0916221141815186
Neural-ECF[peaks],0.1,60,1.0916221141815186
MIDAST[KS],0.1,0,3.1971590518951416
Neural-ECF[argmax],0.1,60,1.0626788139343262
Neural-ECF[peaks],0.1,60,1.0626788139343262
MIDAST[KS],0.1,0,3.182070016860962
Neural-ECF[argmax],0.1,60,1.0888750553131104
Neural-ECF[peaks],0.1,60,1.0888750553131104
MIDAST[KS],0.1,0,3.144714117050171
Neural-ECF[argmax],0.1,60,1.0752239227294922
Neural-ECF[peaks],0.1,60,1.0752239227294922
MIDAST[KS],0.1,0,3.1035408973693848
Neural-ECF[argmax],0.1,60,1.0699949264526367
Neural-ECF[peaks],0.1,60,1.0699949264526367
MIDAST[KS],0.1,0,3.106743097305298
Neural-ECF[argmax],0.1,60,1.0698707103729248
Neural-ECF[peaks],0.1,60,1.0698707103729248
MIDAST[KS],0.1,0,3.164046049118042
Neural-ECF[argmax],0.1,60,1.1055610179901123
Neural-ECF[peaks],0.1,60,1.1055610179901123
MIDAST[KS],0.1,0,3.16275691986084
Neural-ECF[argmax],0.1,60,1.0687370300292969
Neural-ECF[peaks],0.1,60,1.0687370300292969
MIDAST[KS],0.1,0,3.0668821334838867
Neural-ECF[argmax],0.1,60,1.0760769844055176
Neural-ECF[peaks],0.1,60,1.0760769844055176
MIDAST[KS],0.1,0,3.1709139347076416
Neural-ECF[argmax],0.1,60,1.0588221549987793
Neural-ECF[peaks],0.1,60,1.0588221549987793
MIDAST[KS],0.1,0,3.1560232639312744
Neural-ECF[argmax],0.1,60,1.05812668800354
Neural-ECF[peaks],0.1,60,1.05812668800354
MIDAST[KS],0.1,0,3.217531204223633
Neural-ECF[argmax],0.1,60,1.0237958431243896
Neural-ECF[peaks],0.1,60,1.0237958431243896
MIDAST[KS],0.1,0,3.1815481185913086
Neural-ECF[argmax],0.1,60,1.0850811004638672
Neural-ECF[peaks],0.1,60,1.0850811004638672
MIDAST[KS],0.1,0,3.1765692234039307
Neural-ECF[argmax],0.1,60,1.0420103073120117
Neural-ECF[peaks],0.1,60,1.0420103073120117
MIDAST[KS],0.1,0,3.077329158782959
Neural-ECF[argmax],0.1,60,1.064465045928955
Neural-ECF[peaks],0.1,60,1.064465045928955
MIDAST[KS],0.1,0,3.0985872745513916
Neural-ECF[argmax],0.1,60,1.0311360359191895
Neural-ECF[peaks],0.1,60,1.0311360359191895
MIDAST[KS],0.1,0,3.1208817958831787
Neural-ECF[argmax],0.1,60,1.065558910369873
Neural-ECF[peaks],0.1,60,1.065558910369873
MIDAST[KS],0.1,0,3.0985190868377686
Neural-ECF[argmax],0.1,60,1.0835227966308594
Neural-ECF[peaks],0.1,60,1.0835227966308594
MIDAST[KS],0.1,0,3.1217269897460938
Neural-ECF[argmax],0.1,60,1.032254934310913
Neural-ECF[peaks],0.1,60,1.032254934310913
MIDAST[KS],0.1,0,3.159731388092041
Neural-ECF[argmax],0.1,60,1.0497231483459473
Neural-ECF[peaks],0.1,60,1.0497231483459473
MIDAST[KS],0.1,0,3.1185100078582764
Neural-ECF[argmax],0.1,60,1.075819730758667
Neural-ECF[peaks],0.1,60,1.075819730758667
MIDAST[KS],0.1,0,3.1308791637420654
Neural-ECF[argmax],0.1,60,1.0839250087738037
Neural-ECF[peaks],0.1,60,1.0839250087738037
MIDAST[KS],0.1,0,3.1771557331085205
Neural-ECF[argmax],0.1,60,1.0480990409851074
Neural-ECF[peaks],0.1,60,1.0480990409851074
MIDAST[KS],0.1,0,3.126774787902832
Neural-ECF[argmax],0.1,60,1.0457231998443604
Neural-ECF[peaks],0.1,60,1.0457231998443604
MIDAST[KS],0.1,0,3.0740339756011963
Neural-ECF[argmax],0.1,60,1.1194970607757568
Neural-ECF[peaks],0.1,60,1.1194970607757568
MIDAST[KS],0.1,0,3.2598140239715576
Neural-ECF[argmax],0.1,60,1.085986852645874
Neural-ECF[peaks],0.1,60,1.085986852645874
MIDAST[KS],0.1,0,3.202601909637451
Neural-ECF[argmax],0.1,60,1.0634808540344238
Neural-ECF[peaks],0.1,60,1.0634808540344238
MIDAST[KS],0.1,0,3.2280189990997314
Neural-ECF[argmax],0.1,60,1.0571959018707275
Neural-ECF[peaks],0.1,60,1.0571959018707275
MIDAST[KS],0.1,0,3.160429000854492
Neural-ECF[argmax],0.1,60,1.0449388027191162
Neural-ECF[peaks],0.1,60,1.0449388027191162
MIDAST[KS],0.1,0,3.199738025665283
Neural-ECF[argmax],0.1,60,1.0768260955810547
Neural-ECF[peaks],0.1,60,1.0768260955810547
MIDAST[KS],0.1,0,3.1128711700439453
Neural-ECF[argmax],0.1,60,1.0812442302703857
Neural-ECF[peaks],0.1,60,1.0812442302703857
MIDAST[KS],0.1,0,3.134737730026245
Neural-ECF[argmax],0.1,60,1.0855967998504639
Neural-ECF[peaks],0.1,60,1.0855967998504639
MIDAST[KS],0.1,0,3.180767297744751
Neural-ECF[argmax],0.1,60,1.080622911453247
Neural-ECF[peaks],0.1,60,1.080622911453247
MIDAST[KS],0.1,0,3.1794021129608154
Neural-ECF[argmax],0.1,60,1.0972769260406494
Neural-ECF[peaks],0.1,60,1.0972769260406494
MIDAST[KS],0.1,0,3.1564478874206543
Neural-ECF[argmax],0.1,60,1.0694711208343506
Neural-ECF[peaks],0.1,60,1.0694711208343506
MIDAST[KS],0.1,0,3.1551029682159424
Neural-ECF[argmax],0.1,60,1.0796940326690674
Neural-ECF[peaks],0.1,60,1.0796940326690674
MIDAST[KS],0.1,0,3.1598758697509766
Neural-ECF[argmax],0.1,60,1.0835492610931396
Neural-ECF[peaks],0.1,60,1.0835492610931396
MIDAST[KS],0.1,0,3.1578879356384277
Neural-ECF[argmax],0.1,60,1.0922601222991943
Neural-ECF[peaks],0.1,60,1.0922601222991943
MIDAST[KS],0.1,0,3.1821579933166504
Neural-ECF[argmax],0.1,60,1.0527138710021973
Neural-ECF[peaks],0.1,60,1.0527138710021973
MIDAST[KS],0.1,0,3.13765287399292
Neural-ECF[argmax],0.1,60,1.113976240158081
Neural-ECF[peaks],0.1,60,1.113976240158081
MIDAST[KS],0.1,0,3.207893133163452
Neural-ECF[argmax],0.1,60,1.076585054397583
Neural-ECF[peaks],0.1,60,1.076585054397583
MIDAST[KS],0.1,0,3.1126868724823
Neural-ECF[argmax],0.1,60,1.0856740474700928
Neural-ECF[peaks],0.1,60,1.0856740474700928
MIDAST[KS],0.1,0,3.1251027584075928
Neural-ECF[argmax],0.1,60,1.0798709392547607
Neural-ECF[peaks],0.1,60,1.0798709392547607
MIDAST[KS],0.1,0,3.1526389122009277
Neural-ECF[argmax],0.1,60,1.0781538486480713
Neural-ECF[peaks],0.1,60,1.0781538486480713
MIDAST[KS],0.1,0,3.1315011978149414
Neural-ECF[argmax],0.1,60,1.0589666366577148
Neural-ECF[peaks],0.1,60,1.0589666366577148
MIDAST[KS],0.1,0,3.1250219345092773
Neural-ECF[argmax],0.1,60,1.0685811042785645
Neural-ECF[peaks],0.1,60,1.0685811042785645
MIDAST[KS],0.1,0,3.168182134628296
Neural-ECF[argmax],0.1,60,1.1051933765411377
Neural-ECF[peaks],0.1,60,1.1051933765411377
MIDAST[KS],0.1,0,3.152925968170166
Neural-ECF[argmax],0.1,60,1.0927958488464355
Neural-ECF[peaks],0.1,60,1.0927958488464355
MIDAST[KS],0.1,0,3.1600348949432373
Neural-ECF[argmax],0.1,60,1.0626671314239502
Neural-ECF[peaks],0.1,60,1.0626671314239502
MIDAST[KS],0.1,0,3.1215860843658447
Neural-ECF[argmax],0.1,60,1.1039962768554688
Neural-ECF[peaks],0.1,60,1.1039962768554688
MIDAST[KS],0.1,0,3.1275930404663086
Neural-ECF[argmax],0.1,60,1.0546960830688477
Neural-ECF[peaks],0.1,60,1.0546960830688477
MIDAST[KS],0.1,0,3.135653018951416
Neural-ECF[argmax],0.1,60,1.077526569366455
Neural-ECF[peaks],0.1,60,1.077526569366455
MIDAST[KS],0.1,0,3.154980182647705
Neural-ECF[argmax],0.1,60,1.1082680225372314
Neural-ECF[peaks],0.1,60,1.1082680225372314
MIDAST[KS],0.1,0,3.115183115005493
Neural-ECF[argmax],0.1,60,1.0868782997131348
Neural-ECF[peaks],0.1,60,1.0868782997131348
MIDAST[KS],0.1,0,3.1531379222869873
Neural-ECF[argmax],0.1,60,1.1107358932495117
Neural-ECF[peaks],0.1,60,1.1107358932495117
MIDAST[KS],0.1,0,3.0650699138641357
Neural-ECF[argmax],0.1,60,1.0705459117889404
Neural-ECF[peaks],0.1,60,1.0705459117889404
MIDAST[KS],0.1,0,3.1669530868530273
Neural-ECF[argmax],0.1,60,1.0620880126953125
Neural-ECF[peaks],0.1,60,1.0620880126953125
MIDAST[KS],0.1,0,3.193959951400757
Neural-ECF[argmax],0.1,60,1.0357732772827148
Neural-ECF[peaks],0.1,60,1.0357732772827148
MIDAST[KS],0.1,0,3.1996002197265625
Neural-ECF[argmax],0.1,60,1.0806694030761719
Neural-ECF[peaks],0.1,60,1.0806694030761719
MIDAST[KS],0.1,0,3.2136688232421875
Neural-ECF[argmax],0.1,60,1.0792832374572754
Neural-ECF[peaks],0.1,60,1.0792832374572754
MIDAST[KS],0.1,0,3.2329721450805664
Neural-ECF[argmax],0.1,60,1.1225042343139648
Neural-ECF[peaks],0.1,60,1.1225042343139648
MIDAST[KS],0.1,0,3.1288230419158936
Neural-ECF[argmax],0.1,60,1.1144602298736572
Neural-ECF[peaks],0.1,60,1.1144602298736572
MIDAST[KS],0.1,0,3.170093059539795
Neural-ECF[argmax],0.1,60,1.097675085067749
Neural-ECF[peaks],0.1,60,1.097675085067749
MIDAST[KS],0.1,0,3.111539125442505
Neural-ECF[argmax],0.1,60,1.0594499111175537
Neural-ECF[peaks],0.1,60,1.0594499111175537
MIDAST[KS],0.1,0,3.128962993621826
Neural-ECF[argmax],0.1,60,1.0534861087799072
Neural-ECF[peaks],0.1,60,1.0534861087799072
MIDAST[KS],0.1,0,3.348031997680664
Neural-ECF[argmax],0.1,60,1.0876400470733643
Neural-ECF[peaks],0.1,60,1.0876400470733643
MIDAST[KS],0.1,0,3.0912461280822754
Neural-ECF[argmax],0.1,60,1.0835611820220947
Neural-ECF[peaks],0.1,60,1.0835611820220947
MIDAST[KS],0.1,0,3.0814008712768555
Neural-ECF[argmax],0.1,60,1.0852181911468506
Neural-ECF[peaks],0.1,60,1.0852181911468506
MIDAST[KS],0.1,0,3.2227110862731934
Neural-ECF[argmax],0.1,60,1.0782902240753174
Neural-ECF[peaks],0.1,60,1.0782902240753174
MIDAST[KS],0.1,0,3.1241910457611084
Neural-ECF[argmax],0.1,60,1.0781748294830322
Neural-ECF[peaks],0.1,60,1.0781748294830322
MIDAST[KS],0.1,0,3.115621328353882
Neural-ECF[argmax],0.1,60,1.0778412818908691
Neural-ECF[peaks],0.1,60,1.0778412818908691
MIDAST[KS],0.1,0,3.1624319553375244
Neural-ECF[argmax],0.1,60,1.0580291748046875
Neural-ECF[peaks],0.1,60,1.0580291748046875
MIDAST[KS],0.1,0,3.119323968887329
Neural-ECF[argmax],0.1,60,1.1053121089935303
Neural-ECF[peaks],0.1,60,1.1053121089935303
MIDAST[KS],0.1,0,3.1478171348571777
Neural-ECF[argmax],0.1,60,1.0742499828338623
Neural-ECF[peaks],0.1,60,1.0742499828338623
MIDAST[KS],0.1,0,3.061741828918457
Neural-ECF[argmax],0.1,60,1.074821949005127
Neural-ECF[peaks],0.1,60,1.074821949005127
MIDAST[KS],0.1,0,3.1486966609954834
Neural-ECF[argmax],0.1,60,1.0885379314422607
Neural-ECF[peaks],0.1,60,1.0885379314422607
MIDAST[KS],0.1,0,3.1280579566955566
Neural-ECF[argmax],0.1,60,1.0619230270385742
Neural-ECF[peaks],0.1,60,1.0619230270385742
MIDAST[KS],0.1,0,3.1800668239593506
Neural-ECF[argmax],0.1,60,1.0426287651062012
Neural-ECF[peaks],0.1,60,1.0426287651062012
MIDAST[KS],0.1,0,3.1185128688812256
Neural-ECF[argmax],0.1,60,1.0761890411376953
Neural-ECF[peaks],0.1,60,1.0761890411376953
MIDAST[KS],0.1,0,3.1700329780578613
Neural-ECF[argmax],0.1,60,1.0516858100891113
Neural-ECF[peaks],0.1,60,1.0516858100891113
MIDAST[KS],0.1,0,3.150826930999756
Neural-ECF[argmax],0.1,60,1.0614299774169922
Neural-ECF[peaks],0.1,60,1.0614299774169922
MIDAST[KS],0.1,0,3.266603946685791
Neural-ECF[argmax],0.1,60,1.09450101852417
Neural-ECF[peaks],0.1,60,1.09450101852417
MIDAST[KS],0.1,0,3.1833338737487793
Neural-ECF[argmax],0.1,60,1.0793988704681396
Neural-ECF[peaks],0.1,60,1.0793988704681396
MIDAST[KS],0.1,0,3.1876180171966553
Neural-ECF[argmax],0.1,60,1.0878918170928955
Neural-ECF[peaks],0.1,60,1.0878918170928955
MIDAST[KS],0.1,0,3.1529550552368164
Neural-ECF[argmax],0.1,60,1.0708320140838623
Neural-ECF[peaks],0.1,60,1.0708320140838623
MIDAST[KS],0.1,0,3.1332879066467285
Neural-ECF[argmax],0.1,60,1.0733201503753662
Neural-ECF[peaks],0.1,60,1.0733201503753662
MIDAST[KS],0.1,0,3.142306089401245
Neural-ECF[argmax],0.1,60,1.1394109725952148
Neural-ECF[peaks],0.1,60,1.1394109725952148
MIDAST[KS],0.1,0,3.1208372116088867
Neural-ECF[argmax],0.1,60,1.1114530563354492
Neural-ECF[peaks],0.1,60,1.1114530563354492
MIDAST[KS],0.1,0,3.1748080253601074
Neural-ECF[argmax],0.1,60,1.0810370445251465
Neural-ECF[peaks],0.1,60,1.0810370445251465
MIDAST[KS],0.1,0,3.1420981884002686
Neural-ECF[argmax],0.1,60,1.0491931438446045
Neural-ECF[peaks],0.1,60,1.0491931438446045
MIDAST[KS],0.1,0,3.167135000228882
Neural-ECF[argmax],0.1,60,1.0789806842803955
Neural-ECF[peaks],0.1,60,1.0789806842803955
MIDAST[KS],0.1,0,3.1740570068359375
Neural-ECF[argmax],0.1,60,1.0751101970672607
Neural-ECF[peaks],0.1,60,1.0751101970672607
MIDAST[KS],0.1,10,3.1386940479278564
Neural-ECF[argmax],0.1,60,1.0761082172393799
Neural-ECF[peaks],0.1,60,1.0761082172393799
MIDAST[KS],0.1,0,3.1063108444213867
Neural-ECF[argmax],0.1,60,1.0950510501861572
Neural-ECF[peaks],0.1,60,1.0950510501861572
MIDAST[KS],0.1,0,3.1609599590301514
Neural-ECF[argmax],0.1,60,1.0801148414611816
Neural-ECF[peaks],0.1,60,1.0801148414611816
MIDAST[KS],0.1,0,3.16040301322937
Neural-ECF[argmax],0.1,60,1.0590736865997314
Neural-ECF[peaks],0.1,60,1.0590736865997314
MIDAST[KS],0.1,0,3.2289559841156006
Neural-ECF[argmax],0.1,60,1.0688838958740234
Neural-ECF[peaks],0.1,60,1.0688838958740234
MIDAST[KS],0.1,0,3.2910640239715576
Neural-ECF[argmax],0.1,60,1.1093947887420654
Neural-ECF[peaks],0.1,60,1.1093947887420654
MIDAST[KS],0.1,0,3.190192937850952
Neural-ECF[argmax],0.1,60,1.096750259399414
Neural-ECF[peaks],0.1,60,1.096750259399414
MIDAST[KS],0.1,0,3.178433895111084
Neural-ECF[argmax],0.1,60,1.0952248573303223
Neural-ECF[peaks],0.1,60,1.0952248573303223
MIDAST[KS],0.1,0,3.209596872329712
Neural-ECF[argmax],0.1,60,1.0759611129760742
Neural-ECF[peaks],0.1,60,1.0759611129760742
MIDAST[KS],0.1,0,3.1710829734802246
Neural-ECF[argmax],0.1,60,1.0924170017242432
Neural-ECF[peaks],0.1,60,1.0924170017242432
MIDAST[KS],0.1,0,3.114345073699951
Neural-ECF[argmax],0.1,60,1.0862951278686523
Neural-ECF[peaks],0.1,60,1.0862951278686523
MIDAST[KS],0.1,0,3.2182180881500244
Neural-ECF[argmax],0.1,60,1.0758349895477295
Neural-ECF[peaks],0.1,60,1.0758349895477295
MIDAST[KS],0.1,0,3.1673691272735596
Neural-ECF[argmax],0.1,60,1.0627620220184326
Neural-ECF[peaks],0.1,60,1.0627620220184326
MIDAST[KS],0.1,0,3.0775668621063232
Neural-ECF[argmax],0.1,60,1.1001808643341064
Neural-ECF[peaks],0.1,60,1.1001808643341064
MIDAST[KS],0.1,0,3.1699321269989014
Neural-ECF[argmax],0.1,60,1.1237471103668213
Neural-ECF[peaks],0.1,60,1.1237471103668213
MIDAST[KS],0.1,0,3.2668402194976807
Neural-ECF[argmax],0.1,60,1.0941650867462158
Neural-ECF[peaks],0.1,60,1.0941650867462158
MIDAST[KS],0.1,0,3.334812879562378
Neural-ECF[argmax],0.1,60,1.0498158931732178
Neural-ECF[peaks],0.1,60,1.0498158931732178
MIDAST[KS],0.1,0,3.291774034500122
Neural-ECF[argmax],0.1,60,1.1067132949829102
Neural-ECF[peaks],0.1,60,1.1067132949829102
MIDAST[KS],0.1,0,3.2866103649139404
Neural-ECF[argmax],0.1,60,1.0859053134918213
Neural-ECF[peaks],0.1,60,1.0859053134918213
MIDAST[KS],0.1,0,3.207710027694702
Neural-ECF[argmax],0.1,60,1.0847208499908447
Neural-ECF[peaks],0.1,60,1.0847208499908447
MIDAST[KS],0.1,0,3.208261013031006
Neural-ECF[argmax],0.1,60,1.0772180557250977
Neural-ECF[peaks],0.1,60,1.0772180557250977
MIDAST[KS],0.1,0,3.124255895614624
Neural-ECF[argmax],0.1,60,1.0868241786956787
Neural-ECF[peaks],0.1,60,1.0868241786956787
MIDAST[KS],0.1,0,3.1620607376098633
Neural-ECF[argmax],0.1,60,1.0539569854736328
Neural-ECF[peaks],0.1,60,1.0539569854736328
MIDAST[KS],0.1,0,3.1537349224090576
Neural-ECF[argmax],0.1,60,1.0506482124328613
Neural-ECF[peaks],0.1,60,1.0506482124328613
MIDAST[KS],0.1,0,3.162770986557007
Neural-ECF[argmax],0.1,60,1.03037428855896
Neural-ECF[peaks],0.1,60,1.03037428855896
MIDAST[KS],0.1,0,3.1446359157562256
Neural-ECF[argmax],0.1,60,1.067434310913086
Neural-ECF[peaks],0.1,60,1.067434310913086
MIDAST[KS],0.1,0,3.1657068729400635
Neural-ECF[argmax],0.1,60,1.1060898303985596
Neural-ECF[peaks],0.1,60,1.1060898303985596
MIDAST[KS],0.1,0,3.1553070545196533
Neural-ECF[argmax],0.1,60,1.0701489448547363
Neural-ECF[peaks],0.1,60,1.0701489448547363
MIDAST[KS],0.1,0,3.1677048206329346
Neural-ECF[argmax],0.1,60,1.0630090236663818
Neural-ECF[peaks],0.1,60,1.0630090236663818
MIDAST[KS],0.1,0,3.1029751300811768
Neural-ECF[argmax],0.1,60,1.09018874168396
Neural-ECF[peaks],0.1,60,1.09018874168396
MIDAST[KS],0.1,0,3.1838390827178955
Neural-ECF[argmax],0.1,60,1.1191520690917969
Neural-ECF[peaks],0.1,60,1.1191520690917969
MIDAST[KS],0.1,0,3.1352977752685547
Neural-ECF[argmax],0.1,60,1.0787291526794434
Neural-ECF[peaks],0.1,60,1.0787291526794434
MIDAST[KS],0.1,0,3.2357101440429688
Neural-ECF[argmax],0.1,60,1.093937873840332
Neural-ECF[peaks],0.1,60,1.093937873840332
MIDAST[KS],0.1,0,3.197338104248047
Neural-ECF[argmax],0.1,60,1.0751421451568604
Neural-ECF[peaks],0.1,60,1.0751421451568604
MIDAST[KS],0.1,0,3.212618112564087
Neural-ECF[argmax],0.1,60,1.0577890872955322
Neural-ECF[peaks],0.1,60,1.0577890872955322
MIDAST[KS],0.1,0,3.1264491081237793
Neural-ECF[argmax],0.1,60,1.0285520553588867
Neural-ECF[peaks],0.1,60,1.0285520553588867
MIDAST[KS],0.1,0,3.133455753326416
Neural-ECF[argmax],0.1,60,1.080754041671753
Neural-ECF[peaks],0.1,60,1.080754041671753
MIDAST[KS],0.1,0,3.149923086166382
Neural-ECF[argmax],0.1,60,1.0840990543365479
Neural-ECF[peaks],0.1,60,1.0840990543365479
MIDAST[KS],0.1,0,3.2075390815734863
Neural-ECF[argmax],0.1,60,1.1051528453826904
Neural-ECF[peaks],0.1,60,1.1051528453826904
MIDAST[KS],0.1,0,3.1699819564819336
Neural-ECF[argmax],0.1,60,1.078340768814087
Neural-ECF[peaks],0.1,60,1.078340768814087
MIDAST[KS],0.1,0,3.1764180660247803
Neural-ECF[argmax],0.1,60,1.0732958316802979
Neural-ECF[peaks],0.1,60,1.0732958316802979
MIDAST[KS],0.1,0,3.0810539722442627
Neural-ECF[argmax],0.1,60,1.0571889877319336
Neural-ECF[peaks],0.1,60,1.0571889877319336
MIDAST[KS],0.1,0,3.1619069576263428
Neural-ECF[argmax],0.1,60,1.0636229515075684
Neural-ECF[peaks],0.1,60,1.0636229515075684
MIDAST[KS],0.1,0,3.1698567867279053
Neural-ECF[argmax],0.1,60,1.1054589748382568
Neural-ECF[peaks],0.1,60,1.1054589748382568
MIDAST[KS],0.1,0,3.1918067932128906
Neural-ECF[argmax],0.1,60,1.0865511894226074
Neural-ECF[peaks],0.1,60,1.0865511894226074
MIDAST[KS],0.1,0,3.162813186645508
Neural-ECF[argmax],0.1,60,1.1061007976531982
Neural-ECF[peaks],0.1,60,1.1061007976531982
MIDAST[KS],0.1,0,3.2636077404022217
Neural-ECF[argmax],0.1,60,1.03489089012146
Neural-ECF[peaks],0.1,60,1.03489089012146
MIDAST[KS],0.1,0,3.1595780849456787
Neural-ECF[argmax],0.1,60,1.0493888854980469
Neural-ECF[peaks],0.1,60,1.0493888854980469
MIDAST[KS],0.1,0,3.172030210494995
Neural-ECF[argmax],0.1,60,1.0910890102386475
Neural-ECF[peaks],0.1,60,1.0910890102386475
MIDAST[KS],0.1,0,3.202469825744629
Neural-ECF[argmax],0.1,60,1.0606300830841064
Neural-ECF[peaks],0.1,60,1.0606300830841064
MIDAST[KS],0.1,0,3.211183786392212
Neural-ECF[argmax],0.1,60,1.0895957946777344
Neural-ECF[peaks],0.1,60,1.0895957946777344
MIDAST[KS],0.1,0,3.1378211975097656
Neural-ECF[argmax],0.1,60,1.0888938903808594
Neural-ECF[peaks],0.1,60,1.0888938903808594
MIDAST[KS],0.1,0,3.270434856414795
Neural-ECF[argmax],0.1,60,1.0789010524749756
Neural-ECF[peaks],0.1,60,1.0789010524749756
MIDAST[KS],0.1,0,3.2226388454437256
Neural-ECF[argmax],0.1,60,1.0855140686035156
Neural-ECF[peaks],0.1,60,1.0855140686035156
MIDAST[KS],0.1,0,3.1876108646392822
Neural-ECF[argmax],0.1,60,1.0945179462432861
Neural-ECF[peaks],0.1,60,1.0945179462432861
MIDAST[KS],0.1,0,3.1298577785491943
Neural-ECF[argmax],0.1,60,1.0919220447540283
Neural-ECF[peaks],0.1,60,1.0919220447540283
MIDAST[KS],0.1,0,3.296290874481201
Neural-ECF[argmax],0.1,60,1.054917335510254
Neural-ECF[peaks],0.1,60,1.054917335510254
MIDAST[KS],0.1,0,3.183799982070923
Neural-ECF[argmax],0.1,60,1.096398115158081
Neural-ECF[peaks],0.1,60,1.096398115158081
MIDAST[KS],0.1,0,3.1697280406951904
Neural-ECF[argmax],0.1,60,1.0497510433197021
Neural-ECF[peaks],0.1,60,1.0497510433197021
MIDAST[KS],0.1,0,3.1537320613861084
Neural-ECF[argmax],0.1,60,1.0885188579559326
Neural-ECF[peaks],0.1,60,1.0885188579559326
MIDAST[KS],0.1,0,3.160411834716797
Neural-ECF[argmax],0.1,60,1.0912141799926758
Neural-ECF[peaks],0.1,60,1.0912141799926758
MIDAST[KS],0.1,0,3.146559953689575
Neural-ECF[argmax],0.1,60,1.08103609085083
Neural-ECF[peaks],0.1,60,1.08103609085083
MIDAST[KS],0.1,0,3.1959030628204346
Neural-ECF[argmax],0.1,60,1.0613288879394531
Neural-ECF[peaks],0.1,60,1.0613288879394531
MIDAST[KS],0.1,0,3.1779799461364746
Neural-ECF[argmax],0.1,60,1.0795040130615234
Neural-ECF[peaks],0.1,60,1.0795040130615234
MIDAST[KS],0.1,0,3.1978890895843506
Neural-ECF[argmax],0.1,60,1.0666399002075195
Neural-ECF[peaks],0.1,60,1.0666399002075195
MIDAST[KS],0.1,0,3.145029067993164
Neural-ECF[argmax],0.1,60,1.078685998916626
Neural-ECF[peaks],0.1,60,1.078685998916626
MIDAST[KS],0.1,0,3.118717908859253
Neural-ECF[argmax],0.1,60,1.08805513381958
Neural-ECF[peaks],0.1,60,1.08805513381958
MIDAST[KS],0.1,0,3.090620994567871
Neural-ECF[argmax],0.1,60,1.067863941192627
Neural-ECF[peaks],0.1,60,1.067863941192627
MIDAST[KS],0.1,0,3.230343818664551
Neural-ECF[argmax],0.1,60,1.0672078132629395
Neural-ECF[peaks],0.1,60,1.0672078132629395
MIDAST[KS],0.1,0,3.1456892490386963
Neural-ECF[argmax],0.1,60,1.0255951881408691
Neural-ECF[peaks],0.1,60,1.0255951881408691
MIDAST[KS],0.1,0,3.1832621097564697
Neural-ECF[argmax],0.1,60,1.0747110843658447
Neural-ECF[peaks],0.1,60,1.0747110843658447
MIDAST[KS],0.1,0,3.086054801940918
Neural-ECF[argmax],0.1,60,1.0637171268463135
Neural-ECF[peaks],0.1,60,1.0637171268463135
MIDAST[KS],0.1,0,3.1453499794006348
Neural-ECF[argmax],0.1,60,1.078930139541626
Neural-ECF[peaks],0.1,60,1.078930139541626
MIDAST[KS],0.1,0,3.1896770000457764
Neural-ECF[argmax],0.1,60,1.0826480388641357
Neural-ECF[peaks],0.1,60,1.0826480388641357
MIDAST[KS],0.1,0,3.1886909008026123
Neural-ECF[argmax],0.1,60,1.104078769683838
Neural-ECF[peaks],0.1,60,1.104078769683838
MIDAST[KS],0.1,0,3.1536459922790527
Neural-ECF[argmax],0.1,60,1.0655779838562012
Neural-ECF[peaks],0.1,60,1.0655779838562012
MIDAST[KS],0.1,0,3.1910111904144287
Neural-ECF[argmax],0.1,60,1.1108341217041016
Neural-ECF[peaks],0.1,60,1.1108341217041016
MIDAST[KS],0.1,0,3.154154062271118
Neural-ECF[argmax],0.1,60,1.059359073638916
Neural-ECF[peaks],0.1,60,1.059359073638916
MIDAST[KS],0.1,0,3.1362969875335693
Neural-ECF[argmax],0.1,60,1.0661048889160156
Neural-ECF[peaks],0.1,60,1.0661048889160156
MIDAST[KS],0.1,0,3.1310670375823975
Neural-ECF[argmax],0.1,60,1.045935869216919
Neural-ECF[peaks],0.1,60,1.045935869216919
MIDAST[KS],0.1,0,3.194599151611328
Neural-ECF[argmax],0.1,60,1.0849649906158447
Neural-ECF[peaks],0.1,60,1.0849649906158447
MIDAST[KS],0.1,0,3.176476001739502
Neural-ECF[argmax],0.1,60,1.0858871936798096
Neural-ECF[peaks],0.1,60,1.0858871936798096
MIDAST[KS],0.1,0,3.112887144088745
Neural-ECF[argmax],0.1,60,1.069120168685913
Neural-ECF[peaks],0.1,60,1.069120168685913
MIDAST[KS],0.1,0,3.2024378776550293
Neural-ECF[argmax],0.1,60,1.0819361209869385
Neural-ECF[peaks],0.1,60,1.0819361209869385
MIDAST[KS],0.1,0,3.158353090286255
Neural-ECF[argmax],0.1,60,1.0909769535064697
Neural-ECF[peaks],0.1,60,1.0909769535064697
MIDAST[KS],0.1,0,3.149900197982788
Neural-ECF[argmax],0.1,60,1.0637497901916504
Neural-ECF[peaks],0.1,60,1.0637497901916504
MIDAST[KS],0.1,0,3.1822397708892822
Neural-ECF[argmax],0.1,60,1.0732269287109375
Neural-ECF[peaks],0.1,60,1.0732269287109375
MIDAST[KS],0.1,0,3.160867929458618
Neural-ECF[argmax],0.1,60,1.0501630306243896
Neural-ECF[peaks],0.1,60,1.0501630306243896
MIDAST[KS],0.1,0,3.210876941680908
Neural-ECF[argmax],0.1,60,1.1419131755828857
Neural-ECF[peaks],0.1,60,1.1419131755828857
MIDAST[KS],0.1,0,3.2286479473114014
Neural-ECF[argmax],0.1,60,1.0547349452972412
Neural-ECF[peaks],0.1,60,1.0547349452972412
MIDAST[KS],0.1,0,3.0776708126068115
Neural-ECF[argmax],0.1,60,1.0629308223724365
Neural-ECF[peaks],0.1,60,1.0629308223724365
MIDAST[KS],0.1,0,3.2041280269622803
Neural-ECF[argmax],0.1,60,1.0290372371673584
Neural-ECF[peaks],0.1,60,1.0290372371673584
MIDAST[KS],0.1,0,3.14437198638916
Neural-ECF[argmax],0.1,60,1.1036779880523682
Neural-ECF[peaks],0.1,60,1.1036779880523682
MIDAST[KS],0.1,0,3.164994716644287
Neural-ECF[argmax],0.1,60,1.0770480632781982
Neural-ECF[peaks],0.1,60,1.0770480632781982
MIDAST[KS],0.1,0,3.1418092250823975
Neural-ECF[argmax],0.1,60,1.090893030166626
Neural-ECF[peaks],0.1,60,1.090893030166626
MIDAST[KS],0.1,0,3.1609292030334473
Neural-ECF[argmax],0.1,60,1.0774307250976562
Neural-ECF[peaks],0.1,60,1.0774307250976562
MIDAST[KS],0.1,0,3.1850078105926514
Neural-ECF[argmax],0.1,60,1.0318729877471924
Neural-ECF[peaks],0.1,60,1.0318729877471924
MIDAST[KS],0.1,0,3.2067959308624268
Neural-ECF[argmax],0.1,60,1.075927972793579
Neural-ECF[peaks],0.1,60,1.075927972793579
MIDAST[KS],0.1,0,3.179373025894165
Neural-ECF[argmax],0.1,60,1.0703330039978027
Neural-ECF[peaks],0.1,60,1.0703330039978027
MIDAST[KS],0.1,0,3.1431620121002197
Neural-ECF[argmax],0.1,60,1.0783379077911377
Neural-ECF[peaks],0.1,60,1.0783379077911377
MIDAST[KS],0.1,0,3.13516902923584
Neural-ECF[argmax],0.1,60,1.0712511539459229
Neural-ECF[peaks],0.1,60,1.0712511539459229
MIDAST[KS],0.1,0,3.0985028743743896
Neural-ECF[argmax],0.1,60,1.0713441371917725
Neural-ECF[peaks],0.1,60,1.0713441371917725
MIDAST[KS],0.1,0,3.178730010986328
Neural-ECF[argmax],0.1,60,1.0813121795654297
Neural-ECF[peaks],0.1,60,1.0813121795654297
MIDAST[KS],0.1,0,3.165540933609009
Neural-ECF[argmax],0.1,60,1.0916447639465332
Neural-ECF[peaks],0.1,60,1.0916447639465332
MIDAST[KS],0.1,0,3.222097158432007
Neural-ECF[argmax],0.1,60,1.0581598281860352
Neural-ECF[peaks],0.1,60,1.0581598281860352
MIDAST[KS],0.1,0,3.1837098598480225
Neural-ECF[argmax],0.1,60,1.0541660785675049
Neural-ECF[peaks],0.1,60,1.0541660785675049
MIDAST[KS],0.1,0,3.1438751220703125
Neural-ECF[argmax],0.1,60,1.0607290267944336
Neural-ECF[peaks],0.1,60,1.0607290267944336
MIDAST[KS],0.1,0,3.1644349098205566
Neural-ECF[argmax],0.1,60,1.0778896808624268
Neural-ECF[peaks],0.1,60,1.0778896808624268
MIDAST[KS],0.1,0,3.170109987258911
Neural-ECF[argmax],0.1,60,1.0860707759857178
Neural-ECF[peaks],0.1,60,1.0860707759857178
MIDAST[KS],0.1,0,3.1740760803222656
Neural-ECF[argmax],0.1,60,1.0776801109313965
Neural-ECF[peaks],0.1,60,1.0776801109313965
MIDAST[KS],0.1,0,3.176140785217285
Neural-ECF[argmax],0.1,60,1.0570147037506104
Neural-ECF[peaks],0.1,60,1.0570147037506104
MIDAST[KS],0.1,0,3.1243529319763184
Neural-ECF[argmax],0.1,60,1.0757920742034912
Neural-ECF[peaks],0.1,60,1.0757920742034912
MIDAST[KS],0.1,0,3.237619161605835
Neural-ECF[argmax],0.1,60,1.090989112854004
Neural-ECF[peaks],0.1,60,1.090989112854004
MIDAST[KS],0.1,0,3.1710777282714844
Neural-ECF[argmax],0.1,60,1.095655918121338
Neural-ECF[peaks],0.1,60,1.095655918121338
MIDAST[KS],0.1,0,3.231933832168579
Neural-ECF[argmax],0.1,60,1.061208724975586
Neural-ECF[peaks],0.1,60,1.061208724975586
MIDAST[KS],0.1,0,3.2789218425750732
Neural-ECF[argmax],0.1,60,1.0622901916503906
Neural-ECF[peaks],0.1,60,1.0622901916503906
MIDAST[KS],0.1,0,3.2268991470336914
Neural-ECF[argmax],0.1,60,1.0889599323272705
Neural-ECF[peaks],0.1,60,1.0889599323272705
MIDAST[KS],0.1,0,3.2212018966674805
Neural-ECF[argmax],0.1,60,1.0395512580871582
Neural-ECF[peaks],0.1,60,1.0395512580871582
MIDAST[KS],0.1,0,3.166512966156006
Neural-ECF[argmax],0.1,60,1.121629238128662
Neural-ECF[peaks],0.1,60,1.121629238128662
MIDAST[KS],0.1,0,3.1799371242523193
Neural-ECF[argmax],0.1,60,1.0782408714294434
Neural-ECF[peaks],0.1,60,1.0782408714294434
MIDAST[KS],0.1,0,3.174840211868286
Neural-ECF[argmax],0.1,60,1.1255888938903809
Neural-ECF[peaks],0.1,60,1.1255888938903809
MIDAST[KS],0.1,0,3.1938440799713135
Neural-ECF[argmax],0.1,60,1.039947748184204
Neural-ECF[peaks],0.1,60,1.039947748184204
MIDAST[KS],0.1,0,3.0892200469970703
Neural-ECF[argmax],0.1,60,1.0537471771240234
Neural-ECF[peaks],0.1,60,1.0537471771240234
MIDAST[KS],0.1,0,3.1905391216278076
Neural-ECF[argmax],0.1,60,1.1172690391540527
Neural-ECF[peaks],0.1,60,1.1172690391540527
MIDAST[KS],0.1,0,3.197953939437866
Neural-ECF[argmax],0.1,60,1.0383930206298828
Neural-ECF[peaks],0.1,60,1.0383930206298828
MIDAST[KS],0.1,0,3.0857510566711426
Neural-ECF[argmax],0.1,60,1.0532548427581787
Neural-ECF[peaks],0.1,60,1.0532548427581787
MIDAST[KS],0.1,0,3.076838731765747
Neural-ECF[argmax],0.1,60,1.1030750274658203
Neural-ECF[peaks],0.1,60,1.1030750274658203
MIDAST[KS],0.1,0,3.15805983543396
Neural-ECF[argmax],0.1,60,1.0592589378356934
Neural-ECF[peaks],0.1,60,1.0592589378356934
MIDAST[KS],0.1,0,3.1252691745758057
Neural-ECF[argmax],0.1,60,1.084657907485962
Neural-ECF[peaks],0.1,60,1.084657907485962
MIDAST[KS],0.1,0,3.1565797328948975
Neural-ECF[argmax],0.1,60,1.0556349754333496
Neural-ECF[peaks],0.1,60,1.0556349754333496
MIDAST[KS],0.1,0,3.13462233543396
Neural-ECF[argmax],0.1,60,1.0870070457458496
Neural-ECF[peaks],0.1,60,1.0870070457458496
MIDAST[KS],0.1,0,3.208911895751953
Neural-ECF[argmax],0.1,60,1.1035492420196533
Neural-ECF[peaks],0.1,60,1.1035492420196533
MIDAST[KS],0.1,0,3.274299144744873
Neural-ECF[argmax],0.1,60,1.077019214630127
Neural-ECF[peaks],0.1,60,1.077019214630127
MIDAST[KS],0.1,0,3.172269821166992
Neural-ECF[argmax],0.1,60,1.0743217468261719
Neural-ECF[peaks],0.1,60,1.0743217468261719
MIDAST[KS],0.1,0,3.2624781131744385
Neural-ECF[argmax],0.1,60,1.0673809051513672
Neural-ECF[peaks],0.1,60,1.0673809051513672
MIDAST[KS],0.1,0,3.212535858154297
Neural-ECF[argmax],0.1,60,1.019012689590454
Neural-ECF[peaks],0.1,60,1.019012689590454
MIDAST[KS],0.1,0,3.169142961502075
Neural-ECF[argmax],0.1,60,1.0538268089294434
Neural-ECF[peaks],0.1,60,1.0538268089294434
MIDAST[KS],0.1,0,3.324031114578247
Neural-ECF[argmax],0.1,60,1.0945007801055908
Neural-ECF[peaks],0.1,60,1.0945007801055908
MIDAST[KS],0.1,0,3.1665689945220947
Neural-ECF[argmax],0.1,60,1.0758609771728516
Neural-ECF[peaks],0.1,60,1.0758609771728516
MIDAST[KS],0.1,0,3.126082181930542
Neural-ECF[argmax],0.1,60,1.102217197418213
Neural-ECF[peaks],0.1,60,1.102217197418213
MIDAST[KS],0.1,0,3.182188034057617
Neural-ECF[argmax],0.1,60,1.0575039386749268
Neural-ECF[peaks],0.1,60,1.0575039386749268
MIDAST[KS],0.1,0,3.1574912071228027
Neural-ECF[argmax],0.1,60,1.0881736278533936
Neural-ECF[peaks],0.1,60,1.0881736278533936
MIDAST[KS],0.1,0,3.1564037799835205
Neural-ECF[argmax],0.1,60,1.0830860137939453
Neural-ECF[peaks],0.1,60,1.0830860137939453
MIDAST[KS],0.1,0,3.1918792724609375
Neural-ECF[argmax],0.1,60,1.1109130382537842
Neural-ECF[peaks],0.1,60,1.1109130382537842
MIDAST[KS],0.1,0,3.163783073425293
Neural-ECF[argmax],0.1,60,1.049868106842041
Neural-ECF[peaks],0.1,60,1.049868106842041
MIDAST[KS],0.1,0,3.219935894012451
Neural-ECF[argmax],0.1,60,1.0807809829711914
Neural-ECF[peaks],0.1,60,1.0807809829711914
MIDAST[KS],0.1,0,3.1739420890808105
Neural-ECF[argmax],0.1,60,1.0853009223937988
Neural-ECF[peaks],0.1,60,1.0853009223937988
MIDAST[KS],0.1,0,3.2473721504211426
Neural-ECF[argmax],0.1,60,1.0501070022583008
Neural-ECF[peaks],0.1,60,1.0501070022583008
MIDAST[KS],0.1,0,3.1371490955352783
Neural-ECF[argmax],0.1,60,1.0789549350738525
Neural-ECF[peaks],0.1,60,1.0789549350738525
MIDAST[KS],0.1,0,3.118602991104126
Neural-ECF[argmax],0.1,60,1.0743827819824219
Neural-ECF[peaks],0.1,60,1.0743827819824219
MIDAST[KS],0.1,0,3.1481258869171143
Neural-ECF[argmax],0.1,60,1.054710865020752
Neural-ECF[peaks],0.1,60,1.054710865020752
MIDAST[KS],0.1,0,3.161860227584839
Neural-ECF[argmax],0.1,60,1.0808701515197754
Neural-ECF[peaks],0.1,60,1.0808701515197754
MIDAST[KS],0.1,0,3.156766891479492
Neural-ECF[argmax],0.1,60,1.112318992614746
Neural-ECF[peaks],0.1,60,1.112318992614746
MIDAST[KS],0.1,0,3.2403299808502197
Neural-ECF[argmax],0.1,60,1.1022679805755615
Neural-ECF[peaks],0.1,60,1.1022679805755615
MIDAST[KS],0.1,0,3.160879135131836
Neural-ECF[argmax],0.1,60,1.0490789413452148
Neural-ECF[peaks],0.1,60,1.0490789413452148
MIDAST[KS],0.1,0,3.1846048831939697
Neural-ECF[argmax],0.1,60,1.114832878112793
Neural-ECF[peaks],0.1,60,1.114832878112793
MIDAST[KS],0.1,0,3.192533016204834
Neural-ECF[argmax],0.1,60,1.076195240020752
Neural-ECF[peaks],0.1,60,1.076195240020752
MIDAST[KS],0.1,0,3.197917938232422
Neural-ECF[argmax],0.1,60,1.0441100597381592
Neural-ECF[peaks],0.1,60,1.0441100597381592
MIDAST[KS],0.1,0,3.2089860439300537
Neural-ECF[argmax],0.1,60,1.0903351306915283
Neural-ECF[peaks],0.1,60,1.0903351306915283
MIDAST[KS],0.1,0,3.226417064666748
Neural-ECF[argmax],0.1,60,1.086244821548462
Neural-ECF[peaks],0.1,60,1.086244821548462
MIDAST[KS],0.1,0,3.2127959728240967
Neural-ECF[argmax],0.1,60,1.056697130203247
Neural-ECF[peaks],0.1,60,1.056697130203247
MIDAST[KS],0.1,0,3.1810460090637207
Neural-ECF[argmax],0.1,60,1.0664620399475098
Neural-ECF[peaks],0.1,60,1.0664620399475098
MIDAST[KS],0.1,0,3.2359061241149902
Neural-ECF[argmax],0.1,60,1.0731289386749268
Neural-ECF[peaks],0.1,60,1.0731289386749268
MIDAST[KS],0.1,0,3.1551249027252197
Neural-ECF[argmax],0.1,60,1.0745110511779785
Neural-ECF[peaks],0.1,60,1.0745110511779785
MIDAST[KS],0.1,0,3.192595958709717
Neural-ECF[argmax],0.1,60,1.0774211883544922
Neural-ECF[peaks],0.1,60,1.0774211883544922
MIDAST[KS],0.1,0,3.1784567832946777
Neural-ECF[argmax],0.1,60,1.0821938514709473
Neural-ECF[peaks],0.1,60,1.0821938514709473
MIDAST[KS],0.1,0,3.1838669776916504
Neural-ECF[argmax],0.1,60,1.0409080982208252
Neural-ECF[peaks],0.1,60,1.0409080982208252
MIDAST[KS],0.1,0,3.103247880935669
Neural-ECF[argmax],0.1,60,1.0909981727600098
Neural-ECF[peaks],0.1,60,1.0909981727600098
MIDAST[KS],0.1,0,3.1603589057922363
Neural-ECF[argmax],0.1,60,1.05218505859375
Neural-ECF[peaks],0.1,60,1.05218505859375
MIDAST[KS],0.1,0,3.1359870433807373
Neural-ECF[argmax],0.1,60,1.0552411079406738
Neural-ECF[peaks],0.1,60,1.0552411079406738
MIDAST[KS],0.1,0,3.240154981613159
Neural-ECF[argmax],0.1,60,1.050286054611206
Neural-ECF[peaks],0.1,60,1.050286054611206
MIDAST[KS],0.1,0,3.161242723464966
Neural-ECF[argmax],0.1,60,1.0665709972381592
Neural-ECF[peaks],0.1,60,1.0665709972381592
MIDAST[KS],0.1,0,3.131530284881592
Neural-ECF[argmax],0.1,60,1.0384910106658936
Neural-ECF[peaks],0.1,60,1.0384910106658936
MIDAST[KS],0.1,0,3.1285510063171387
Neural-ECF[argmax],0.1,60,1.1011855602264404
Neural-ECF[peaks],0.1,60,1.1011855602264404
MIDAST[KS],0.1,0,3.068394899368286
Neural-ECF[argmax],0.1,60,1.091059923171997
Neural-ECF[peaks],0.1,60,1.091059923171997
MIDAST[KS],0.1,0,3.2069451808929443
Neural-ECF[argmax],0.1,60,1.0792829990386963
Neural-ECF[peaks],0.1,60,1.0792829990386963
MIDAST[KS],0.1,0,3.2097420692443848
Neural-ECF[argmax],0.1,60,1.084841012954712
Neural-ECF[peaks],0.1,60,1.084841012954712
MIDAST[KS],0.1,0,3.192141056060791
Neural-ECF[argmax],0.1,60,1.0711452960968018
Neural-ECF[peaks],0.1,60,1.0711452960968018
MIDAST[KS],0.1,0,3.19577693939209
Neural-ECF[argmax],0.1,60,1.088641881942749
Neural-ECF[peaks],0.1,60,1.088641881942749
MIDAST[KS],0.1,0,3.190215826034546
Neural-ECF[argmax],0.1,60,1.0427701473236084
Neural-ECF[peaks],0.1,60,1.0427701473236084
MIDAST[KS],0.1,0,3.1153371334075928
Neural-ECF[argmax],0.1,60,1.0678739547729492
Neural-ECF[peaks],0.1,60,1.0678739547729492
MIDAST[KS],0.1,0,3.2285211086273193
Neural-ECF[argmax],0.1,60,1.0933723449707031
Neural-ECF[peaks],0.1,60,1.0933723449707031
MIDAST[KS],0.1,0,3.2469818592071533
Neural-ECF[argmax],0.1,60,1.094648838043213
Neural-ECF[peaks],0.1,60,1.094648838043213
MIDAST[KS],0.1,0,3.312270164489746
Neural-ECF[argmax],0.1,60,1.157128095626831
Neural-ECF[peaks],0.1,60,1.157128095626831
MIDAST[KS],0.1,0,3.2027831077575684
Neural-ECF[argmax],0.1,60,1.0873181819915771
Neural-ECF[peaks],0.1,60,1.0873181819915771
MIDAST[KS],0.1,0,3.221193790435791
Neural-ECF[argmax],0.1,60,1.1424949169158936
Neural-ECF[peaks],0.1,60,1.1424949169158936
MIDAST[KS],0.1,0,3.1785919666290283
Neural-ECF[argmax],0.1,60,1.0662720203399658
Neural-ECF[peaks],0.1,60,1.0662720203399658
MIDAST[KS],0.1,0,3.2494688034057617
Neural-ECF[argmax],0.1,60,1.0726087093353271
Neural-ECF[peaks],0.1,60,1.0726087093353271
MIDAST[KS],0.1,0,3.1455130577087402
Neural-ECF[argmax],0.1,60,1.0777840614318848
Neural-ECF[peaks],0.1,60,1.0777840614318848
MIDAST[KS],0.1,0,3.2434959411621094
Neural-ECF[argmax],0.1,60,1.0695719718933105
Neural-ECF[peaks],0.1,60,1.0695719718933105
MIDAST[KS],0.1,0,3.1316847801208496
Neural-ECF[argmax],0.1,60,1.0488717555999756
Neural-ECF[peaks],0.1,60,1.0488717555999756
MIDAST[KS],0.1,0,3.1378109455108643
Neural-ECF[argmax],0.1,60,1.080543041229248
Neural-ECF[peaks],0.1,60,1.080543041229248
MIDAST[KS],0.1,0,3.1510767936706543
Neural-ECF[argmax],0.1,60,1.097099781036377
Neural-ECF[peaks],0.1,60,1.097099781036377
MIDAST[KS],0.1,0,3.1226000785827637
Neural-ECF[argmax],0.1,60,1.0736958980560303
Neural-ECF[peaks],0.1,60,1.0736958980560303
MIDAST[KS],0.1,0,3.0806331634521484
Neural-ECF[argmax],0.1,60,1.0665380954742432
Neural-ECF[peaks],0.1,60,1.0665380954742432
MIDAST[KS],0.1,0,3.2114930152893066
Neural-ECF[argmax],0.1,60,1.0587921142578125
Neural-ECF[peaks],0.1,60,1.0587921142578125
MIDAST[KS],0.1,0,3.1478779315948486
Neural-ECF[argmax],0.1,60,1.06850004196167
Neural-ECF[peaks],0.1,60,1.06850004196167
MIDAST[KS],0.1,0,3.2054102420806885
Neural-ECF[argmax],0.1,60,1.0625560283660889
Neural-ECF[peaks],0.1,60,1.0625560283660889
MIDAST[KS],0.1,0,3.3323709964752197
Neural-ECF[argmax],0.1,60,1.0506980419158936
Neural-ECF[peaks],0.1,60,1.0506980419158936
MIDAST[KS],0.1,0,3.230644941329956
Neural-ECF[argmax],0.1,60,1.0495009422302246
Neural-ECF[peaks],0.1,60,1.0495009422302246
MIDAST[KS],0.1,0,3.15761399269104
Neural-ECF[argmax],0.1,60,1.0753862857818604
Neural-ECF[peaks],0.1,60,1.0753862857818604
MIDAST[KS],0.1,0,3.202475070953369
Neural-ECF[argmax],0.1,60,1.1072378158569336
Neural-ECF[peaks],0.1,60,1.1072378158569336
MIDAST[KS],0.1,0,3.179738998413086
Neural-ECF[argmax],0.1,60,1.0794789791107178
Neural-ECF[peaks],0.1,60,1.0794789791107178
MIDAST[KS],0.1,0,3.119687795639038
Neural-ECF[argmax],0.1,60,1.0595810413360596
Neural-ECF[peaks],0.1,60,1.0595810413360596
MIDAST[KS],0.1,0,3.1230597496032715
Neural-ECF[argmax],0.1,60,1.0764212608337402
Neural-ECF[peaks],0.1,60,1.0764212608337402
MIDAST[KS],0.1,0,3.233264923095703
Neural-ECF[argmax],0.1,60,1.0810821056365967
Neural-ECF[peaks],0.1,60,1.0810821056365967
MIDAST[KS],0.1,0,3.184678792953491
Neural-ECF[argmax],0.1,60,1.0464346408843994
Neural-ECF[peaks],0.1,60,1.0464346408843994
MIDAST[KS],0.1,0,3.092600107192993
Neural-ECF[argmax],0.1,60,1.05476713180542
Neural-ECF[peaks],0.1,60,1.05476713180542
MIDAST[KS],0.1,0,3.1386239528656006
Neural-ECF[argmax],0.1,60,1.080946922302246
Neural-ECF[peaks],0.1,60,1.080946922302246
MIDAST[KS],0.1,0,3.1963579654693604
Neural-ECF[argmax],0.1,60,1.0847160816192627
Neural-ECF[peaks],0.1,60,1.0847160816192627
MIDAST[KS],0.1,0,3.2063207626342773
Neural-ECF[argmax],0.1,60,1.1030969619750977
Neural-ECF[peaks],0.1,60,1.1030969619750977
MIDAST[KS],0.1,0,3.160339117050171
Neural-ECF[argmax],0.1,60,1.08306884765625
Neural-ECF[peaks],0.1,60,1.08306884765625
MIDAST[KS],0.1,0,3.033263921737671
Neural-ECF[argmax],0.1,60,1.0719821453094482
Neural-ECF[peaks],0.1,60,1.0719821453094482
MIDAST[KS],0.1,0,3.110759973526001
Neural-ECF[argmax],0.1,60,1.0719199180603027
Neural-ECF[peaks],0.1,60,1.0719199180603027
MIDAST[KS],0.1,0,3.109157085418701
Neural-ECF[argmax],0.1,60,1.0920298099517822
Neural-ECF[peaks],0.1,60,1.0920298099517822
MIDAST[KS],0.1,0,3.067858934402466
Neural-ECF[argmax],0.1,60,1.1688766479492188
Neural-ECF[peaks],0.1,60,1.1688766479492188
MIDAST[KS],0.1,0,3.1277050971984863
Neural-ECF[argmax],0.1,60,1.0954599380493164
Neural-ECF[peaks],0.1,60,1.0954599380493164
MIDAST[KS],0.1,0,3.1155712604522705
Neural-ECF[argmax],0.1,60,1.1002490520477295
Neural-ECF[peaks],0.1,60,1.1002490520477295
MIDAST[KS],0.1,0,3.1785850524902344
Neural-ECF[argmax],0.1,60,1.0576670169830322
Neural-ECF[peaks],0.1,60,1.0576670169830322
MIDAST[KS],0.1,0,3.1025478839874268
Neural-ECF[argmax],0.1,60,1.0646350383758545
Neural-ECF[peaks],0.1,60,1.0646350383758545
MIDAST[KS],0.1,0,3.176050901412964
Neural-ECF[argmax],0.1,60,1.080575942993164
Neural-ECF[peaks],0.1,60,1.080575942993164
MIDAST[KS],0.1,0,3.126703977584839
Neural-ECF[argmax],0.1,60,1.064823865890503
Neural-ECF[peaks],0.1,60,1.064823865890503
MIDAST[KS],0.1,0,3.1836941242218018
Neural-ECF[argmax],0.1,60,1.0810918807983398
Neural-ECF[peaks],0.1,60,1.0810918807983398
MIDAST[KS],0.1,0,3.1884090900421143
Neural-ECF[argmax],0.1,60,1.0918641090393066
Neural-ECF[peaks],0.1,60,1.0918641090393066
MIDAST[KS],0.1,0,3.1125950813293457
Neural-ECF[argmax],0.1,60,1.0574281215667725
Neural-ECF[peaks],0.1,60,1.0574281215667725
MIDAST[KS],0.1,0,3.0703253746032715
Neural-ECF[argmax],0.1,60,1.0859479904174805
Neural-ECF[peaks],0.1,60,1.0859479904174805
MIDAST[KS],0.1,0,3.0602450370788574
Neural-ECF[argmax],0.1,60,1.0769219398498535
Neural-ECF[peaks],0.1,60,1.0769219398498535
MIDAST[KS],0.1,0,3.110750198364258
Neural-ECF[argmax],0.1,60,1.080305814743042
Neural-ECF[peaks],0.1,60,1.080305814743042
MIDAST[KS],0.1,0,3.200371265411377
Neural-ECF[argmax],0.1,60,1.092287302017212
Neural-ECF[peaks],0.1,60,1.092287302017212
MIDAST[KS],0.1,0,3.1616718769073486
Neural-ECF[argmax],0.1,60,1.0747730731964111
Neural-ECF[peaks],0.1,60,1.0747730731964111
MIDAST[KS],0.1,0,3.2454211711883545
Neural-ECF[argmax],0.1,60,1.0688157081604004
Neural-ECF[peaks],0.1,60,1.0688157081604004
MIDAST[KS],0.1,0,3.0448968410491943
Neural-ECF[argmax],0.1,60,1.0624942779541016
Neural-ECF[peaks],0.1,60,1.0624942779541016
MIDAST[KS],0.1,0,3.1103501319885254
Neural-ECF[argmax],0.1,60,1.062992811203003
Neural-ECF[peaks],0.1,60,1.062992811203003
MIDAST[KS],0.1,0,3.1622278690338135
Neural-ECF[argmax],0.1,60,1.0638301372528076
Neural-ECF[peaks],0.1,60,1.0638301372528076
MIDAST[KS],0.1,0,3.142228126525879
Neural-ECF[argmax],0.1,60,1.098323106765747
Neural-ECF[peaks],0.1,60,1.098323106765747
MIDAST[KS],0.1,0,3.131383180618286
Neural-ECF[argmax],0.1,60,1.068476915359497
Neural-ECF[peaks],0.1,60,1.068476915359497
MIDAST[KS],0.1,0,3.1611809730529785
Neural-ECF[argmax],0.1,60,1.0639021396636963
Neural-ECF[peaks],0.1,60,1.0639021396636963
MIDAST[KS],0.1,0,3.1442580223083496
Neural-ECF[argmax],0.1,60,1.0581789016723633
Neural-ECF[peaks],0.1,60,1.0581789016723633
MIDAST[KS],0.1,0,3.14668607711792
Neural-ECF[argmax],0.1,60,1.0663540363311768
Neural-ECF[peaks],0.1,60,1.0663540363311768
MIDAST[KS],0.1,0,3.242759943008423
Neural-ECF[argmax],0.1,60,1.0692989826202393
Neural-ECF[peaks],0.1,60,1.0692989826202393
MIDAST[KS],0.1,0,3.1408157348632812
Neural-ECF[argmax],0.1,60,1.0691008567810059
Neural-ECF[peaks],0.1,60,1.0691008567810059
MIDAST[KS],0.1,0,3.1348459720611572
Neural-ECF[argmax],0.1,60,1.0286500453948975
Neural-ECF[peaks],0.1,60,1.0286500453948975
MIDAST[KS],0.1,0,3.2017641067504883
Neural-ECF[argmax],0.1,60,1.0447120666503906
Neural-ECF[peaks],0.1,60,1.0447120666503906
MIDAST[KS],0.1,0,3.089721918106079
Neural-ECF[argmax],0.1,60,1.0656139850616455
Neural-ECF[peaks],0.1,60,1.0656139850616455
MIDAST[KS],0.1,0,3.2251226902008057
Neural-ECF[argmax],0.1,60,1.070038080215454
Neural-ECF[peaks],0.1,60,1.070038080215454
MIDAST[KS],0.1,0,3.1114580631256104
Neural-ECF[argmax],0.1,60,1.0645642280578613
Neural-ECF[peaks],0.1,60,1.0645642280578613
MIDAST[KS],0.1,0,3.2060461044311523
Neural-ECF[argmax],0.1,60,1.0694100856781006
Neural-ECF[peaks],0.1,60,1.0694100856781006
MIDAST[KS],0.1,0,3.1980741024017334
Neural-ECF[argmax],0.1,60,1.0566179752349854
Neural-ECF[peaks],0.1,60,1.0566179752349854
MIDAST[KS],0.1,0,3.2011499404907227
Neural-ECF[argmax],0.1,60,1.0843791961669922
Neural-ECF[peaks],0.1,60,1.0843791961669922
MIDAST[KS],0.1,0,3.1324400901794434
Neural-ECF[argmax],0.1,60,1.077331304550171
Neural-ECF[peaks],0.1,60,1.077331304550171
MIDAST[KS],0.1,0,3.184278964996338
Neural-ECF[argmax],0.1,60,1.113006830215454
Neural-ECF[peaks],0.1,60,1.113006830215454
MIDAST[KS],0.1,0,3.1631948947906494
Neural-ECF[argmax],0.1,60,1.0731449127197266
Neural-ECF[peaks],0.1,60,1.0731449127197266
MIDAST[KS],0.1,0,3.1216719150543213
Neural-ECF[argmax],0.1,60,1.0701451301574707
Neural-ECF[peaks],0.1,60,1.0701451301574707
MIDAST[KS],0.1,0,3.1826908588409424
Neural-ECF[argmax],0.1,60,1.0695726871490479
Neural-ECF[peaks],0.1,60,1.0695726871490479
MIDAST[KS],0.1,0,3.1789371967315674
Neural-ECF[argmax],0.1,60,0.9501309394836426
Neural-ECF[peaks],0.1,60,0.9501309394836426
MIDAST[KS],0.1,0,2.881939172744751
Neural-ECF[argmax],0.1,60,0.9648559093475342
Neural-ECF[peaks],0.1,60,0.9648559093475342
MIDAST[KS],0.1,0,2.8621959686279297
Neural-ECF[argmax],0.1,60,0.9496347904205322
Neural-ECF[peaks],0.1,60,0.9496347904205322
MIDAST[KS],0.1,0,2.8108956813812256
Neural-ECF[argmax],0.1,60,0.986609935760498
Neural-ECF[peaks],0.1,60,0.986609935760498
MIDAST[KS],0.1,0,2.843632936477661
Neural-ECF[argmax],0.1,60,0.9998419284820557
Neural-ECF[peaks],0.1,60,0.9998419284820557
MIDAST[KS],0.1,0,2.8664767742156982
Neural-ECF[argmax],0.1,60,0.9982678890228271
Neural-ECF[peaks],0.1,60,0.9982678890228271
MIDAST[KS],0.1,0,2.5527799129486084
Neural-ECF[argmax],0.1,60,0.8942909240722656
Neural-ECF[peaks],0.1,60,0.8942909240722656
MIDAST[KS],0.1,0,2.65726900100708
Neural-ECF[argmax],0.1,60,0.9098451137542725
Neural-ECF[peaks],0.1,60,0.9098451137542725
MIDAST[KS],0.1,0,2.5105929374694824
Neural-ECF[argmax],0.1,60,0.8647439479827881
Neural-ECF[peaks],0.1,60,0.8647439479827881
MIDAST[KS],0.1,0,2.5252552032470703
Neural-ECF[argmax],0.1,60,0.882688045501709
Neural-ECF[peaks],0.1,60,0.882688045501709
MIDAST[KS],0.1,0,2.5073091983795166
Neural-ECF[argmax],0.1,60,0.8283162117004395
Neural-ECF[peaks],0.1,60,0.8283162117004395
MIDAST[KS],0.1,0,2.481307029724121
Neural-ECF[argmax],0.1,60,0.8428821563720703
Neural-ECF[peaks],0.1,60,0.8428821563720703
MIDAST[KS],0.1,0,2.4487721920013428
Neural-ECF[argmax],0.1,60,0.847707986831665
Neural-ECF[peaks],0.1,60,0.847707986831665
MIDAST[KS],0.1,0,2.2950499057769775
Neural-ECF[argmax],0.1,60,0.8247628211975098
Neural-ECF[peaks],0.1,60,0.8247628211975098
MIDAST[KS],0.1,0,2.3279690742492676
Neural-ECF[argmax],0.1,60,0.9697902202606201
Neural-ECF[peaks],0.1,60,0.9697902202606201
MIDAST[KS],0.1,0,2.3946261405944824
Neural-ECF[argmax],0.1,60,0.828657865524292
Neural-ECF[peaks],0.1,60,0.828657865524292
MIDAST[KS],0.1,0,2.354231119155884
Neural-ECF[argmax],0.1,60,0.8144912719726562
Neural-ECF[peaks],0.1,60,0.8144912719726562
MIDAST[KS],0.1,0,2.077998161315918
Neural-ECF[argmax],0.1,60,0.7859241962432861
Neural-ECF[peaks],0.1,60,0.7859241962432861
MIDAST[KS],0.1,0,2.1320691108703613
Neural-ECF[argmax],0.1,60,0.7706868648529053
Neural-ECF[peaks],0.1,60,0.7706868648529053
MIDAST[KS],0.1,0,2.0782110691070557
Neural-ECF[argmax],0.1,60,0.7607979774475098
Neural-ECF[peaks],0.1,60,0.7607979774475098
MIDAST[KS],0.1,0,2.1518380641937256
Neural-ECF[argmax],0.1,60,0.7860310077667236
Neural-ECF[peaks],0.1,60,0.7860310077667236
MIDAST[KS],0.1,0,2.1177151203155518
Neural-ECF[argmax],0.1,60,0.7838108539581299
Neural-ECF[peaks],0.1,60,0.7838108539581299
MIDAST[KS],0.1,0,2.1177170276641846
Neural-ECF[argmax],0.1,60,0.7728462219238281
Neural-ECF[peaks],0.1,60,0.7728462219238281
MIDAST[KS],0.1,0,2.3077659606933594
Neural-ECF[argmax],0.1,60,0.8350608348846436
Neural-ECF[peaks],0.1,60,0.8350608348846436
MIDAST[KS],0.1,0,2.2468762397766113
Neural-ECF[argmax],0.1,60,0.7716693878173828
Neural-ECF[peaks],0.1,60,0.7716693878173828
MIDAST[KS],0.1,0,2.1223769187927246
Neural-ECF[argmax],0.1,60,0.7794890403747559
Neural-ECF[peaks],0.1,60,0.7794890403747559
MIDAST[KS],0.1,0,2.110211133956909
Neural-ECF[argmax],0.1,60,0.7696208953857422
Neural-ECF[peaks],0.1,60,0.7696208953857422
MIDAST[KS],0.1,0,2.1371428966522217
Neural-ECF[argmax],0.1,60,0.769618034362793
Neural-ECF[peaks],0.1,60,0.769618034362793
MIDAST[KS],0.1,0,2.156982898712158
Neural-ECF[argmax],0.1,60,0.7887349128723145
Neural-ECF[peaks],0.1,60,0.7887349128723145
MIDAST[KS],0.1,0,2.1515209674835205
Neural-ECF[argmax],0.1,60,0.7763440608978271
Neural-ECF[peaks],0.1,60,0.7763440608978271
MIDAST[KS],0.1,0,2.1121699810028076
Neural-ECF[argmax],0.1,60,0.7647891044616699
Neural-ECF[peaks],0.1,60,0.7647891044616699
MIDAST[KS],0.1,0,2.128628969192505
Neural-ECF[argmax],0.1,60,0.7796292304992676
Neural-ECF[peaks],0.1,60,0.7796292304992676
MIDAST[KS],0.1,0,2.1008379459381104
Neural-ECF[argmax],0.1,60,0.7839963436126709
Neural-ECF[peaks],0.1,60,0.7839963436126709
MIDAST[KS],0.1,0,2.1068201065063477
Neural-ECF[argmax],0.1,60,0.7854189872741699
Neural-ECF[peaks],0.1,60,0.7854189872741699
MIDAST[KS],0.1,0,2.115010976791382
Neural-ECF[argmax],0.1,60,0.7793059349060059
Neural-ECF[peaks],0.1,60,0.7793059349060059
MIDAST[KS],0.1,0,2.147301197052002
Neural-ECF[argmax],0.1,60,0.7776989936828613
Neural-ECF[peaks],0.1,60,0.7776989936828613
MIDAST[KS],0.1,0,2.089977979660034
Neural-ECF[argmax],0.1,60,0.7755382061004639
Neural-ECF[peaks],0.1,60,0.7755382061004639
MIDAST[KS],0.1,0,2.1016688346862793
Neural-ECF[argmax],0.1,60,0.7716448307037354
Neural-ECF[peaks],0.1,60,0.7716448307037354
MIDAST[KS],0.1,0,2.0870518684387207
Neural-ECF[argmax],0.1,60,0.7960278987884521
Neural-ECF[peaks],0.1,60,0.7960278987884521
MIDAST[KS],0.1,0,2.102699041366577
Neural-ECF[argmax],0.1,60,0.7779538631439209
Neural-ECF[peaks],0.1,60,0.7779538631439209
MIDAST[KS],0.1,0,2.144502639770508
Neural-ECF[argmax],0.1,60,0.7847309112548828
Neural-ECF[peaks],0.1,60,0.7847309112548828
MIDAST[KS],0.1,0,2.131113052368164
Neural-ECF[argmax],0.1,60,0.7799012660980225
Neural-ECF[peaks],0.1,60,0.7799012660980225
MIDAST[KS],0.1,0,2.156440019607544
Neural-ECF[argmax],0.1,60,0.78826904296875
Neural-ECF[peaks],0.1,60,0.78826904296875
MIDAST[KS],0.1,0,2.127363920211792
Neural-ECF[argmax],0.1,60,0.768791675567627
Neural-ECF[peaks],0.1,60,0.768791675567627
MIDAST[KS],0.1,0,2.1253490447998047
Neural-ECF[argmax],0.1,60,0.7821125984191895
Neural-ECF[peaks],0.1,60,0.7821125984191895
MIDAST[KS],0.1,0,2.144592046737671
Neural-ECF[argmax],0.1,60,0.7994511127471924
Neural-ECF[peaks],0.1,60,0.7994511127471924
MIDAST[KS],0.1,0,2.1055891513824463
Neural-ECF[argmax],0.1,60,0.788259744644165
Neural-ECF[peaks],0.1,60,0.788259744644165
MIDAST[KS],0.1,0,2.096100091934204
Neural-ECF[argmax],0.1,60,0.776860237121582
Neural-ECF[peaks],0.1,60,0.776860237121582
MIDAST[KS],0.1,0,2.1052401065826416
Neural-ECF[argmax],0.1,60,0.7838547229766846
Neural-ECF[peaks],0.1,60,0.7838547229766846
MIDAST[KS],0.1,0,2.1354849338531494
Neural-ECF[argmax],0.1,60,0.7939212322235107
Neural-ECF[peaks],0.1,60,0.7939212322235107
MIDAST[KS],0.1,0,2.1499342918395996
Neural-ECF[argmax],0.1,60,0.8102400302886963
Neural-ECF[peaks],0.1,60,0.8102400302886963
MIDAST[KS],0.1,0,2.202799081802368
Neural-ECF[argmax],0.1,60,0.7727179527282715
Neural-ECF[peaks],0.1,60,0.7727179527282715
MIDAST[KS],0.1,0,2.129817247390747
Neural-ECF[argmax],0.1,60,0.7780539989471436
Neural-ECF[peaks],0.1,60,0.7780539989471436
MIDAST[KS],0.1,0,2.27140212059021
Neural-ECF[argmax],0.1,60,0.7812001705169678
Neural-ECF[peaks],0.1,60,0.7812001705169678
MIDAST[KS],0.1,0,2.152245044708252
Neural-ECF[argmax],0.1,60,0.7771110534667969
Neural-ECF[peaks],0.1,60,0.7771110534667969
MIDAST[KS],0.1,0,2.142138957977295
Neural-ECF[argmax],0.1,60,0.7737948894500732
Neural-ECF[peaks],0.1,60,0.7737948894500732
MIDAST[KS],0.1,0,2.208906888961792
Neural-ECF[argmax],0.1,60,0.7884988784790039
Neural-ECF[peaks],0.1,60,0.7884988784790039
MIDAST[KS],0.1,0,2.1336119174957275
Neural-ECF[argmax],0.1,60,0.7827818393707275
Neural-ECF[peaks],0.1,60,0.7827818393707275
MIDAST[KS],0.1,0,2.1287450790405273
Neural-ECF[argmax],0.1,60,0.780350923538208
Neural-ECF[peaks],0.1,60,0.780350923538208
MIDAST[KS],0.1,0,2.1721930503845215
Neural-ECF[argmax],0.1,60,0.7396459579467773
Neural-ECF[peaks],0.1,60,0.7396459579467773
MIDAST[KS],0.1,0,2.087908983230591
Neural-ECF[argmax],0.1,60,0.7691650390625
Neural-ECF[peaks],0.1,60,0.7691650390625
MIDAST[KS],0.1,0,2.138204336166382
Neural-ECF[argmax],0.1,60,0.7727344036102295
Neural-ECF[peaks],0.1,60,0.7727344036102295
MIDAST[KS],0.1,0,2.144784927368164
Neural-ECF[argmax],0.1,60,0.7777702808380127
Neural-ECF[peaks],0.1,60,0.7777702808380127
MIDAST[KS],0.1,0,2.1107470989227295
Neural-ECF[argmax],0.1,60,0.7721452713012695
Neural-ECF[peaks],0.1,60,0.7721452713012695
MIDAST[KS],0.1,0,2.1519370079040527
Neural-ECF[argmax],0.1,60,0.80043625831604
Neural-ECF[peaks],0.1,60,0.80043625831604
MIDAST[KS],0.1,0,2.1261708736419678
Neural-ECF[argmax],0.1,60,0.7829580307006836
Neural-ECF[peaks],0.1,60,0.7829580307006836
MIDAST[KS],0.1,0,2.1332690715789795
Neural-ECF[argmax],0.1,60,0.7718651294708252
Neural-ECF[peaks],0.1,60,0.7718651294708252
MIDAST[KS],0.1,0,2.0914852619171143
Neural-ECF[argmax],0.1,60,0.764354944229126
Neural-ECF[peaks],0.1,60,0.764354944229126
MIDAST[KS],0.1,0,2.113426923751831
Neural-ECF[argmax],0.1,60,0.7583370208740234
Neural-ECF[peaks],0.1,60,0.7583370208740234
MIDAST[KS],0.1,0,2.082664966583252
Neural-ECF[argmax],0.1,60,0.7634270191192627
Neural-ECF[peaks],0.1,60,0.7634270191192627
MIDAST[KS],0.1,0,2.1773362159729004
Neural-ECF[argmax],0.1,60,0.7822117805480957
Neural-ECF[peaks],0.1,60,0.7822117805480957
MIDAST[KS],0.1,0,2.2557449340820312
Neural-ECF[argmax],0.1,60,0.7928669452667236
Neural-ECF[peaks],0.1,60,0.7928669452667236
MIDAST[KS],0.1,0,2.1481339931488037
Neural-ECF[argmax],0.1,60,0.8054630756378174
Neural-ECF[peaks],0.1,60,0.8054630756378174
MIDAST[KS],0.1,0,2.0814099311828613
Neural-ECF[argmax],0.1,60,0.7657761573791504
Neural-ECF[peaks],0.1,60,0.7657761573791504
MIDAST[KS],0.1,0,2.093532085418701
Neural-ECF[argmax],0.1,60,0.7806620597839355
Neural-ECF[peaks],0.1,60,0.7806620597839355
MIDAST[KS],0.1,0,2.0836949348449707
Neural-ECF[argmax],0.1,60,0.7615940570831299
Neural-ECF[peaks],0.1,60,0.7615940570831299
MIDAST[KS],0.1,0,2.090092897415161
Neural-ECF[argmax],0.1,60,0.7702701091766357
Neural-ECF[peaks],0.1,60,0.7702701091766357
MIDAST[KS],0.1,0,2.1717209815979004
Neural-ECF[argmax],0.1,60,0.7786061763763428
Neural-ECF[peaks],0.1,60,0.7786061763763428
MIDAST[KS],0.1,0,2.0617687702178955
Neural-ECF[argmax],0.1,60,0.7506840229034424
Neural-ECF[peaks],0.1,60,0.7506840229034424
MIDAST[KS],0.1,0,2.0688159465789795
Neural-ECF[argmax],0.1,60,0.7397899627685547
Neural-ECF[peaks],0.1,60,0.7397899627685547
MIDAST[KS],0.1,0,2.083695888519287
Neural-ECF[argmax],0.1,60,0.7471837997436523
Neural-ECF[peaks],0.1,60,0.7471837997436523
MIDAST[KS],0.1,0,2.1045899391174316
Neural-ECF[argmax],0.1,60,0.735490083694458
Neural-ECF[peaks],0.1,60,0.735490083694458
MIDAST[KS],0.1,0,2.0304102897644043
Neural-ECF[argmax],0.1,60,0.761019229888916
Neural-ECF[peaks],0.1,60,0.761019229888916
MIDAST[KS],0.1,0,2.017443895339966
Neural-ECF[argmax],0.1,60,0.7565820217132568
Neural-ECF[peaks],0.1,60,0.7565820217132568
MIDAST[KS],0.1,0,2.063965320587158
Neural-ECF[argmax],0.1,60,0.7789409160614014
Neural-ECF[peaks],0.1,60,0.7789409160614014
MIDAST[KS],0.1,0,2.1411759853363037
Neural-ECF[argmax],0.1,60,0.7815253734588623
Neural-ECF[peaks],0.1,60,0.7815253734588623
MIDAST[KS],0.1,0,2.0398709774017334
Neural-ECF[argmax],0.1,60,0.7681257724761963
Neural-ECF[peaks],0.1,60,0.7681257724761963
MIDAST[KS],0.1,0,2.0397212505340576
Neural-ECF[argmax],0.1,60,0.7533581256866455
Neural-ECF[peaks],0.1,60,0.7533581256866455
MIDAST[KS],0.1,0,2.1288459300994873
Neural-ECF[argmax],0.1,60,0.7280318737030029
Neural-ECF[peaks],0.1,60,0.7280318737030029
MIDAST[KS],0.1,0,2.0856902599334717
Neural-ECF[argmax],0.1,60,0.7277748584747314
Neural-ECF[peaks],0.1,60,0.7277748584747314
MIDAST[KS],0.1,0,2.0412771701812744
Neural-ECF[argmax],0.1,60,0.7454030513763428
Neural-ECF[peaks],0.1,60,0.7454030513763428
MIDAST[KS],0.1,0,2.042056083679199
Neural-ECF[argmax],0.1,60,0.7371630668640137
Neural-ECF[peaks],0.1,60,0.7371630668640137
MIDAST[KS],0.1,0,2.0791633129119873
Neural-ECF[argmax],0.1,60,0.7345619201660156
Neural-ECF[peaks],0.1,60,0.7345619201660156
MIDAST[KS],0.1,0,2.0836453437805176
Neural-ECF[argmax],0.1,60,0.7485361099243164
Neural-ECF[peaks],0.1,60,0.7485361099243164
MIDAST[KS],0.1,0,2.0113956928253174
Neural-ECF[argmax],0.1,60,0.7377219200134277
Neural-ECF[peaks],0.1,60,0.7377219200134277
MIDAST[KS],0.1,0,2.0989928245544434
Neural-ECF[argmax],0.1,60,0.7828061580657959
Neural-ECF[peaks],0.1,60,0.7828061580657959
MIDAST[KS],0.1,0,2.0436480045318604
Neural-ECF[argmax],0.1,60,0.7650299072265625
Neural-ECF[peaks],0.1,60,0.7650299072265625
MIDAST[KS],0.1,0,2.1349618434906006
Neural-ECF[argmax],0.1,60,0.7693760395050049
Neural-ECF[peaks],0.1,60,0.7693760395050049
MIDAST[KS],0.1,0,2.0806870460510254
Neural-ECF[argmax],0.1,60,0.7830231189727783
Neural-ECF[peaks],0.1,60,0.7830231189727783
MIDAST[KS],0.1,0,2.0618479251861572
Neural-ECF[argmax],0.1,60,0.7604920864105225
Neural-ECF[peaks],0.1,60,0.7604920864105225
MIDAST[KS],0.1,0,2.0941779613494873
Neural-ECF[argmax],0.1,60,0.7458670139312744
Neural-ECF[peaks],0.1,60,0.7458670139312744
MIDAST[KS],0.1,0,2.093402147293091
Neural-ECF[argmax],0.1,60,0.7561662197113037
Neural-ECF[peaks],0.1,60,0.7561662197113037
MIDAST[KS],0.1,0,2.052344799041748
Neural-ECF[argmax],0.1,60,0.7604947090148926
Neural-ECF[peaks],0.1,60,0.7604947090148926
MIDAST[KS],0.1,0,2.1047940254211426
Neural-ECF[argmax],0.1,60,0.75040602684021
Neural-ECF[peaks],0.1,60,0.75040602684021
MIDAST[KS],0.1,0,2.0534448623657227
Neural-ECF[argmax],0.1,60,0.7653439044952393
Neural-ECF[peaks],0.1,60,0.7653439044952393
MIDAST[KS],0.1,0,2.0677621364593506
Neural-ECF[argmax],0.1,60,0.7741138935089111
Neural-ECF[peaks],0.1,60,0.7741138935089111
MIDAST[KS],0.1,0,2.1121859550476074
Neural-ECF[argmax],0.1,60,0.788466215133667
Neural-ECF[peaks],0.1,60,0.788466215133667
MIDAST[KS],0.1,0,2.110862970352173
Neural-ECF[argmax],0.1,60,0.7595782279968262
Neural-ECF[peaks],0.1,60,0.7595782279968262
MIDAST[KS],0.1,0,2.119553804397583
Neural-ECF[argmax],0.1,60,0.7657370567321777
Neural-ECF[peaks],0.1,60,0.7657370567321777
MIDAST[KS],0.1,0,2.0516350269317627
Neural-ECF[argmax],0.1,60,0.7830679416656494
Neural-ECF[peaks],0.1,60,0.7830679416656494
MIDAST[KS],0.1,0,2.041412115097046
Neural-ECF[argmax],0.1,60,0.7655489444732666
Neural-ECF[peaks],0.1,60,0.7655489444732666
MIDAST[KS],0.1,0,2.0423030853271484
Neural-ECF[argmax],0.1,60,0.7564747333526611
Neural-ECF[peaks],0.1,60,0.7564747333526611
MIDAST[KS],0.1,0,2.0026040077209473
Neural-ECF[argmax],0.1,60,0.7501952648162842
Neural-ECF[peaks],0.1,60,0.7501952648162842
MIDAST[KS],0.1,0,2.058324098587036
Neural-ECF[argmax],0.1,60,0.757580041885376
Neural-ECF[peaks],0.1,60,0.757580041885376
MIDAST[KS],0.1,0,2.4378128051757812
Neural-ECF[argmax],0.1,60,0.8115568161010742
Neural-ECF[peaks],0.1,60,0.8115568161010742
MIDAST[KS],0.1,0,2.1813881397247314
Neural-ECF[argmax],0.1,60,0.7040121555328369
Neural-ECF[peaks],0.1,60,0.7040121555328369
MIDAST[KS],0.1,0,1.8186540603637695
Neural-ECF[argmax],0.1,60,0.6894199848175049
Neural-ECF[peaks],0.1,60,0.6894199848175049
MIDAST[KS],0.1,0,1.8452889919281006
Neural-ECF[argmax],0.1,60,0.6866590976715088
Neural-ECF[peaks],0.1,60,0.6866590976715088
MIDAST[KS],0.1,0,1.8076181411743164
Neural-ECF[argmax],0.1,60,0.6643140316009521
Neural-ECF[peaks],0.1,60,0.6643140316009521
MIDAST[KS],0.1,0,1.7286748886108398
Neural-ECF[argmax],0.1,60,0.6486897468566895
Neural-ECF[peaks],0.1,60,0.6486897468566895
MIDAST[KS],0.1,0,1.7106349468231201
Neural-ECF[argmax],0.1,60,0.6562981605529785
Neural-ECF[peaks],0.1,60,0.6562981605529785
MIDAST[KS],0.1,0,1.7286529541015625
Neural-ECF[argmax],0.1,60,0.5925281047821045
Neural-ECF[peaks],0.1,60,0.5925281047821045
MIDAST[KS],0.1,0,1.7480571269989014
Neural-ECF[argmax],0.1,60,0.6464979648590088
Neural-ECF[peaks],0.1,60,0.6464979648590088
MIDAST[KS],0.1,0,1.7223880290985107
Neural-ECF[argmax],0.1,60,0.6671276092529297
Neural-ECF[peaks],0.1,60,0.6671276092529297
MIDAST[KS],0.1,0,1.745732069015503
Neural-ECF[argmax],0.1,60,0.6510179042816162
Neural-ECF[peaks],0.1,60,0.6510179042816162
MIDAST[KS],0.1,0,1.6761391162872314
Neural-ECF[argmax],0.1,60,0.6411981582641602
Neural-ECF[peaks],0.1,60,0.6411981582641602
MIDAST[KS],0.1,0,1.629798173904419
Neural-ECF[argmax],0.1,60,0.6393070220947266
Neural-ECF[peaks],0.1,60,0.6393070220947266
MIDAST[KS],0.1,0,1.6340880393981934
Neural-ECF[argmax],0.3,0,1.1319868564605713
Neural-ECF[peaks],0.3,0,1.1319868564605713
MIDAST[KS],0.3,0,3.302433967590332
Neural-ECF[argmax],0.3,0,1.1055841445922852
Neural-ECF[peaks],0.3,0,1.1055841445922852
MIDAST[KS],0.3,0,3.2028708457946777
Neural-ECF[argmax],0.3,0,1.0961296558380127
Neural-ECF[peaks],0.3,0,1.0961296558380127
MIDAST[KS],0.3,0,3.210886001586914
Neural-ECF[argmax],0.3,0,1.141746997833252
Neural-ECF[peaks],0.3,0,1.141746997833252
MIDAST[KS],0.3,0,3.3447611331939697
Neural-ECF[argmax],0.3,0,1.0753061771392822
Neural-ECF[peaks],0.3,0,1.0753061771392822
MIDAST[KS],0.3,0,3.243328809738159
Neural-ECF[argmax],0.3,0,1.0886240005493164
Neural-ECF[peaks],0.3,0,1.0886240005493164
MIDAST[KS],0.3,0,3.2792670726776123
Neural-ECF[argmax],0.3,0,1.092470645904541
Neural-ECF[peaks],0.3,0,1.092470645904541
MIDAST[KS],0.3,0,3.1508748531341553
Neural-ECF[argmax],0.3,0,1.0841538906097412
Neural-ECF[peaks],0.3,0,1.0841538906097412
MIDAST[KS],0.3,0,3.1750829219818115
Neural-ECF[argmax],0.3,0,1.118833065032959
Neural-ECF[peaks],0.3,0,1.118833065032959
MIDAST[KS],0.3,0,3.192763090133667
Neural-ECF[argmax],0.3,5,1.090487003326416
Neural-ECF[peaks],0.3,5,1.090487003326416
MIDAST[KS],0.3,0,3.257934093475342
Neural-ECF[argmax],0.3,0,1.0983519554138184
Neural-ECF[peaks],0.3,0,1.0983519554138184
MIDAST[KS],0.3,0,3.2619848251342773
Neural-ECF[argmax],0.3,0,1.0648829936981201
Neural-ECF[peaks],0.3,0,1.0648829936981201
MIDAST[KS],0.3,0,3.1448187828063965
Neural-ECF[argmax],0.3,5,1.0959210395812988
Neural-ECF[peaks],0.3,5,1.0959210395812988
MIDAST[KS],0.3,0,3.1492459774017334
Neural-ECF[argmax],0.3,0,1.0844359397888184
Neural-ECF[peaks],0.3,0,1.0844359397888184
MIDAST[KS],0.3,0,3.1763288974761963
Neural-ECF[argmax],0.3,0,1.1202771663665771
Neural-ECF[peaks],0.3,0,1.1202771663665771
MIDAST[KS],0.3,0,3.22758412361145
Neural-ECF[argmax],0.3,0,1.0638110637664795
Neural-ECF[peaks],0.3,0,1.0638110637664795
MIDAST[KS],0.3,0,3.157047986984253
Neural-ECF[argmax],0.3,0,1.0788660049438477
Neural-ECF[peaks],0.3,0,1.0788660049438477
MIDAST[KS],0.3,0,3.429957866668701
Neural-ECF[argmax],0.3,0,0.9870879650115967
Neural-ECF[peaks],0.3,0,0.9870879650115967
MIDAST[KS],0.3,0,3.178002119064331
Neural-ECF[argmax],0.3,0,1.0646579265594482
Neural-ECF[peaks],0.3,0,1.0646579265594482
MIDAST[KS],0.3,0,3.2086799144744873
Neural-ECF[argmax],0.3,0,1.0755250453948975
Neural-ECF[peaks],0.3,0,1.0755250453948975
MIDAST[KS],0.3,0,3.2296090126037598
Neural-ECF[argmax],0.3,5,1.0755460262298584
Neural-ECF[peaks],0.3,5,1.0755460262298584
MIDAST[KS],0.3,0,3.128756284713745
Neural-ECF[argmax],0.3,0,1.0755620002746582
Neural-ECF[peaks],0.3,0,1.0755620002746582
MIDAST[KS],0.3,0,3.381182909011841
Neural-ECF[argmax],0.3,0,1.0995666980743408
Neural-ECF[peaks],0.3,0,1.0995666980743408
MIDAST[KS],0.3,0,3.102177858352661
Neural-ECF[argmax],0.3,0,1.093606948852539
Neural-ECF[peaks],0.3,0,1.093606948852539
MIDAST[KS],0.3,0,3.1974568367004395
Neural-ECF[argmax],0.3,0,1.0651919841766357
Neural-ECF[peaks],0.3,0,1.0651919841766357
MIDAST[KS],0.3,0,3.1070332527160645
Neural-ECF[argmax],0.3,0,1.0828616619110107
Neural-ECF[peaks],0.3,0,1.0828616619110107
MIDAST[KS],0.3,0,3.1069490909576416
Neural-ECF[argmax],0.3,5,1.0538771152496338
Neural-ECF[peaks],0.3,5,1.0538771152496338
MIDAST[KS],0.3,0,3.235933303833008
Neural-ECF[argmax],0.3,0,1.0697638988494873
Neural-ECF[peaks],0.3,0,1.0697638988494873
MIDAST[KS],0.3,0,3.254779815673828
Neural-ECF[argmax],0.3,0,1.0695440769195557
Neural-ECF[peaks],0.3,0,1.0695440769195557
MIDAST[KS],0.3,0,3.1666359901428223
Neural-ECF[argmax],0.3,0,1.0927891731262207
Neural-ECF[peaks],0.3,0,1.0927891731262207
MIDAST[KS],0.3,0,3.171268939971924
Neural-ECF[argmax],0.3,0,1.0637800693511963
Neural-ECF[peaks],0.3,0,1.0637800693511963
MIDAST[KS],0.3,0,3.1471972465515137
Neural-ECF[argmax],0.3,0,1.0829119682312012
Neural-ECF[peaks],0.3,0,1.0829119682312012
MIDAST[KS],0.3,0,3.111525058746338
Neural-ECF[argmax],0.3,5,1.0285210609436035
Neural-ECF[peaks],0.3,5,1.0285210609436035
MIDAST[KS],0.3,0,3.1158699989318848
Neural-ECF[argmax],0.3,0,1.0943822860717773
Neural-ECF[peaks],0.3,0,1.0943822860717773
MIDAST[KS],0.3,0,3.0981268882751465
Neural-ECF[argmax],0.3,0,1.0789692401885986
Neural-ECF[peaks],0.3,0,1.0789692401885986
MIDAST[KS],0.3,0,3.1369800567626953
Neural-ECF[argmax],0.3,0,1.0508191585540771
Neural-ECF[peaks],0.3,0,1.0508191585540771
MIDAST[KS],0.3,0,3.0872530937194824
Neural-ECF[argmax],0.3,0,1.0387251377105713
Neural-ECF[peaks],0.3,0,1.0387251377105713
MIDAST[KS],0.3,0,3.181939125061035
Neural-ECF[argmax],0.3,5,1.065565824508667
Neural-ECF[peaks],0.3,5,1.065565824508667
MIDAST[KS],0.3,0,3.1516079902648926
Neural-ECF[argmax],0.3,0,1.0727758407592773
Neural-ECF[peaks],0.3,0,1.0727758407592773
MIDAST[KS],0.3,0,3.109653949737549
Neural-ECF[argmax],0.3,0,1.0802879333496094
Neural-ECF[peaks],0.3,0,1.0802879333496094
MIDAST[KS],0.3,0,3.1055657863616943
Neural-ECF[argmax],0.3,0,1.043992042541504
Neural-ECF[peaks],0.3,0,1.043992042541504
MIDAST[KS],0.3,0,3.1675782203674316
Neural-ECF[argmax],0.3,5,1.0382702350616455
Neural-ECF[peaks],0.3,5,1.0382702350616455
MIDAST[KS],0.3,0,3.1902809143066406
Neural-ECF[argmax],0.3,0,1.062406063079834
Neural-ECF[peaks],0.3,0,1.062406063079834
MIDAST[KS],0.3,0,3.047379970550537
Neural-ECF[argmax],0.3,0,1.0551130771636963
Neural-ECF[peaks],0.3,0,1.0551130771636963
MIDAST[KS],0.3,0,3.1834068298339844
Neural-ECF[argmax],0.3,0,1.0680949687957764
Neural-ECF[peaks],0.3,0,1.0680949687957764
MIDAST[KS],0.3,0,3.0776588916778564
Neural-ECF[argmax],0.3,0,1.038780927658081
Neural-ECF[peaks],0.3,0,1.038780927658081
MIDAST[KS],0.3,0,3.1554062366485596
Neural-ECF[argmax],0.3,5,1.0593531131744385
Neural-ECF[peaks],0.3,5,1.0593531131744385
MIDAST[KS],0.3,0,3.1008450984954834
Neural-ECF[argmax],0.3,0,1.0968961715698242
Neural-ECF[peaks],0.3,0,1.0968961715698242
MIDAST[KS],0.3,0,3.1280670166015625
Neural-ECF[argmax],0.3,0,1.0769259929656982
Neural-ECF[peaks],0.3,0,1.0769259929656982
MIDAST[KS],0.3,0,3.185586929321289
Neural-ECF[argmax],0.3,5,1.0644299983978271
Neural-ECF[peaks],0.3,5,1.0644299983978271
MIDAST[KS],0.3,0,3.1199121475219727
Neural-ECF[argmax],0.3,0,1.0524928569793701
Neural-ECF[peaks],0.3,0,1.0524928569793701
MIDAST[KS],0.3,0,3.0793542861938477
Neural-ECF[argmax],0.3,0,1.137787103652954
Neural-ECF[peaks],0.3,0,1.137787103652954
MIDAST[KS],0.3,0,3.199165105819702
Neural-ECF[argmax],0.3,0,1.0859920978546143
Neural-ECF[peaks],0.3,0,1.0859920978546143
MIDAST[KS],0.3,0,3.2125062942504883
Neural-ECF[argmax],0.3,0,1.0788791179656982
Neural-ECF[peaks],0.3,0,1.0788791179656982
MIDAST[KS],0.3,0,3.127774953842163
Neural-ECF[argmax],0.3,0,1.060882806777954
Neural-ECF[peaks],0.3,0,1.060882806777954
MIDAST[KS],0.3,0,3.1508960723876953
Neural-ECF[argmax],0.3,5,1.081043004989624
Neural-ECF[peaks],0.3,5,1.081043004989624
MIDAST[KS],0.3,0,3.13399600982666
Neural-ECF[argmax],0.3,5,1.0747880935668945
Neural-ECF[peaks],0.3,5,1.0747880935668945
MIDAST[KS],0.3,0,3.1310389041900635
Neural-ECF[argmax],0.3,0,1.0484859943389893
Neural-ECF[peaks],0.3,0,1.0484859943389893
MIDAST[KS],0.3,0,3.147305965423584
Neural-ECF[argmax],0.3,0,1.0724120140075684
Neural-ECF[peaks],0.3,0,1.0724120140075684
MIDAST[KS],0.3,0,3.18686580657959
Neural-ECF[argmax],0.3,0,1.0963850021362305
Neural-ECF[peaks],0.3,0,1.0963850021362305
MIDAST[KS],0.3,0,3.2008349895477295
Neural-ECF[argmax],0.3,5,1.0729451179504395
Neural-ECF[peaks],0.3,5,1.0729451179504395
MIDAST[KS],0.3,0,3.0385773181915283
Neural-ECF[argmax],0.3,0,1.106043815612793
Neural-ECF[peaks],0.3,0,1.106043815612793
MIDAST[KS],0.3,0,3.1357638835906982
Neural-ECF[argmax],0.3,0,1.071307897567749
Neural-ECF[peaks],0.3,0,1.071307897567749
MIDAST[KS],0.3,0,3.240407943725586
Neural-ECF[argmax],0.3,0,1.098797082901001
Neural-ECF[peaks],0.3,0,1.098797082901001
MIDAST[KS],0.3,0,3.215203046798706
Neural-ECF[argmax],0.3,5,1.0925531387329102
Neural-ECF[peaks],0.3,5,1.0925531387329102
MIDAST[KS],0.3,0,3.170614004135132
Neural-ECF[argmax],0.3,0,1.0490748882293701
Neural-ECF[peaks],0.3,0,1.0490748882293701
MIDAST[KS],0.3,0,3.226233959197998
Neural-ECF[argmax],0.3,0,1.0636181831359863
Neural-ECF[peaks],0.3,0,1.0636181831359863
MIDAST[KS],0.3,0,3.1458208560943604
Neural-ECF[argmax],0.3,5,1.1186201572418213
Neural-ECF[peaks],0.3,5,1.1186201572418213
MIDAST[KS],0.3,0,3.126789093017578
Neural-ECF[argmax],0.3,0,1.0668981075286865
Neural-ECF[peaks],0.3,0,1.0668981075286865
MIDAST[KS],0.3,0,3.0434868335723877
Neural-ECF[argmax],0.3,0,1.0771310329437256
Neural-ECF[peaks],0.3,0,1.0771310329437256
MIDAST[KS],0.3,0,3.1408889293670654
Neural-ECF[argmax],0.3,0,1.0726568698883057
Neural-ECF[peaks],0.3,0,1.0726568698883057
MIDAST[KS],0.3,0,3.173893928527832
Neural-ECF[argmax],0.3,5,1.0868213176727295
Neural-ECF[peaks],0.3,5,1.0868213176727295
MIDAST[KS],0.3,0,3.1905598640441895
Neural-ECF[argmax],0.3,0,1.0483860969543457
Neural-ECF[peaks],0.3,0,1.0483860969543457
MIDAST[KS],0.3,0,3.1428768634796143
Neural-ECF[argmax],0.3,0,1.0892300605773926
Neural-ECF[peaks],0.3,0,1.0892300605773926
MIDAST[KS],0.3,0,3.1729049682617188
Neural-ECF[argmax],0.3,5,1.0824291706085205
Neural-ECF[peaks],0.3,5,1.0824291706085205
MIDAST[KS],0.3,0,3.1497349739074707
Neural-ECF[argmax],0.3,0,1.080186128616333
Neural-ECF[peaks],0.3,0,1.080186128616333
MIDAST[KS],0.3,0,3.2168939113616943
Neural-ECF[argmax],0.3,5,1.0673956871032715
Neural-ECF[peaks],0.3,5,1.0673956871032715
MIDAST[KS],0.3,0,3.1971211433410645
Neural-ECF[argmax],0.3,0,1.0719029903411865
Neural-ECF[peaks],0.3,0,1.0719029903411865
MIDAST[KS],0.3,0,3.1692609786987305
Neural-ECF[argmax],0.3,0,1.099492073059082
Neural-ECF[peaks],0.3,0,1.099492073059082
MIDAST[KS],0.3,0,3.2212462425231934
Neural-ECF[argmax],0.3,0,1.076235055923462
Neural-ECF[peaks],0.3,0,1.076235055923462
MIDAST[KS],0.3,0,3.130405902862549
Neural-ECF[argmax],0.3,0,1.1330969333648682
Neural-ECF[peaks],0.3,0,1.1330969333648682
MIDAST[KS],0.3,0,3.2145626544952393
Neural-ECF[argmax],0.3,0,1.084549903869629
Neural-ECF[peaks],0.3,0,1.084549903869629
MIDAST[KS],0.3,0,3.1302971839904785
Neural-ECF[argmax],0.3,0,1.067300796508789
Neural-ECF[peaks],0.3,0,1.067300796508789
MIDAST[KS],0.3,0,3.186640739440918
Neural-ECF[argmax],0.3,0,1.0825879573822021
Neural-ECF[peaks],0.3,0,1.0825879573822021
MIDAST[KS],0.3,0,3.171617031097412
Neural-ECF[argmax],0.3,0,1.066070795059204
Neural-ECF[peaks],0.3,0,1.066070795059204
MIDAST[KS],0.3,0,3.2382049560546875
Neural-ECF[argmax],0.3,0,1.0971479415893555
Neural-ECF[peaks],0.3,0,1.0971479415893555
MIDAST[KS],0.3,0,3.254120111465454
Neural-ECF[argmax],0.3,0,1.1026740074157715
Neural-ECF[peaks],0.3,0,1.1026740074157715
MIDAST[KS],0.3,0,3.1642580032348633
Neural-ECF[argmax],0.3,0,1.041618824005127
Neural-ECF[peaks],0.3,0,1.041618824005127
MIDAST[KS],0.3,0,3.1689300537109375
Neural-ECF[argmax],0.3,0,1.082211971282959
Neural-ECF[peaks],0.3,0,1.082211971282959
MIDAST[KS],0.3,0,3.238373279571533
Neural-ECF[argmax],0.3,0,1.0706398487091064
Neural-ECF[peaks],0.3,0,1.0706398487091064
MIDAST[KS],0.3,0,3.227019786834717
Neural-ECF[argmax],0.3,0,1.0813281536102295
Neural-ECF[peaks],0.3,0,1.0813281536102295
MIDAST[KS],0.3,0,3.141352891921997
Neural-ECF[argmax],0.3,5,1.0780651569366455
Neural-ECF[peaks],0.3,5,1.0780651569366455
MIDAST[KS],0.3,0,3.1839540004730225
Neural-ECF[argmax],0.3,30,1.0752110481262207
Neural-ECF[peaks],0.3,30,1.0752110481262207
MIDAST[KS],0.3,0,3.1714632511138916
Neural-ECF[argmax],0.3,0,1.068739652633667
Neural-ECF[peaks],0.3,0,1.068739652633667
MIDAST[KS],0.3,0,3.1330511569976807
Neural-ECF[argmax],0.3,0,1.1633539199829102
Neural-ECF[peaks],0.3,0,1.1633539199829102
MIDAST[KS],0.3,0,3.1953892707824707
Neural-ECF[argmax],0.3,0,1.0840349197387695
Neural-ECF[peaks],0.3,0,1.0840349197387695
MIDAST[KS],0.3,0,3.187678337097168
Neural-ECF[argmax],0.3,0,1.0910661220550537
Neural-ECF[peaks],0.3,0,1.0910661220550537
MIDAST[KS],0.3,0,3.10109806060791
Neural-ECF[argmax],0.3,0,1.0842070579528809
Neural-ECF[peaks],0.3,0,1.0842070579528809
MIDAST[KS],0.3,0,3.1366279125213623
Neural-ECF[argmax],0.3,0,1.0661277770996094
Neural-ECF[peaks],0.3,0,1.0661277770996094
MIDAST[KS],0.3,0,3.2019879817962646
Neural-ECF[argmax],0.3,0,1.0995988845825195
Neural-ECF[peaks],0.3,0,1.0995988845825195
MIDAST[KS],0.3,0,3.1352791786193848
Neural-ECF[argmax],0.3,0,1.0609071254730225
Neural-ECF[peaks],0.3,0,1.0609071254730225
MIDAST[KS],0.3,0,3.1651699542999268
Neural-ECF[argmax],0.3,0,1.0614571571350098
Neural-ECF[peaks],0.3,0,1.0614571571350098
MIDAST[KS],0.3,0,3.177600860595703
Neural-ECF[argmax],0.3,0,1.0727481842041016
Neural-ECF[peaks],0.3,0,1.0727481842041016
MIDAST[KS],0.3,0,3.138070821762085
Neural-ECF[argmax],0.3,0,1.0946669578552246
Neural-ECF[peaks],0.3,0,1.0946669578552246
MIDAST[KS],0.3,0,3.1529531478881836
Neural-ECF[argmax],0.3,0,1.0897161960601807
Neural-ECF[peaks],0.3,0,1.0897161960601807
MIDAST[KS],0.3,0,3.242626190185547
Neural-ECF[argmax],0.3,0,1.07600998878479
Neural-ECF[peaks],0.3,0,1.07600998878479
MIDAST[KS],0.3,0,3.0850701332092285
Neural-ECF[argmax],0.3,0,1.0780091285705566
Neural-ECF[peaks],0.3,0,1.0780091285705566
MIDAST[KS],0.3,0,3.1813061237335205
Neural-ECF[argmax],0.3,0,1.0766851902008057
Neural-ECF[peaks],0.3,0,1.0766851902008057
MIDAST[KS],0.3,0,3.1364548206329346
Neural-ECF[argmax],0.3,0,1.0903301239013672
Neural-ECF[peaks],0.3,0,1.0903301239013672
MIDAST[KS],0.3,0,3.2704551219940186
Neural-ECF[argmax],0.3,0,1.1088571548461914
Neural-ECF[peaks],0.3,0,1.1088571548461914
MIDAST[KS],0.3,0,3.154921054840088
Neural-ECF[argmax],0.3,0,1.055790901184082
Neural-ECF[peaks],0.3,0,1.055790901184082
MIDAST[KS],0.3,0,3.175187110900879
Neural-ECF[argmax],0.3,5,1.0501718521118164
Neural-ECF[peaks],0.3,5,1.0501718521118164
MIDAST[KS],0.3,0,3.1466832160949707
Neural-ECF[argmax],0.3,0,1.0535800457000732
Neural-ECF[peaks],0.3,0,1.0535800457000732
MIDAST[KS],0.3,0,3.171689033508301
Neural-ECF[argmax],0.3,5,1.0685508251190186
Neural-ECF[peaks],0.3,5,1.0685508251190186
MIDAST[KS],0.3,0,3.2237889766693115
Neural-ECF[argmax],0.3,0,1.088548183441162
Neural-ECF[peaks],0.3,0,1.088548183441162
MIDAST[KS],0.3,0,3.251997947692871
Neural-ECF[argmax],0.3,0,1.063183069229126
Neural-ECF[peaks],0.3,0,1.063183069229126
MIDAST[KS],0.3,0,3.1759397983551025
Neural-ECF[argmax],0.3,5,1.056506872177124
Neural-ECF[peaks],0.3,5,1.056506872177124
MIDAST[KS],0.3,0,3.184601068496704
Neural-ECF[argmax],0.3,0,1.0717496871948242
Neural-ECF[peaks],0.3,0,1.0717496871948242
MIDAST[KS],0.3,0,3.099776029586792
Neural-ECF[argmax],0.3,0,1.0747981071472168
Neural-ECF[peaks],0.3,0,1.0747981071472168
MIDAST[KS],0.3,0,3.1400959491729736
Neural-ECF[argmax],0.3,5,1.0826740264892578
Neural-ECF[peaks],0.3,5,1.0826740264892578
MIDAST[KS],0.3,0,3.1599810123443604
Neural-ECF[argmax],0.3,0,1.0594539642333984
Neural-ECF[peaks],0.3,0,1.0594539642333984
MIDAST[KS],0.3,0,3.1870899200439453
Neural-ECF[argmax],0.3,0,1.0667839050292969
Neural-ECF[peaks],0.3,0,1.0667839050292969
MIDAST[KS],0.3,0,3.179978847503662
Neural-ECF[argmax],0.3,0,1.0884110927581787
Neural-ECF[peaks],0.3,0,1.0884110927581787
MIDAST[KS],0.3,0,3.247310161590576
Neural-ECF[argmax],0.3,0,1.0770690441131592
Neural-ECF[peaks],0.3,0,1.0770690441131592
MIDAST[KS],0.3,0,3.3604373931884766
Neural-ECF[argmax],0.3,0,1.1026239395141602
Neural-ECF[peaks],0.3,0,1.1026239395141602
MIDAST[KS],0.3,0,3.142061948776245
Neural-ECF[argmax],0.3,0,1.1049609184265137
Neural-ECF[peaks],0.3,0,1.1049609184265137
MIDAST[KS],0.3,0,3.0284600257873535
Neural-ECF[argmax],0.3,0,1.0983340740203857
Neural-ECF[peaks],0.3,0,1.0983340740203857
MIDAST[KS],0.3,0,3.104159116744995
Neural-ECF[argmax],0.3,0,1.0641789436340332
Neural-ECF[peaks],0.3,0,1.0641789436340332
MIDAST[KS],0.3,0,3.126579999923706
Neural-ECF[argmax],0.3,5,1.0857329368591309
Neural-ECF[peaks],0.3,5,1.0857329368591309
MIDAST[KS],0.3,0,3.2339630126953125
Neural-ECF[argmax],0.3,0,1.0947961807250977
Neural-ECF[peaks],0.3,0,1.0947961807250977
MIDAST[KS],0.3,0,3.177690267562866
Neural-ECF[argmax],0.3,0,1.1116442680358887
Neural-ECF[peaks],0.3,0,1.1116442680358887
MIDAST[KS],0.3,0,3.23344087600708
Neural-ECF[argmax],0.3,0,1.0594947338104248
Neural-ECF[peaks],0.3,0,1.0594947338104248
MIDAST[KS],0.3,0,3.1646571159362793
Neural-ECF[argmax],0.3,0,1.0880811214447021
Neural-ECF[peaks],0.3,0,1.0880811214447021
MIDAST[KS],0.3,0,3.207728862762451
Neural-ECF[argmax],0.3,0,1.1112239360809326
Neural-ECF[peaks],0.3,0,1.1112239360809326
MIDAST[KS],0.3,0,3.3126747608184814
Neural-ECF[argmax],0.3,0,1.1417999267578125
Neural-ECF[peaks],0.3,0,1.1417999267578125
MIDAST[KS],0.3,0,3.2323241233825684
Neural-ECF[argmax],0.3,0,1.1087820529937744
Neural-ECF[peaks],0.3,0,1.1087820529937744
MIDAST[KS],0.3,0,3.219499111175537
Neural-ECF[argmax],0.3,0,1.0916080474853516
Neural-ECF[peaks],0.3,0,1.0916080474853516
MIDAST[KS],0.3,0,3.3086349964141846
Neural-ECF[argmax],0.3,5,1.0841929912567139
Neural-ECF[peaks],0.3,5,1.0841929912567139
MIDAST[KS],0.3,0,3.202063798904419
Neural-ECF[argmax],0.3,0,1.0821239948272705
Neural-ECF[peaks],0.3,0,1.0821239948272705
MIDAST[KS],0.3,0,3.233353853225708
Neural-ECF[argmax],0.3,10,1.0911009311676025
Neural-ECF[peaks],0.3,10,1.0911009311676025
MIDAST[KS],0.3,0,3.1673552989959717
Neural-ECF[argmax],0.3,0,1.1040797233581543
Neural-ECF[peaks],0.3,0,1.1040797233581543
MIDAST[KS],0.3,0,3.228078842163086
Neural-ECF[argmax],0.3,0,1.0559351444244385
Neural-ECF[peaks],0.3,0,1.0559351444244385
MIDAST[KS],0.3,0,3.1480579376220703
Neural-ECF[argmax],0.3,5,1.0853700637817383
Neural-ECF[peaks],0.3,5,1.0853700637817383
MIDAST[KS],0.3,0,3.110564947128296
Neural-ECF[argmax],0.3,0,1.0604112148284912
Neural-ECF[peaks],0.3,0,1.0604112148284912
MIDAST[KS],0.3,0,3.192380905151367
Neural-ECF[argmax],0.3,0,1.0419299602508545
Neural-ECF[peaks],0.3,0,1.0419299602508545
MIDAST[KS],0.3,0,3.1355020999908447
Neural-ECF[argmax],0.3,0,1.0929350852966309
Neural-ECF[peaks],0.3,0,1.0929350852966309
MIDAST[KS],0.3,0,3.1467251777648926
Neural-ECF[argmax],0.3,0,1.0914227962493896
Neural-ECF[peaks],0.3,0,1.0914227962493896
MIDAST[KS],0.3,0,3.107390880584717
Neural-ECF[argmax],0.3,0,1.0490429401397705
Neural-ECF[peaks],0.3,0,1.0490429401397705
MIDAST[KS],0.3,0,3.1883950233459473
Neural-ECF[argmax],0.3,0,1.0639588832855225
Neural-ECF[peaks],0.3,0,1.0639588832855225
MIDAST[KS],0.3,0,3.2007131576538086
Neural-ECF[argmax],0.3,5,1.0931510925292969
Neural-ECF[peaks],0.3,5,1.0931510925292969
MIDAST[KS],0.3,0,3.1877810955047607
Neural-ECF[argmax],0.3,5,1.086087942123413
Neural-ECF[peaks],0.3,5,1.086087942123413
MIDAST[KS],0.3,0,3.2402150630950928
Neural-ECF[argmax],0.3,0,1.096132755279541
Neural-ECF[peaks],0.3,0,1.096132755279541
MIDAST[KS],0.3,0,3.164019823074341
Neural-ECF[argmax],0.3,0,1.0612118244171143
Neural-ECF[peaks],0.3,0,1.0612118244171143
MIDAST[KS],0.3,0,3.1794419288635254
Neural-ECF[argmax],0.3,0,1.082885980606079
Neural-ECF[peaks],0.3,0,1.082885980606079
MIDAST[KS],0.3,0,3.1837050914764404
Neural-ECF[argmax],0.3,0,1.0680468082427979
Neural-ECF[peaks],0.3,0,1.0680468082427979
MIDAST[KS],0.3,0,3.1911020278930664
Neural-ECF[argmax],0.3,5,1.1053009033203125
Neural-ECF[peaks],0.3,5,1.1053009033203125
MIDAST[KS],0.3,0,3.1912078857421875
Neural-ECF[argmax],0.3,0,1.0495049953460693
Neural-ECF[peaks],0.3,0,1.0495049953460693
MIDAST[KS],0.3,0,3.2137632369995117
Neural-ECF[argmax],0.3,0,1.0880398750305176
Neural-ECF[peaks],0.3,0,1.0880398750305176
MIDAST[KS],0.3,0,3.1228151321411133
Neural-ECF[argmax],0.3,5,1.092371940612793
Neural-ECF[peaks],0.3,5,1.092371940612793
MIDAST[KS],0.3,0,3.0864269733428955
Neural-ECF[argmax],0.3,0,1.0594322681427002
Neural-ECF[peaks],0.3,0,1.0594322681427002
MIDAST[KS],0.3,0,3.1087586879730225
Neural-ECF[argmax],0.3,0,1.0319499969482422
Neural-ECF[peaks],0.3,0,1.0319499969482422
MIDAST[KS],0.3,0,3.15091872215271
Neural-ECF[argmax],0.3,5,1.081268072128296
Neural-ECF[peaks],0.3,5,1.081268072128296
MIDAST[KS],0.3,0,3.2285609245300293
Neural-ECF[argmax],0.3,0,1.0676589012145996
Neural-ECF[peaks],0.3,0,1.0676589012145996
MIDAST[KS],0.3,0,3.1752192974090576
Neural-ECF[argmax],0.3,0,1.0879850387573242
Neural-ECF[peaks],0.3,0,1.0879850387573242
MIDAST[KS],0.3,10,3.294524908065796
Neural-ECF[argmax],0.3,0,1.1258471012115479
Neural-ECF[peaks],0.3,0,1.1258471012115479
MIDAST[KS],0.3,0,3.3071060180664062
Neural-ECF[argmax],0.3,0,1.105299949645996
Neural-ECF[peaks],0.3,0,1.105299949645996
MIDAST[KS],0.3,0,3.2307379245758057
Neural-ECF[argmax],0.3,0,1.0620310306549072
Neural-ECF[peaks],0.3,0,1.0620310306549072
MIDAST[KS],0.3,0,3.2101240158081055
Neural-ECF[argmax],0.3,0,1.081860065460205
Neural-ECF[peaks],0.3,0,1.081860065460205
MIDAST[KS],0.3,0,3.178429365158081
Neural-ECF[argmax],0.3,30,1.1115739345550537
Neural-ECF[peaks],0.3,30,1.1115739345550537
MIDAST[KS],0.3,0,3.1614420413970947
Neural-ECF[argmax],0.3,0,1.0813689231872559
Neural-ECF[peaks],0.3,0,1.0813689231872559
MIDAST[KS],0.3,0,3.184851884841919
Neural-ECF[argmax],0.3,0,1.1109490394592285
Neural-ECF[peaks],0.3,0,1.1109490394592285
MIDAST[KS],0.3,0,3.1268129348754883
Neural-ECF[argmax],0.3,0,1.0665197372436523
Neural-ECF[peaks],0.3,0,1.0665197372436523
MIDAST[KS],0.3,0,3.2441930770874023
Neural-ECF[argmax],0.3,10,1.087047815322876
Neural-ECF[peaks],0.3,10,1.087047815322876
MIDAST[KS],0.3,0,3.1601579189300537
Neural-ECF[argmax],0.3,0,1.0592048168182373
Neural-ECF[peaks],0.3,0,1.0592048168182373
MIDAST[KS],0.3,0,3.1710522174835205
Neural-ECF[argmax],0.3,0,1.1284453868865967
Neural-ECF[peaks],0.3,0,1.1284453868865967
MIDAST[KS],0.3,0,3.116004228591919
Neural-ECF[argmax],0.3,0,1.0890049934387207
Neural-ECF[peaks],0.3,0,1.0890049934387207
MIDAST[KS],0.3,0,3.193140983581543
Neural-ECF[argmax],0.3,0,1.0974242687225342
Neural-ECF[peaks],0.3,0,1.0974242687225342
MIDAST[KS],0.3,0,3.1829938888549805
Neural-ECF[argmax],0.3,5,1.0975251197814941
Neural-ECF[peaks],0.3,5,1.0975251197814941
MIDAST[KS],0.3,0,3.1521270275115967
Neural-ECF[argmax],0.3,0,1.080388069152832
Neural-ECF[peaks],0.3,0,1.080388069152832
MIDAST[KS],0.3,0,3.2866480350494385
Neural-ECF[argmax],0.3,0,1.10017991065979
Neural-ECF[peaks],0.3,0,1.10017991065979
MIDAST[KS],0.3,0,3.2089719772338867
Neural-ECF[argmax],0.3,5,1.0993108749389648
Neural-ECF[peaks],0.3,5,1.0993108749389648
MIDAST[KS],0.3,0,3.2213399410247803
Neural-ECF[argmax],0.3,0,1.0739080905914307
Neural-ECF[peaks],0.3,0,1.0739080905914307
MIDAST[KS],0.3,0,3.192643880844116
Neural-ECF[argmax],0.3,0,1.0656929016113281
Neural-ECF[peaks],0.3,0,1.0656929016113281
MIDAST[KS],0.3,0,3.1663687229156494
Neural-ECF[argmax],0.3,0,1.0846679210662842
Neural-ECF[peaks],0.3,0,1.0846679210662842
MIDAST[KS],0.3,0,3.1979260444641113
Neural-ECF[argmax],0.3,0,1.0672860145568848
Neural-ECF[peaks],0.3,0,1.0672860145568848
MIDAST[KS],0.3,0,3.254370927810669
Neural-ECF[argmax],0.3,0,1.0590152740478516
Neural-ECF[peaks],0.3,0,1.0590152740478516
MIDAST[KS],0.3,0,3.201641082763672
Neural-ECF[argmax],0.3,5,1.0992670059204102
Neural-ECF[peaks],0.3,5,1.0992670059204102
MIDAST[KS],0.3,0,3.15877103805542
Neural-ECF[argmax],0.3,0,1.0585920810699463
Neural-ECF[peaks],0.3,0,1.0585920810699463
MIDAST[KS],0.3,0,3.2014100551605225
Neural-ECF[argmax],0.3,0,1.045949935913086
Neural-ECF[peaks],0.3,0,1.045949935913086
MIDAST[KS],0.3,0,3.2029671669006348
Neural-ECF[argmax],0.3,5,1.0720939636230469
Neural-ECF[peaks],0.3,5,1.0720939636230469
MIDAST[KS],0.3,0,3.1115119457244873
Neural-ECF[argmax],0.3,0,1.1059582233428955
Neural-ECF[peaks],0.3,0,1.1059582233428955
MIDAST[KS],0.3,0,3.173434019088745
Neural-ECF[argmax],0.3,0,1.0801372528076172
Neural-ECF[peaks],0.3,0,1.0801372528076172
MIDAST[KS],0.3,0,3.157212972640991
Neural-ECF[argmax],0.3,0,1.0849220752716064
Neural-ECF[peaks],0.3,0,1.0849220752716064
MIDAST[KS],0.3,0,3.218839168548584
Neural-ECF[argmax],0.3,0,1.044844627380371
Neural-ECF[peaks],0.3,0,1.044844627380371
MIDAST[KS],0.3,0,3.1301889419555664
Neural-ECF[argmax],0.3,0,1.0571801662445068
Neural-ECF[peaks],0.3,0,1.0571801662445068
MIDAST[KS],0.3,0,3.160252094268799
Neural-ECF[argmax],0.3,0,1.0799221992492676
Neural-ECF[peaks],0.3,0,1.0799221992492676
MIDAST[KS],0.3,0,3.1714229583740234
Neural-ECF[argmax],0.3,0,1.0605599880218506
Neural-ECF[peaks],0.3,0,1.0605599880218506
MIDAST[KS],0.3,0,3.1544408798217773
Neural-ECF[argmax],0.3,0,1.066957950592041
Neural-ECF[peaks],0.3,0,1.066957950592041
MIDAST[KS],0.3,0,3.156121253967285
Neural-ECF[argmax],0.3,0,1.0671792030334473
Neural-ECF[peaks],0.3,0,1.0671792030334473
MIDAST[KS],0.3,0,3.125318765640259
Neural-ECF[argmax],0.3,5,1.0519530773162842
Neural-ECF[peaks],0.3,5,1.0519530773162842
MIDAST[KS],0.3,0,3.1458160877227783
Neural-ECF[argmax],0.3,0,1.078115701675415
Neural-ECF[peaks],0.3,0,1.078115701675415
MIDAST[KS],0.3,0,3.161369800567627
Neural-ECF[argmax],0.3,0,1.1033260822296143
Neural-ECF[peaks],0.3,0,1.1033260822296143
MIDAST[KS],0.3,0,3.1553831100463867
Neural-ECF[argmax],0.3,0,1.0449168682098389
Neural-ECF[peaks],0.3,0,1.0449168682098389
MIDAST[KS],0.3,0,3.172362804412842
Neural-ECF[argmax],0.3,0,1.0744318962097168
Neural-ECF[peaks],0.3,0,1.0744318962097168
MIDAST[KS],0.3,0,3.1653709411621094
Neural-ECF[argmax],0.3,0,1.0755560398101807
Neural-ECF[peaks],0.3,0,1.0755560398101807
MIDAST[KS],0.3,0,3.1625049114227295
Neural-ECF[argmax],0.3,0,1.0926260948181152
Neural-ECF[peaks],0.3,0,1.0926260948181152
MIDAST[KS],0.3,0,3.1538240909576416
Neural-ECF[argmax],0.3,0,1.0893816947937012
Neural-ECF[peaks],0.3,0,1.0893816947937012
MIDAST[KS],0.3,0,3.278059959411621
Neural-ECF[argmax],0.3,5,1.0688469409942627
Neural-ECF[peaks],0.3,5,1.0688469409942627
MIDAST[KS],0.3,0,3.1819868087768555
Neural-ECF[argmax],0.3,0,1.073160171508789
Neural-ECF[peaks],0.3,0,1.073160171508789
MIDAST[KS],0.3,0,3.1479361057281494
Neural-ECF[argmax],0.3,0,1.0577809810638428
Neural-ECF[peaks],0.3,0,1.0577809810638428
MIDAST[KS],0.3,0,3.1501128673553467
Neural-ECF[argmax],0.3,0,1.0907447338104248
Neural-ECF[peaks],0.3,0,1.0907447338104248
MIDAST[KS],0.3,0,3.1585731506347656
Neural-ECF[argmax],0.3,0,1.094954013824463
Neural-ECF[peaks],0.3,0,1.094954013824463
MIDAST[KS],0.3,0,3.149671792984009
Neural-ECF[argmax],0.3,0,1.044098138809204
Neural-ECF[peaks],0.3,0,1.044098138809204
MIDAST[KS],0.3,0,3.177643060684204
Neural-ECF[argmax],0.3,0,1.0895519256591797
Neural-ECF[peaks],0.3,0,1.0895519256591797
MIDAST[KS],0.3,0,3.1365859508514404
Neural-ECF[argmax],0.3,0,1.0997848510742188
Neural-ECF[peaks],0.3,0,1.0997848510742188
MIDAST[KS],0.3,0,3.1847150325775146
Neural-ECF[argmax],0.3,0,1.118088960647583
Neural-ECF[peaks],0.3,0,1.118088960647583
MIDAST[KS],0.3,0,3.2181150913238525
Neural-ECF[argmax],0.3,0,1.0581459999084473
Neural-ECF[peaks],0.3,0,1.0581459999084473
MIDAST[KS],0.3,0,3.1378748416900635
Neural-ECF[argmax],0.3,5,1.084017276763916
Neural-ECF[peaks],0.3,5,1.084017276763916
MIDAST[KS],0.3,0,3.1890480518341064
Neural-ECF[argmax],0.3,0,1.0696609020233154
Neural-ECF[peaks],0.3,0,1.0696609020233154
MIDAST[KS],0.3,0,3.2286767959594727
Neural-ECF[argmax],0.3,0,0.9944138526916504
Neural-ECF[peaks],0.3,0,0.9944138526916504
MIDAST[KS],0.3,0,3.220547914505005
Neural-ECF[argmax],0.3,0,1.042877197265625
Neural-ECF[peaks],0.3,0,1.042877197265625
MIDAST[KS],0.3,0,3.213183879852295
Neural-ECF[argmax],0.3,0,1.095883846282959
Neural-ECF[peaks],0.3,0,1.095883846282959
MIDAST[KS],0.3,0,3.1717140674591064
Neural-ECF[argmax],0.3,5,1.0504298210144043
Neural-ECF[peaks],0.3,5,1.0504298210144043
MIDAST[KS],0.3,0,3.206275224685669
Neural-ECF[argmax],0.3,0,1.0698261260986328
Neural-ECF[peaks],0.3,0,1.0698261260986328
MIDAST[KS],0.3,0,3.126335859298706
Neural-ECF[argmax],0.3,0,1.0586776733398438
Neural-ECF[peaks],0.3,0,1.0586776733398438
MIDAST[KS],0.3,0,3.1695969104766846
Neural-ECF[argmax],0.3,0,1.0784170627593994
Neural-ECF[peaks],0.3,0,1.0784170627593994
MIDAST[KS],0.3,0,3.163728952407837
Neural-ECF[argmax],0.3,0,1.1056971549987793
Neural-ECF[peaks],0.3,0,1.1056971549987793
MIDAST[KS],0.3,0,3.2975220680236816
Neural-ECF[argmax],0.3,0,1.0670521259307861
Neural-ECF[peaks],0.3,0,1.0670521259307861
MIDAST[KS],0.3,0,3.2157480716705322
Neural-ECF[argmax],0.3,0,1.0544250011444092
Neural-ECF[peaks],0.3,0,1.0544250011444092
MIDAST[KS],0.3,0,3.1900899410247803
Neural-ECF[argmax],0.3,0,1.079197883605957
Neural-ECF[peaks],0.3,0,1.079197883605957
MIDAST[KS],0.3,0,3.153573989868164
Neural-ECF[argmax],0.3,0,1.109544038772583
Neural-ECF[peaks],0.3,0,1.109544038772583
MIDAST[KS],0.3,0,3.1113429069519043
Neural-ECF[argmax],0.3,5,1.0514953136444092
Neural-ECF[peaks],0.3,5,1.0514953136444092
MIDAST[KS],0.3,0,3.0815160274505615
Neural-ECF[argmax],0.3,0,1.0596389770507812
Neural-ECF[peaks],0.3,0,1.0596389770507812
MIDAST[KS],0.3,0,3.189662218093872
Neural-ECF[argmax],0.3,5,1.1135191917419434
Neural-ECF[peaks],0.3,5,1.1135191917419434
MIDAST[KS],0.3,0,3.1665711402893066
Neural-ECF[argmax],0.3,20,1.050398826599121
Neural-ECF[peaks],0.3,20,1.050398826599121
MIDAST[KS],0.3,0,3.1759490966796875
Neural-ECF[argmax],0.3,0,1.1021387577056885
Neural-ECF[peaks],0.3,0,1.1021387577056885
MIDAST[KS],0.3,0,3.1178338527679443
Neural-ECF[argmax],0.3,0,1.0698819160461426
Neural-ECF[peaks],0.3,0,1.0698819160461426
MIDAST[KS],0.3,0,3.171041965484619
Neural-ECF[argmax],0.3,0,1.077359914779663
Neural-ECF[peaks],0.3,0,1.077359914779663
MIDAST[KS],0.3,0,3.0798330307006836
Neural-ECF[argmax],0.3,0,1.080293893814087
Neural-ECF[peaks],0.3,0,1.080293893814087
MIDAST[KS],0.3,0,3.305454969406128
Neural-ECF[argmax],0.3,0,1.1119370460510254
Neural-ECF[peaks],0.3,0,1.1119370460510254
MIDAST[KS],0.3,0,3.1595349311828613
Neural-ECF[argmax],0.3,0,1.067706823348999
Neural-ECF[peaks],0.3,0,1.067706823348999
MIDAST[KS],0.3,0,3.198106050491333
Neural-ECF[argmax],0.3,0,1.1097309589385986
Neural-ECF[peaks],0.3,0,1.1097309589385986
MIDAST[KS],0.3,0,3.185352087020874
Neural-ECF[argmax],0.3,0,1.0663421154022217
Neural-ECF[peaks],0.3,0,1.0663421154022217
MIDAST[KS],0.3,0,3.109466791152954
Neural-ECF[argmax],0.3,0,1.04573392868042
Neural-ECF[peaks],0.3,0,1.04573392868042
MIDAST[KS],0.3,0,3.1771860122680664
Neural-ECF[argmax],0.3,5,1.0963850021362305
Neural-ECF[peaks],0.3,5,1.0963850021362305
MIDAST[KS],0.3,0,3.1827468872070312
Neural-ECF[argmax],0.3,0,1.0732100009918213
Neural-ECF[peaks],0.3,0,1.0732100009918213
MIDAST[KS],0.3,0,3.113176107406616
Neural-ECF[argmax],0.3,5,1.071964979171753
Neural-ECF[peaks],0.3,5,1.071964979171753
MIDAST[KS],0.3,0,3.1603689193725586
Neural-ECF[argmax],0.3,5,1.0677781105041504
Neural-ECF[peaks],0.3,5,1.0677781105041504
MIDAST[KS],0.3,0,3.142195224761963
Neural-ECF[argmax],0.3,0,1.036438226699829
Neural-ECF[peaks],0.3,0,1.036438226699829
MIDAST[KS],0.3,0,3.1450419425964355
Neural-ECF[argmax],0.3,0,1.1633238792419434
Neural-ECF[peaks],0.3,0,1.1633238792419434
MIDAST[KS],0.3,0,3.1968798637390137
Neural-ECF[argmax],0.3,0,1.1210169792175293
Neural-ECF[peaks],0.3,0,1.1210169792175293
MIDAST[KS],0.3,0,3.15301513671875
Neural-ECF[argmax],0.3,0,1.082657814025879
Neural-ECF[peaks],0.3,0,1.082657814025879
MIDAST[KS],0.3,0,3.1730430126190186
Neural-ECF[argmax],0.3,0,1.0650250911712646
Neural-ECF[peaks],0.3,0,1.0650250911712646
MIDAST[KS],0.3,0,3.1674318313598633
Neural-ECF[argmax],0.3,0,1.038780927658081
Neural-ECF[peaks],0.3,0,1.038780927658081
MIDAST[KS],0.3,0,3.110758066177368
Neural-ECF[argmax],0.3,0,1.084834098815918
Neural-ECF[peaks],0.3,0,1.084834098815918
MIDAST[KS],0.3,0,3.2073798179626465
Neural-ECF[argmax],0.3,0,1.0273289680480957
Neural-ECF[peaks],0.3,0,1.0273289680480957
MIDAST[KS],0.3,0,3.3068559169769287
Neural-ECF[argmax],0.3,5,1.0603792667388916
Neural-ECF[peaks],0.3,5,1.0603792667388916
MIDAST[KS],0.3,0,3.1726090908050537
Neural-ECF[argmax],0.3,5,1.0711958408355713
Neural-ECF[peaks],0.3,5,1.0711958408355713
MIDAST[KS],0.3,0,3.119994878768921
Neural-ECF[argmax],0.3,0,1.0553979873657227
Neural-ECF[peaks],0.3,0,1.0553979873657227
MIDAST[KS],0.3,0,3.1818649768829346
Neural-ECF[argmax],0.3,0,1.0857977867126465
Neural-ECF[peaks],0.3,0,1.0857977867126465
MIDAST[KS],0.3,0,3.206083059310913
Neural-ECF[argmax],0.3,0,1.0885109901428223
Neural-ECF[peaks],0.3,0,1.0885109901428223
MIDAST[KS],0.3,0,3.1060822010040283
Neural-ECF[argmax],0.3,0,1.0761041641235352
Neural-ECF[peaks],0.3,0,1.0761041641235352
MIDAST[KS],0.3,0,3.1302289962768555
Neural-ECF[argmax],0.3,5,1.0775072574615479
Neural-ECF[peaks],0.3,5,1.0775072574615479
MIDAST[KS],0.3,0,3.201586961746216
Neural-ECF[argmax],0.3,5,1.1023387908935547
Neural-ECF[peaks],0.3,5,1.1023387908935547
MIDAST[KS],0.3,0,3.1661219596862793
Neural-ECF[argmax],0.3,0,1.082287073135376
Neural-ECF[peaks],0.3,0,1.082287073135376
MIDAST[KS],0.3,0,3.16304087638855
Neural-ECF[argmax],0.3,0,1.0892605781555176
Neural-ECF[peaks],0.3,0,1.0892605781555176
MIDAST[KS],0.3,0,3.2087948322296143
Neural-ECF[argmax],0.3,0,1.070396900177002
Neural-ECF[peaks],0.3,0,1.070396900177002
MIDAST[KS],0.3,0,3.1670730113983154
Neural-ECF[argmax],0.3,0,1.081897258758545
Neural-ECF[peaks],0.3,0,1.081897258758545
MIDAST[KS],0.3,0,3.155235767364502
Neural-ECF[argmax],0.3,0,1.0704352855682373
Neural-ECF[peaks],0.3,0,1.0704352855682373
MIDAST[KS],0.3,0,3.2159650325775146
Neural-ECF[argmax],0.3,0,1.0633230209350586
Neural-ECF[peaks],0.3,0,1.0633230209350586
MIDAST[KS],0.3,0,3.20042085647583
Neural-ECF[argmax],0.3,5,1.0741209983825684
Neural-ECF[peaks],0.3,5,1.0741209983825684
MIDAST[KS],0.3,0,3.222306728363037
Neural-ECF[argmax],0.3,0,1.1043322086334229
Neural-ECF[peaks],0.3,0,1.1043322086334229
MIDAST[KS],0.3,0,3.2083840370178223
Neural-ECF[argmax],0.3,0,1.0589981079101562
Neural-ECF[peaks],0.3,0,1.0589981079101562
MIDAST[KS],0.3,0,3.228698968887329
Neural-ECF[argmax],0.3,0,1.0667989253997803
Neural-ECF[peaks],0.3,0,1.0667989253997803
MIDAST[KS],0.3,0,3.2427196502685547
Neural-ECF[argmax],0.3,0,1.069732904434204
Neural-ECF[peaks],0.3,0,1.069732904434204
MIDAST[KS],0.3,0,3.191735029220581
Neural-ECF[argmax],0.3,10,1.0911800861358643
Neural-ECF[peaks],0.3,10,1.0911800861358643
MIDAST[KS],0.3,0,3.1823501586914062
Neural-ECF[argmax],0.3,0,1.0621659755706787
Neural-ECF[peaks],0.3,0,1.0621659755706787
MIDAST[KS],0.3,0,3.208331823348999
Neural-ECF[argmax],0.3,5,1.078084945678711
Neural-ECF[peaks],0.3,5,1.078084945678711
MIDAST[KS],0.3,0,3.284083127975464
Neural-ECF[argmax],0.3,0,1.1129100322723389
Neural-ECF[peaks],0.3,0,1.1129100322723389
MIDAST[KS],0.3,0,3.173459053039551
Neural-ECF[argmax],0.3,0,1.0857257843017578
Neural-ECF[peaks],0.3,0,1.0857257843017578
MIDAST[KS],0.3,0,3.149261951446533
Neural-ECF[argmax],0.3,0,1.0751299858093262
Neural-ECF[peaks],0.3,0,1.0751299858093262
MIDAST[KS],0.3,0,3.1363818645477295
Neural-ECF[argmax],0.3,0,1.0878441333770752
Neural-ECF[peaks],0.3,0,1.0878441333770752
MIDAST[KS],0.3,0,3.200859308242798
Neural-ECF[argmax],0.3,5,1.0776488780975342
Neural-ECF[peaks],0.3,5,1.0776488780975342
MIDAST[KS],0.3,0,3.202733039855957
Neural-ECF[argmax],0.3,0,1.074916124343872
Neural-ECF[peaks],0.3,0,1.074916124343872
MIDAST[KS],0.3,0,3.147723913192749
Neural-ECF[argmax],0.3,0,1.0769169330596924
Neural-ECF[peaks],0.3,0,1.0769169330596924
MIDAST[KS],0.3,0,3.1476662158966064
Neural-ECF[argmax],0.3,0,1.0771489143371582
Neural-ECF[peaks],0.3,0,1.0771489143371582
MIDAST[KS],0.3,0,3.203671932220459
Neural-ECF[argmax],0.3,0,1.093919038772583
Neural-ECF[peaks],0.3,0,1.093919038772583
MIDAST[KS],0.3,0,3.1926651000976562
Neural-ECF[argmax],0.3,0,1.1044049263000488
Neural-ECF[peaks],0.3,0,1.1044049263000488
MIDAST[KS],0.3,0,3.1100220680236816
Neural-ECF[argmax],0.3,0,1.0260040760040283
Neural-ECF[peaks],0.3,0,1.0260040760040283
MIDAST[KS],0.3,0,3.16229510307312
Neural-ECF[argmax],0.3,0,1.0370888710021973
Neural-ECF[peaks],0.3,0,1.0370888710021973
MIDAST[KS],0.3,0,3.1990127563476562
Neural-ECF[argmax],0.3,0,1.1028499603271484
Neural-ECF[peaks],0.3,0,1.1028499603271484
MIDAST[KS],0.3,0,3.1678307056427
Neural-ECF[argmax],0.3,0,1.0466978549957275
Neural-ECF[peaks],0.3,0,1.0466978549957275
MIDAST[KS],0.3,0,3.240333080291748
Neural-ECF[argmax],0.3,0,1.0766150951385498
Neural-ECF[peaks],0.3,0,1.0766150951385498
MIDAST[KS],0.3,0,3.162001848220825
Neural-ECF[argmax],0.3,0,1.1046042442321777
Neural-ECF[peaks],0.3,0,1.1046042442321777
MIDAST[KS],0.3,0,3.1078269481658936
Neural-ECF[argmax],0.3,0,1.0644121170043945
Neural-ECF[peaks],0.3,0,1.0644121170043945
MIDAST[KS],0.3,0,3.2337398529052734
Neural-ECF[argmax],0.3,0,1.0701382160186768
Neural-ECF[peaks],0.3,0,1.0701382160186768
MIDAST[KS],0.3,0,3.159541130065918
Neural-ECF[argmax],0.3,0,1.082261085510254
Neural-ECF[peaks],0.3,0,1.082261085510254
MIDAST[KS],0.3,0,3.162407875061035
Neural-ECF[argmax],0.3,0,1.0777018070220947
Neural-ECF[peaks],0.3,0,1.0777018070220947
MIDAST[KS],0.3,0,3.1392409801483154
Neural-ECF[argmax],0.3,0,1.0822081565856934
Neural-ECF[peaks],0.3,0,1.0822081565856934
MIDAST[KS],0.3,0,3.2035677433013916
Neural-ECF[argmax],0.3,0,1.104240894317627
Neural-ECF[peaks],0.3,0,1.104240894317627
MIDAST[KS],0.3,0,3.1890947818756104
Neural-ECF[argmax],0.3,0,1.1141321659088135
Neural-ECF[peaks],0.3,0,1.1141321659088135
MIDAST[KS],0.3,0,3.253192901611328
Neural-ECF[argmax],0.3,0,1.106476068496704
Neural-ECF[peaks],0.3,0,1.106476068496704
MIDAST[KS],0.3,0,3.4801058769226074
Neural-ECF[argmax],0.3,0,1.1297860145568848
Neural-ECF[peaks],0.3,0,1.1297860145568848
MIDAST[KS],0.3,0,3.1988258361816406
Neural-ECF[argmax],0.3,0,1.0801262855529785
Neural-ECF[peaks],0.3,0,1.0801262855529785
MIDAST[KS],0.3,0,3.223496198654175
Neural-ECF[argmax],0.3,0,1.0830271244049072
Neural-ECF[peaks],0.3,0,1.0830271244049072
MIDAST[KS],0.3,0,3.2456367015838623
Neural-ECF[argmax],0.3,0,1.044323205947876
Neural-ECF[peaks],0.3,0,1.044323205947876
MIDAST[KS],0.3,0,3.2223100662231445
Neural-ECF[argmax],0.3,0,1.0779027938842773
Neural-ECF[peaks],0.3,0,1.0779027938842773
MIDAST[KS],0.3,0,3.1471469402313232
Neural-ECF[argmax],0.3,0,1.0852570533752441
Neural-ECF[peaks],0.3,0,1.0852570533752441
MIDAST[KS],0.3,0,3.2230918407440186
Neural-ECF[argmax],0.3,15,1.0846798419952393
Neural-ECF[peaks],0.3,15,1.0846798419952393
MIDAST[KS],0.3,0,3.2112808227539062
Neural-ECF[argmax],0.3,0,1.0512738227844238
Neural-ECF[peaks],0.3,0,1.0512738227844238
MIDAST[KS],0.3,0,3.1504809856414795
Neural-ECF[argmax],0.3,0,1.0638420581817627
Neural-ECF[peaks],0.3,0,1.0638420581817627
MIDAST[KS],0.3,0,3.1714491844177246
Neural-ECF[argmax],0.3,0,1.0766541957855225
Neural-ECF[peaks],0.3,0,1.0766541957855225
MIDAST[KS],0.3,0,3.2119548320770264
Neural-ECF[argmax],0.3,0,1.0898070335388184
Neural-ECF[peaks],0.3,0,1.0898070335388184
MIDAST[KS],0.3,0,3.2381176948547363
Neural-ECF[argmax],0.3,0,1.0917787551879883
Neural-ECF[peaks],0.3,0,1.0917787551879883
MIDAST[KS],0.3,0,3.093156099319458
Neural-ECF[argmax],0.3,5,1.080726146697998
Neural-ECF[peaks],0.3,5,1.080726146697998
MIDAST[KS],0.3,0,3.1407699584960938
Neural-ECF[argmax],0.3,5,1.0641741752624512
Neural-ECF[peaks],0.3,5,1.0641741752624512
MIDAST[KS],0.3,0,3.2489359378814697
Neural-ECF[argmax],0.3,0,1.096083402633667
Neural-ECF[peaks],0.3,0,1.096083402633667
MIDAST[KS],0.3,0,3.208315134048462
Neural-ECF[argmax],0.3,0,1.0585777759552002
Neural-ECF[peaks],0.3,0,1.0585777759552002
MIDAST[KS],0.3,0,3.213148832321167
Neural-ECF[argmax],0.3,0,1.093458890914917
Neural-ECF[peaks],0.3,0,1.093458890914917
MIDAST[KS],0.3,0,3.172273874282837
Neural-ECF[argmax],0.3,0,1.0868217945098877
Neural-ECF[peaks],0.3,0,1.0868217945098877
MIDAST[KS],0.3,0,3.3046789169311523
Neural-ECF[argmax],0.3,0,1.09348464012146
Neural-ECF[peaks],0.3,0,1.09348464012146
MIDAST[KS],0.3,0,3.135344982147217
Neural-ECF[argmax],0.3,5,1.0461978912353516
Neural-ECF[peaks],0.3,5,1.0461978912353516
MIDAST[KS],0.3,0,3.1444332599639893
Neural-ECF[argmax],0.3,0,1.0816497802734375
Neural-ECF[peaks],0.3,0,1.0816497802734375
MIDAST[KS],0.3,0,3.2389519214630127
Neural-ECF[argmax],0.3,0,1.049976110458374
Neural-ECF[peaks],0.3,0,1.049976110458374
MIDAST[KS],0.3,0,3.1858432292938232
Neural-ECF[argmax],0.3,0,1.0453789234161377
Neural-ECF[peaks],0.3,0,1.0453789234161377
MIDAST[KS],0.3,0,3.1525681018829346
Neural-ECF[argmax],0.3,5,1.0762097835540771
Neural-ECF[peaks],0.3,5,1.0762097835540771
MIDAST[KS],0.3,0,3.1470541954040527
Neural-ECF[argmax],0.3,0,1.0717742443084717
Neural-ECF[peaks],0.3,0,1.0717742443084717
MIDAST[KS],0.3,0,3.071023941040039
Neural-ECF[argmax],0.3,5,1.080596923828125
Neural-ECF[peaks],0.3,5,1.080596923828125
MIDAST[KS],0.3,0,3.1991050243377686
Neural-ECF[argmax],0.3,0,1.0793919563293457
Neural-ECF[peaks],0.3,0,1.0793919563293457
MIDAST[KS],0.3,0,3.179802894592285
Neural-ECF[argmax],0.3,5,1.0887250900268555
Neural-ECF[peaks],0.3,5,1.0887250900268555
MIDAST[KS],0.3,0,3.1374893188476562
Neural-ECF[argmax],0.3,0,1.060035228729248
Neural-ECF[peaks],0.3,0,1.060035228729248
MIDAST[KS],0.3,0,3.2061498165130615
Neural-ECF[argmax],0.3,0,1.057528018951416
Neural-ECF[peaks],0.3,0,1.057528018951416
MIDAST[KS],0.3,0,3.1490209102630615
Neural-ECF[argmax],0.3,0,1.0588958263397217
Neural-ECF[peaks],0.3,0,1.0588958263397217
MIDAST[KS],0.3,0,3.137174606323242
Neural-ECF[argmax],0.3,0,1.0658061504364014
Neural-ECF[peaks],0.3,0,1.0658061504364014
MIDAST[KS],0.3,0,3.1969828605651855
Neural-ECF[argmax],0.3,0,1.0690100193023682
Neural-ECF[peaks],0.3,0,1.0690100193023682
MIDAST[KS],0.3,0,3.2069878578186035
Neural-ECF[argmax],0.3,0,1.0892159938812256
Neural-ECF[peaks],0.3,0,1.0892159938812256
MIDAST[KS],0.3,0,3.133943796157837
Neural-ECF[argmax],0.3,0,1.0591039657592773
Neural-ECF[peaks],0.3,0,1.0591039657592773
MIDAST[KS],0.3,0,3.1790690422058105
Neural-ECF[argmax],0.3,0,1.0809791088104248
Neural-ECF[peaks],0.3,0,1.0809791088104248
MIDAST[KS],0.3,0,3.1602730751037598
Neural-ECF[argmax],0.3,5,1.0638909339904785
Neural-ECF[peaks],0.3,5,1.0638909339904785
MIDAST[KS],0.3,0,3.197568893432617
Neural-ECF[argmax],0.3,5,1.0272302627563477
Neural-ECF[peaks],0.3,5,1.0272302627563477
MIDAST[KS],0.3,0,3.1549220085144043
Neural-ECF[argmax],0.3,0,1.0350708961486816
Neural-ECF[peaks],0.3,0,1.0350708961486816
MIDAST[KS],0.3,0,3.2070372104644775
Neural-ECF[argmax],0.3,0,1.0635957717895508
Neural-ECF[peaks],0.3,0,1.0635957717895508
MIDAST[KS],0.3,0,3.1569440364837646
Neural-ECF[argmax],0.3,0,1.0435011386871338
Neural-ECF[peaks],0.3,0,1.0435011386871338
MIDAST[KS],0.3,0,3.088625192642212
Neural-ECF[argmax],0.3,0,1.0654306411743164
Neural-ECF[peaks],0.3,0,1.0654306411743164
MIDAST[KS],0.3,0,3.1481573581695557
Neural-ECF[argmax],0.3,0,1.0742509365081787
Neural-ECF[peaks],0.3,0,1.0742509365081787
MIDAST[KS],0.3,0,3.0926148891448975
Neural-ECF[argmax],0.3,10,1.07489013671875
Neural-ECF[peaks],0.3,10,1.07489013671875
MIDAST[KS],0.3,0,3.067390203475952
Neural-ECF[argmax],0.3,0,1.0624110698699951
Neural-ECF[peaks],0.3,0,1.0624110698699951
MIDAST[KS],0.3,0,3.1057517528533936
Neural-ECF[argmax],0.3,5,1.0563971996307373
Neural-ECF[peaks],0.3,5,1.0563971996307373
MIDAST[KS],0.3,0,3.1841752529144287
Neural-ECF[argmax],0.3,0,1.0552499294281006
Neural-ECF[peaks],0.3,0,1.0552499294281006
MIDAST[KS],0.3,0,3.1527769565582275
Neural-ECF[argmax],0.3,0,1.0423319339752197
Neural-ECF[peaks],0.3,0,1.0423319339752197
MIDAST[KS],0.3,0,3.1622190475463867
Neural-ECF[argmax],0.3,0,1.0535249710083008
Neural-ECF[peaks],0.3,0,1.0535249710083008
MIDAST[KS],0.3,0,3.1034998893737793
Neural-ECF[argmax],0.3,5,1.0741770267486572
Neural-ECF[peaks],0.3,5,1.0741770267486572
MIDAST[KS],0.3,0,3.1241700649261475
Neural-ECF[argmax],0.3,0,1.0715408325195312
Neural-ECF[peaks],0.3,0,1.0715408325195312
MIDAST[KS],0.3,0,3.1577210426330566
Neural-ECF[argmax],0.3,0,1.0828289985656738
Neural-ECF[peaks],0.3,0,1.0828289985656738
MIDAST[KS],0.3,0,3.148514747619629
Neural-ECF[argmax],0.3,10,1.0720901489257812
Neural-ECF[peaks],0.3,10,1.0720901489257812
MIDAST[KS],0.3,0,3.19710373878479
Neural-ECF[argmax],0.3,0,1.056541919708252
Neural-ECF[peaks],0.3,0,1.056541919708252
MIDAST[KS],0.3,0,3.12227201461792
Neural-ECF[argmax],0.3,0,1.0541839599609375
Neural-ECF[peaks],0.3,0,1.0541839599609375
MIDAST[KS],0.3,0,3.1057331562042236
Neural-ECF[argmax],0.3,5,1.102567195892334
Neural-ECF[peaks],0.3,5,1.102567195892334
MIDAST[KS],0.3,0,3.1707239151000977
Neural-ECF[argmax],0.3,10,1.0689198970794678
Neural-ECF[peaks],0.3,10,1.0689198970794678
MIDAST[KS],0.3,0,3.18861722946167
Neural-ECF[argmax],0.3,0,1.058354139328003
Neural-ECF[peaks],0.3,0,1.058354139328003
MIDAST[KS],0.3,0,3.136775016784668
Neural-ECF[argmax],0.3,0,1.058434247970581
Neural-ECF[peaks],0.3,0,1.058434247970581
MIDAST[KS],0.3,0,3.1245949268341064
Neural-ECF[argmax],0.3,0,1.062960147857666
Neural-ECF[peaks],0.3,0,1.062960147857666
MIDAST[KS],0.3,0,3.1327590942382812
Neural-ECF[argmax],0.3,5,1.1149640083312988
Neural-ECF[peaks],0.3,5,1.1149640083312988
MIDAST[KS],0.3,0,3.167426824569702
Neural-ECF[argmax],0.3,0,1.0685608386993408
Neural-ECF[peaks],0.3,0,1.0685608386993408
MIDAST[KS],0.3,0,3.18560791015625
Neural-ECF[argmax],0.3,0,1.0580461025238037
Neural-ECF[peaks],0.3,0,1.0580461025238037
MIDAST[KS],0.3,0,3.175910234451294
Neural-ECF[argmax],0.3,0,1.1126410961151123
Neural-ECF[peaks],0.3,0,1.1126410961151123
MIDAST[KS],0.3,0,3.1399917602539062
Neural-ECF[argmax],0.3,0,1.1258327960968018
Neural-ECF[peaks],0.3,0,1.1258327960968018
MIDAST[KS],0.3,0,3.103847026824951
Neural-ECF[argmax],0.3,0,1.0738499164581299
Neural-ECF[peaks],0.3,0,1.0738499164581299
MIDAST[KS],0.3,0,3.225334644317627
Neural-ECF[argmax],0.3,0,1.0969891548156738
Neural-ECF[peaks],0.3,0,1.0969891548156738
MIDAST[KS],0.3,0,3.086789846420288
Neural-ECF[argmax],0.3,0,1.0740740299224854
Neural-ECF[peaks],0.3,0,1.0740740299224854
MIDAST[KS],0.3,0,3.1542458534240723
Neural-ECF[argmax],0.3,5,1.1017251014709473
Neural-ECF[peaks],0.3,5,1.1017251014709473
MIDAST[KS],0.3,0,3.213823080062866
Neural-ECF[argmax],0.3,0,1.1128168106079102
Neural-ECF[peaks],0.3,0,1.1128168106079102
MIDAST[KS],0.3,0,3.1543428897857666
Neural-ECF[argmax],0.3,5,1.106628179550171
Neural-ECF[peaks],0.3,5,1.106628179550171
MIDAST[KS],0.3,0,2.8436317443847656
Neural-ECF[argmax],0.3,0,0.9700319766998291
Neural-ECF[peaks],0.3,0,0.9700319766998291
MIDAST[KS],0.3,0,2.8762810230255127
Neural-ECF[argmax],0.3,0,0.9724318981170654
Neural-ECF[peaks],0.3,0,0.9724318981170654
MIDAST[KS],0.3,0,2.834800958633423
Neural-ECF[argmax],0.3,0,0.9466969966888428
Neural-ECF[peaks],0.3,0,0.9466969966888428
MIDAST[KS],0.3,0,2.8208718299865723
Neural-ECF[argmax],0.3,0,0.9815778732299805
Neural-ECF[peaks],0.3,0,0.9815778732299805
MIDAST[KS],0.3,0,2.897321939468384
Neural-ECF[argmax],0.3,5,0.9567379951477051
Neural-ECF[peaks],0.3,5,0.9567379951477051
MIDAST[KS],0.3,0,2.683353900909424
Neural-ECF[argmax],0.3,0,0.8700840473175049
Neural-ECF[peaks],0.3,0,0.8700840473175049
MIDAST[KS],0.3,0,2.5679001808166504
Neural-ECF[argmax],0.3,0,0.8446471691131592
Neural-ECF[peaks],0.3,0,0.8446471691131592
MIDAST[KS],0.3,0,2.6012282371520996
Neural-ECF[argmax],0.3,0,0.8610250949859619
Neural-ECF[peaks],0.3,0,0.8610250949859619
MIDAST[KS],0.3,0,2.542212724685669
Neural-ECF[argmax],0.3,0,0.857172966003418
Neural-ECF[peaks],0.3,0,0.857172966003418
MIDAST[KS],0.3,0,2.5720701217651367
Neural-ECF[argmax],0.3,0,0.8722751140594482
Neural-ECF[peaks],0.3,0,0.8722751140594482
MIDAST[KS],0.3,0,2.42991304397583
Neural-ECF[argmax],0.3,0,0.8483178615570068
Neural-ECF[peaks],0.3,0,0.8483178615570068
MIDAST[KS],0.3,0,2.4612650871276855
Neural-ECF[argmax],0.3,0,0.844184160232544
Neural-ECF[peaks],0.3,0,0.844184160232544
MIDAST[KS],0.3,0,2.3847110271453857
Neural-ECF[argmax],0.3,0,0.8086168766021729
Neural-ECF[peaks],0.3,0,0.8086168766021729
MIDAST[KS],0.3,0,2.320491075515747
Neural-ECF[argmax],0.3,0,0.8172671794891357
Neural-ECF[peaks],0.3,0,0.8172671794891357
MIDAST[KS],0.3,0,2.5781571865081787
Neural-ECF[argmax],0.3,0,0.81890869140625
Neural-ECF[peaks],0.3,0,0.81890869140625
MIDAST[KS],0.3,0,2.387836217880249
Neural-ECF[argmax],0.3,0,0.8312368392944336
Neural-ECF[peaks],0.3,0,0.8312368392944336
MIDAST[KS],0.3,0,2.182183027267456
Neural-ECF[argmax],0.3,0,0.7975571155548096
Neural-ECF[peaks],0.3,0,0.7975571155548096
MIDAST[KS],0.3,0,2.129657030105591
Neural-ECF[argmax],0.3,0,0.7795970439910889
Neural-ECF[peaks],0.3,0,0.7795970439910889
MIDAST[KS],0.3,0,2.113345146179199
Neural-ECF[argmax],0.3,5,0.76912522315979
Neural-ECF[peaks],0.3,5,0.76912522315979
MIDAST[KS],0.3,0,2.12539005279541
Neural-ECF[argmax],0.3,0,0.7747211456298828
Neural-ECF[peaks],0.3,0,0.7747211456298828
MIDAST[KS],0.3,0,2.069413900375366
Neural-ECF[argmax],0.3,0,0.7852170467376709
Neural-ECF[peaks],0.3,0,0.7852170467376709
MIDAST[KS],0.3,0,2.097476005554199
Neural-ECF[argmax],0.3,0,0.7860169410705566
Neural-ECF[peaks],0.3,0,0.7860169410705566
MIDAST[KS],0.3,0,2.169447183609009
Neural-ECF[argmax],0.3,10,0.8292319774627686
Neural-ECF[peaks],0.3,10,0.8292319774627686
MIDAST[KS],0.3,0,2.3737521171569824
Neural-ECF[argmax],0.3,5,0.7631189823150635
Neural-ECF[peaks],0.3,5,0.7631189823150635
MIDAST[KS],0.3,0,2.0975749492645264
Neural-ECF[argmax],0.3,5,0.8192179203033447
Neural-ECF[peaks],0.3,5,0.8192179203033447
MIDAST[KS],0.3,0,2.121828079223633
Neural-ECF[argmax],0.3,0,0.7684860229492188
Neural-ECF[peaks],0.3,0,0.7684860229492188
MIDAST[KS],0.3,0,2.074681282043457
Neural-ECF[argmax],0.3,0,0.7815229892730713
Neural-ECF[peaks],0.3,0,0.7815229892730713
MIDAST[KS],0.3,0,2.159599781036377
Neural-ECF[argmax],0.3,5,0.8144948482513428
Neural-ECF[peaks],0.3,5,0.8144948482513428
MIDAST[KS],0.3,0,2.1285550594329834
Neural-ECF[argmax],0.3,0,0.7879810333251953
Neural-ECF[peaks],0.3,0,0.7879810333251953
MIDAST[KS],0.3,0,2.107895612716675
Neural-ECF[argmax],0.3,0,0.7789168357849121
Neural-ECF[peaks],0.3,0,0.7789168357849121
MIDAST[KS],0.3,0,2.117501974105835
Neural-ECF[argmax],0.3,0,0.7745020389556885
Neural-ECF[peaks],0.3,0,0.7745020389556885
MIDAST[KS],0.3,0,2.114326000213623
Neural-ECF[argmax],0.3,0,0.7778680324554443
Neural-ECF[peaks],0.3,0,0.7778680324554443
MIDAST[KS],0.3,0,2.1116020679473877
Neural-ECF[argmax],0.3,0,0.766200065612793
Neural-ECF[peaks],0.3,0,0.766200065612793
MIDAST[KS],0.3,0,2.108671188354492
Neural-ECF[argmax],0.3,0,0.7754020690917969
Neural-ECF[peaks],0.3,0,0.7754020690917969
MIDAST[KS],0.3,0,2.1330838203430176
Neural-ECF[argmax],0.3,0,0.7674751281738281
Neural-ECF[peaks],0.3,0,0.7674751281738281
MIDAST[KS],0.3,0,2.1163129806518555
Neural-ECF[argmax],0.3,0,0.7681698799133301
Neural-ECF[peaks],0.3,0,0.7681698799133301
MIDAST[KS],0.3,0,2.142263174057007
Neural-ECF[argmax],0.3,5,0.768718957901001
Neural-ECF[peaks],0.3,5,0.768718957901001
MIDAST[KS],0.3,0,2.1396119594573975
Neural-ECF[argmax],0.3,0,0.769463062286377
Neural-ECF[peaks],0.3,0,0.769463062286377
MIDAST[KS],0.3,0,2.120168924331665
Neural-ECF[argmax],0.3,0,0.7882530689239502
Neural-ECF[peaks],0.3,0,0.7882530689239502
MIDAST[KS],0.3,0,2.1505279541015625
Neural-ECF[argmax],0.3,0,0.784019947052002
Neural-ECF[peaks],0.3,0,0.784019947052002
MIDAST[KS],0.3,0,2.105091094970703
Neural-ECF[argmax],0.3,5,0.7741796970367432
Neural-ECF[peaks],0.3,5,0.7741796970367432
MIDAST[KS],0.3,0,2.159273862838745
Neural-ECF[argmax],0.3,5,0.7824630737304688
Neural-ECF[peaks],0.3,5,0.7824630737304688
MIDAST[KS],0.3,0,2.128878116607666
Neural-ECF[argmax],0.3,0,0.7865002155303955
Neural-ECF[peaks],0.3,0,0.7865002155303955
MIDAST[KS],0.3,0,2.160322666168213
Neural-ECF[argmax],0.3,0,0.7935822010040283
Neural-ECF[peaks],0.3,0,0.7935822010040283
MIDAST[KS],0.3,0,2.1277828216552734
Neural-ECF[argmax],0.3,5,0.7882790565490723
Neural-ECF[peaks],0.3,5,0.7882790565490723
MIDAST[KS],0.3,0,2.1540098190307617
Neural-ECF[argmax],0.3,0,0.7951679229736328
Neural-ECF[peaks],0.3,0,0.7951679229736328
MIDAST[KS],0.3,0,2.1350741386413574
Neural-ECF[argmax],0.3,0,0.7656099796295166
Neural-ECF[peaks],0.3,0,0.7656099796295166
MIDAST[KS],0.3,0,2.119239091873169
Neural-ECF[argmax],0.3,0,0.7583868503570557
Neural-ECF[peaks],0.3,0,0.7583868503570557
MIDAST[KS],0.3,0,2.1676101684570312
Neural-ECF[argmax],0.3,0,0.7959377765655518
Neural-ECF[peaks],0.3,0,0.7959377765655518
MIDAST[KS],0.3,0,2.1179141998291016
Neural-ECF[argmax],0.3,5,0.7714371681213379
Neural-ECF[peaks],0.3,5,0.7714371681213379
MIDAST[KS],0.3,0,2.16603684425354
Neural-ECF[argmax],0.3,0,0.7778658866882324
Neural-ECF[peaks],0.3,0,0.7778658866882324
MIDAST[KS],0.3,0,2.139801263809204
Neural-ECF[argmax],0.3,0,0.8002278804779053
Neural-ECF[peaks],0.3,0,0.8002278804779053
MIDAST[KS],0.3,0,2.17142915725708
Neural-ECF[argmax],0.3,0,0.8263921737670898
Neural-ECF[peaks],0.3,0,0.8263921737670898
MIDAST[KS],0.3,0,2.131073236465454
Neural-ECF[argmax],0.3,0,0.766007661819458
Neural-ECF[peaks],0.3,0,0.766007661819458
MIDAST[KS],0.3,0,2.155395984649658
Neural-ECF[argmax],0.3,0,0.7839798927307129
Neural-ECF[peaks],0.3,0,0.7839798927307129
MIDAST[KS],0.3,0,2.1718058586120605
Neural-ECF[argmax],0.3,5,0.7723689079284668
Neural-ECF[peaks],0.3,5,0.7723689079284668
MIDAST[KS],0.3,0,2.128237247467041
Neural-ECF[argmax],0.3,0,0.7837069034576416
Neural-ECF[peaks],0.3,0,0.7837069034576416
MIDAST[KS],0.3,0,2.1539669036865234
Neural-ECF[argmax],0.3,0,0.7832157611846924
Neural-ECF[peaks],0.3,0,0.7832157611846924
MIDAST[KS],0.3,0,2.1135151386260986
Neural-ECF[argmax],0.3,0,0.7891359329223633
Neural-ECF[peaks],0.3,0,0.7891359329223633
MIDAST[KS],0.3,0,2.1285910606384277
Neural-ECF[argmax],0.3,0,0.7695720195770264
Neural-ECF[peaks],0.3,0,0.7695720195770264
MIDAST[KS],0.3,0,2.1223130226135254
Neural-ECF[argmax],0.3,0,0.7852768898010254
Neural-ECF[peaks],0.3,0,0.7852768898010254
MIDAST[KS],0.3,0,2.118159055709839
Neural-ECF[argmax],0.3,5,0.7543418407440186
Neural-ECF[peaks],0.3,5,0.7543418407440186
MIDAST[KS],0.3,0,2.1294307708740234
Neural-ECF[argmax],0.3,0,0.7664220333099365
Neural-ECF[peaks],0.3,0,0.7664220333099365
MIDAST[KS],0.3,0,2.1648318767547607
Neural-ECF[argmax],0.3,0,0.7751171588897705
Neural-ECF[peaks],0.3,0,0.7751171588897705
MIDAST[KS],0.3,0,2.142853021621704
Neural-ECF[argmax],0.3,5,0.7893249988555908
Neural-ECF[peaks],0.3,5,0.7893249988555908
MIDAST[KS],0.3,0,2.105064868927002
Neural-ECF[argmax],0.3,5,0.77618408203125
Neural-ECF[peaks],0.3,5,0.77618408203125
MIDAST[KS],0.3,0,2.154339075088501
Neural-ECF[argmax],0.3,0,0.772087812423706
Neural-ECF[peaks],0.3,0,0.772087812423706
MIDAST[KS],0.3,0,2.132472038269043
Neural-ECF[argmax],0.3,0,0.7765259742736816
Neural-ECF[peaks],0.3,0,0.7765259742736816
MIDAST[KS],0.3,0,2.115817070007324
Neural-ECF[argmax],0.3,0,0.7731938362121582
Neural-ECF[peaks],0.3,0,0.7731938362121582
MIDAST[KS],0.3,0,2.1374831199645996
Neural-ECF[argmax],0.3,5,0.777935266494751
Neural-ECF[peaks],0.3,5,0.777935266494751
MIDAST[KS],0.3,0,2.2044930458068848
Neural-ECF[argmax],0.3,5,0.8128888607025146
Neural-ECF[peaks],0.3,5,0.8128888607025146
MIDAST[KS],0.3,0,2.1280012130737305
Neural-ECF[argmax],0.3,0,0.7654221057891846
Neural-ECF[peaks],0.3,0,0.7654221057891846
MIDAST[KS],0.3,0,2.1804709434509277
Neural-ECF[argmax],0.3,0,0.780750036239624
Neural-ECF[peaks],0.3,0,0.780750036239624
MIDAST[KS],0.3,0,2.1008188724517822
Neural-ECF[argmax],0.3,0,0.7663280963897705
Neural-ECF[peaks],0.3,0,0.7663280963897705
MIDAST[KS],0.3,0,2.084425926208496
Neural-ECF[argmax],0.3,5,0.7629790306091309
Neural-ECF[peaks],0.3,5,0.7629790306091309
MIDAST[KS],0.3,0,2.0993921756744385
Neural-ECF[argmax],0.3,0,0.7665469646453857
Neural-ECF[peaks],0.3,0,0.7665469646453857
MIDAST[KS],0.3,0,2.15838885307312
Neural-ECF[argmax],0.3,0,0.7660651206970215
Neural-ECF[peaks],0.3,0,0.7660651206970215
MIDAST[KS],0.3,0,2.0749590396881104
Neural-ECF[argmax],0.3,10,0.7541232109069824
Neural-ECF[peaks],0.3,10,0.7541232109069824
MIDAST[KS],0.3,0,2.1196959018707275
Neural-ECF[argmax],0.3,0,0.7496800422668457
Neural-ECF[peaks],0.3,0,0.7496800422668457
MIDAST[KS],0.3,0,2.0718190670013428
Neural-ECF[argmax],0.3,5,0.7651572227478027
Neural-ECF[peaks],0.3,5,0.7651572227478027
MIDAST[KS],0.3,0,2.127938985824585
Neural-ECF[argmax],0.3,0,0.7449681758880615
Neural-ECF[peaks],0.3,0,0.7449681758880615
MIDAST[KS],0.3,0,2.0634989738464355
Neural-ECF[argmax],0.3,0,0.7570967674255371
Neural-ECF[peaks],0.3,0,0.7570967674255371
MIDAST[KS],0.3,0,2.0966131687164307
Neural-ECF[argmax],0.3,10,0.7674176692962646
Neural-ECF[peaks],0.3,10,0.7674176692962646
MIDAST[KS],0.3,0,2.0567150115966797
Neural-ECF[argmax],0.3,5,0.7424440383911133
Neural-ECF[peaks],0.3,5,0.7424440383911133
MIDAST[KS],0.3,0,2.1282248497009277
Neural-ECF[argmax],0.3,0,0.7971808910369873
Neural-ECF[peaks],0.3,0,0.7971808910369873
MIDAST[KS],0.3,0,2.122649669647217
Neural-ECF[argmax],0.3,0,0.7346079349517822
Neural-ECF[peaks],0.3,0,0.7346079349517822
MIDAST[KS],0.3,0,2.0912299156188965
Neural-ECF[argmax],0.3,15,0.7345857620239258
Neural-ECF[peaks],0.3,15,0.7345857620239258
MIDAST[KS],0.3,0,2.057823896408081
Neural-ECF[argmax],0.3,0,0.753917932510376
Neural-ECF[peaks],0.3,0,0.753917932510376
MIDAST[KS],0.3,0,2.0261950492858887
Neural-ECF[argmax],0.3,0,0.7478761672973633
Neural-ECF[peaks],0.3,0,0.7478761672973633
MIDAST[KS],0.3,0,2.0488791465759277
Neural-ECF[argmax],0.3,0,0.7649111747741699
Neural-ECF[peaks],0.3,0,0.7649111747741699
MIDAST[KS],0.3,0,2.0240142345428467
Neural-ECF[argmax],0.3,5,0.7601761817932129
Neural-ECF[peaks],0.3,5,0.7601761817932129
MIDAST[KS],0.3,0,2.1052141189575195
Neural-ECF[argmax],0.3,50,0.7378911972045898
Neural-ECF[peaks],0.3,50,0.7378911972045898
MIDAST[KS],0.3,0,2.0201849937438965
Neural-ECF[argmax],0.3,0,0.7289998531341553
Neural-ECF[peaks],0.3,0,0.7289998531341553
MIDAST[KS],0.3,0,2.0629591941833496
Neural-ECF[argmax],0.3,0,0.7675471305847168
Neural-ECF[peaks],0.3,0,0.7675471305847168
MIDAST[KS],0.3,0,2.1184327602386475
Neural-ECF[argmax],0.3,0,0.7636430263519287
Neural-ECF[peaks],0.3,0,0.7636430263519287
MIDAST[KS],0.3,0,2.0790538787841797
Neural-ECF[argmax],0.3,0,0.7651357650756836
Neural-ECF[peaks],0.3,0,0.7651357650756836
MIDAST[KS],0.3,0,2.1165599822998047
Neural-ECF[argmax],0.3,0,0.7663722038269043
Neural-ECF[peaks],0.3,0,0.7663722038269043
MIDAST[KS],0.3,0,2.1029200553894043
Neural-ECF[argmax],0.3,5,0.751957893371582
Neural-ECF[peaks],0.3,5,0.751957893371582
MIDAST[KS],0.3,0,2.0803120136260986
Neural-ECF[argmax],0.3,10,0.7639932632446289
Neural-ECF[peaks],0.3,10,0.7639932632446289
MIDAST[KS],0.3,0,2.1112000942230225
Neural-ECF[argmax],0.3,0,0.762810230255127
Neural-ECF[peaks],0.3,0,0.762810230255127
MIDAST[KS],0.3,0,2.1058011054992676
Neural-ECF[argmax],0.3,0,0.7631950378417969
Neural-ECF[peaks],0.3,0,0.7631950378417969
MIDAST[KS],0.3,0,2.0884320735931396
Neural-ECF[argmax],0.3,0,0.7629759311676025
Neural-ECF[peaks],0.3,0,0.7629759311676025
MIDAST[KS],0.3,0,2.11193585395813
Neural-ECF[argmax],0.3,0,0.7759256362915039
Neural-ECF[peaks],0.3,0,0.7759256362915039
MIDAST[KS],0.3,0,2.098621129989624
Neural-ECF[argmax],0.3,0,0.7810919284820557
Neural-ECF[peaks],0.3,0,0.7810919284820557
MIDAST[KS],0.3,0,2.0641002655029297
Neural-ECF[argmax],0.3,0,0.76509690284729
Neural-ECF[peaks],0.3,0,0.76509690284729
MIDAST[KS],0.3,0,2.0574698448181152
Neural-ECF[argmax],0.3,0,0.7605249881744385
Neural-ECF[peaks],0.3,0,0.7605249881744385
MIDAST[KS],0.3,0,2.1687381267547607
Neural-ECF[argmax],0.3,0,0.7657380104064941
Neural-ECF[peaks],0.3,0,0.7657380104064941
MIDAST[KS],0.3,0,2.148574113845825
Neural-ECF[argmax],0.3,0,0.7532310485839844
Neural-ECF[peaks],0.3,0,0.7532310485839844
MIDAST[KS],0.3,0,2.083632230758667
Neural-ECF[argmax],0.3,5,0.7663512229919434
Neural-ECF[peaks],0.3,5,0.7663512229919434
MIDAST[KS],0.3,0,2.114816904067993
Neural-ECF[argmax],0.3,0,0.7596480846405029
Neural-ECF[peaks],0.3,0,0.7596480846405029
MIDAST[KS],0.3,0,2.038283109664917
Neural-ECF[argmax],0.3,0,0.7531089782714844
Neural-ECF[peaks],0.3,0,0.7531089782714844
MIDAST[KS],0.3,0,2.060736894607544
Neural-ECF[argmax],0.3,0,0.7372770309448242
Neural-ECF[peaks],0.3,0,0.7372770309448242
MIDAST[KS],0.3,0,2.036505937576294
Neural-ECF[argmax],0.3,5,0.7599239349365234
Neural-ECF[peaks],0.3,5,0.7599239349365234
MIDAST[KS],0.3,0,2.417699098587036
Neural-ECF[argmax],0.3,0,0.8715877532958984
Neural-ECF[peaks],0.3,0,0.8715877532958984
MIDAST[KS],0.3,0,2.2034542560577393
Neural-ECF[argmax],0.3,5,0.7506029605865479
Neural-ECF[peaks],0.3,5,0.7506029605865479
MIDAST[KS],0.3,0,1.8215599060058594
Neural-ECF[argmax],0.3,0,0.7048239707946777
Neural-ECF[peaks],0.3,0,0.7048239707946777
MIDAST[KS],0.3,0,1.8521549701690674
Neural-ECF[argmax],0.3,0,0.6956539154052734
Neural-ECF[peaks],0.3,0,0.6956539154052734
MIDAST[KS],0.3,0,1.8208673000335693
Neural-ECF[argmax],0.3,0,0.6702432632446289
Neural-ECF[peaks],0.3,0,0.6702432632446289
MIDAST[KS],0.3,0,1.7534630298614502
Neural-ECF[argmax],0.3,5,0.6427111625671387
Neural-ECF[peaks],0.3,5,0.6427111625671387
MIDAST[KS],0.3,0,1.7247858047485352
Neural-ECF[argmax],0.3,0,0.6453361511230469
Neural-ECF[peaks],0.3,0,0.6453361511230469
MIDAST[KS],0.3,0,1.7524518966674805
Neural-ECF[argmax],0.3,0,0.6142890453338623
Neural-ECF[peaks],0.3,0,0.6142890453338623
MIDAST[KS],0.3,0,1.7192630767822266
Neural-ECF[argmax],0.3,0,0.6618819236755371
Neural-ECF[peaks],0.3,0,0.6618819236755371
MIDAST[KS],0.3,0,1.7051241397857666
Neural-ECF[argmax],0.3,0,0.6800391674041748
Neural-ECF[peaks],0.3,0,0.6800391674041748
MIDAST[KS],0.3,0,1.744385004043579
Neural-ECF[argmax],0.3,0,0.6648330688476562
Neural-ECF[peaks],0.3,0,0.6648330688476562
MIDAST[KS],0.3,0,1.6785011291503906
Neural-ECF[argmax],0.3,0,0.6467080116271973
Neural-ECF[peaks],0.3,0,0.6467080116271973
MIDAST[KS],0.3,0,1.6247479915618896
Neural-ECF[argmax],0.3,0,0.6520190238952637
Neural-ECF[peaks],0.3,0,0.6520190238952637
MIDAST[KS],0.3,0,1.6337270736694336
Neural-ECF[argmax],0.3,5,0.6111090183258057
Neural-ECF[peaks],0.3,5,0.6111090183258057
MIDAST[KS],0.3,0,1.4686169624328613
