Method,Time_s
Neural-ECF,0.38893823623657225
MIDAST[KS],0.36652431488037107
MIDAST[MMD],3.244964623451233
e-Divisive,0.3231045722961426
KCPA,0.3286470413208008
