Method,Time_s
Neural-ECF,0.4329369068145752
MIDAST[KS],5.027051115036011
MIDAST[MMD],3.8658895015716555
e-Divisive,0.3904350996017456
KCPA,0.3931708574295044
