Method,Time_s
Neural-ECF,0.3886286735534668
MIDAST[KS],0.36207332611083987
MIDAST[MMD],3.306683158874512
e-Divisive,0.32915048599243163
KCPA,0.30965940952301024
