Method,Time_s
Neural-ECF,0.4547220468521118
MIDAST[KS],4.738666462898254
MIDAST[MMD],3.6528735160827637
e-Divisive,0.3686927318572998
KCPA,0.38511359691619873
